area_code,area_name,region,latitude,longitude,aliases,within
5916,Car Nicobar,IN-AN,7.024826,93.799023,,India;Andaman And Nicobar Islands;Nicobars
5919,Diglipur,IN-AN,12.842528,92.870475,,India;Andaman And Nicobar Islands;North And Middle Andaman
5922,Ferrargunj,IN-AN,11.523693,92.648491,,India;Andaman And Nicobar Islands;South Andamans
5918,Great Nicobar,IN-AN,7.024826,93.799023,,India;Andaman And Nicobar Islands;Nicobars
5924,Little Andaman,IN-AN,11.523693,92.648491,,India;Andaman And Nicobar Islands;South Andamans
5920,Mayabunder,IN-AN,12.842528,92.870475,,India;Andaman And Nicobar Islands;North And Middle Andaman
5917,Nancowry,IN-AN,7.024826,93.799023,,India;Andaman And Nicobar Islands;Nicobars
603,Nicobars,IN-AN,7.024826,93.799023,,India;Andaman And Nicobar Islands
632,North And Middle Andaman,IN-AN,12.842528,92.870475,,India;Andaman And Nicobar Islands
5923,Port Blair,IN-AN,11.523693,92.648491,,India;Andaman And Nicobar Islands;South Andamans
5921,Rangat,IN-AN,12.842528,92.870475,,India;Andaman And Nicobar Islands;North And Middle Andaman
602,South Andamans,IN-AN,11.523693,92.648491,,India;Andaman And Nicobar Islands
4981,Achanta,IN-AP,16.931401,81.387360,,India;Andhra Pradesh;West Godavari
5112,Addanki,IN-AP,15.616202,79.515203,,India;Andhra Pradesh;Prakasam
4887,Addateegala,IN-AP,15.753511,79.962484,,India;Andhra Pradesh;Polavaram
5271,Adoni,IN-AP,15.535569,78.012995,,India;Andhra Pradesh;Kurnool
7563,Adoni-2,IN-AP,15.535569,78.012995,,India;Andhra Pradesh;Kurnool
5354,Agali,IN-AP,15.753511,79.962484,,India;Andhra Pradesh;Sri Sathya Sai
5005,Agiripalli,IN-AP,15.753511,79.962484,,India;Andhra Pradesh;Eluru
4933,Ainavilli,IN-AP,15.753511,79.962484,,India;Andhra Pradesh;Dr. B.R. Ambedkar Konaseema
4975,Akividu,IN-AP,16.931401,81.387360,,India;Andhra Pradesh;West Godavari
4925,Alamuru,IN-AP,15.753511,79.962484,,India;Andhra Pradesh;Dr. B.R. Ambedkar Konaseema
5298,Allagadda,IN-AP,15.753511,79.962484,,India;Andhra Pradesh;Nandyal
4940,Allavaram,IN-AP,15.753511,79.962484,,India;Andhra Pradesh;Dr. B.R. Ambedkar Konaseema
5167,Allur,IN-AP,14.418363,79.738935,,India;Andhra Pradesh;Sri Potti Sriramulu Nellore
745,Alluri Sitharama Raju,IN-AP,15.753511,79.962484,,India;Andhra Pradesh
5274,Alur,IN-AP,15.535569,78.012995,,India;Andhra Pradesh;Kurnool
5361,Amadagur,IN-AP,15.753511,79.962484,,India;Andhra Pradesh;Sri Sathya Sai
4798,Amadalavalasa,IN-AP,18.597701,84.022731,,India;Andhra Pradesh;Srikakulam
4941,Amalapuram,IN-AP,15.753511,79.962484,,India;Andhra Pradesh;Dr. B.R. Ambedkar Konaseema
5351,Amarapuram,IN-AP,15.753511,79.962484,,India;Andhra Pradesh;Sri Sathya Sai
5052,Amaravathi,IN-AP,15.753511,79.962484,,India;Andhra Pradesh;Palnadu
5086,Amarthalur,IN-AP,15.753511,79.962484,,India;Andhra Pradesh;Bapatla
4935,Ambajipeta,IN-AP,15.753511,79.962484,,India;Andhra Pradesh;Dr. B.R. Ambedkar Konaseema
744,Anakapalli,IN-AP,15.753511,79.962484,,India;Andhra Pradesh
4871,Anakapalli,IN-AP,15.753511,79.962484,,India;Andhra Pradesh;Anakapalli
4863,Anandapuram,IN-AP,17.893416,82.693925,,India;Andhra Pradesh;Visakhapatnam
5330,Anantapur Rural,IN-AP,14.493043,77.566974,,India;Andhra Pradesh;Ananthapuramu
7426,Anantapur Urban,IN-AP,14.493043,77.566974,,India;Andhra Pradesh;Ananthapuramu
4845,Ananthagiri,IN-AP,15.753511,79.962484,,India;Andhra Pradesh;Alluri Sitharama Raju
502,Ananthapuramu,IN-AP,14.493043,77.566974,,India;Andhra Pradesh
5173,Ananthasagaram,IN-AP,14.418363,79.738935,,India;Andhra Pradesh;Sri Potti Sriramulu Nellore
4917,Anaparthi,IN-AP,17.272008,81.893276,,India;Andhra Pradesh;East Godavari
753,Annamayya,IN-AP,15.753511,79.962484,,India;Andhra Pradesh
5165,Anumasamudrampeta,IN-AP,14.418363,79.738935,,India;Andhra Pradesh;Sri Potti Sriramulu Nellore
4844,Araku Valley,IN-AP,15.753511,79.962484,,India;Andhra Pradesh;Alluri Sitharama Raju
5116,Ardhaveedu,IN-AP,15.753511,79.962484,,India;Andhra Pradesh;Markapuram
5275,Aspari,IN-AP,15.535569,78.012995,,India;Andhra Pradesh;Kurnool
5050,Atchampet,IN-AP,15.753511,79.962484,,India;Andhra Pradesh;Palnadu
4878,Atchuthapuram,IN-AP,15.753511,79.962484,,India;Andhra Pradesh;Anakapalli
4998,Atlapragada Konduru,IN-AP,15.753511,79.962484,,India;Andhra Pradesh;Ntr
5227,Atlur,IN-AP,14.463753,78.780374,,India;Andhra Pradesh;Y.S.R. Kadapa
5322,Atmakur,IN-AP,14.493043,77.566974,,India;Andhra Pradesh;Ananthapuramu
5164,Atmakur,IN-AP,14.418363,79.738935,,India;Andhra Pradesh;Sri Potti Sriramulu Nellore
5265,Atmakur,IN-AP,15.753511,79.962484,,India;Andhra Pradesh;Nandyal
4919,Atreyapuram,IN-AP,15.753511,79.962484,,India;Andhra Pradesh;Dr. B.R. Ambedkar Konaseema
4973,Attili,IN-AP,16.931401,81.387360,,India;Andhra Pradesh;West Godavari
5037,Avanigadda,IN-AP,16.555707,80.797994,,India;Andhra Pradesh;Krishna
5209,B.Kodur,IN-AP,14.463753,78.780374,,India;Andhra Pradesh;Y.S.R. Kadapa
4820,Badangi,IN-AP,18.472878,83.385198,,India;Andhra Pradesh;Vizianagaram
5210,Badvel,IN-AP,14.463753,78.780374,,India;Andhra Pradesh;Y.S.R. Kadapa
5423,Baireddipalle,IN-AP,13.464938,79.005997,,India;Andhra Pradesh;Chittoor
5188,Balayapalli,IN-AP,15.753511,79.962484,,India;Andhra Pradesh;Tirupati
4815,Balijipeta,IN-AP,15.753511,79.962484,,India;Andhra Pradesh;Parvathipuram Manyam
5105,Ballikurava,IN-AP,15.616202,79.515203,,India;Andhra Pradesh;Prakasam
5288,Banaganapalli,IN-AP,15.753511,79.962484,,India;Andhra Pradesh;Nandyal
5283,Bandi Atmakur,IN-AP,15.753511,79.962484,,India;Andhra Pradesh;Nandyal
5429,Bangarupalem,IN-AP,13.464938,79.005997,,India;Andhra Pradesh;Chittoor
5019,Bantumilli,IN-AP,16.555707,80.797994,,India;Andhra Pradesh;Krishna
750,Bapatla,IN-AP,15.753511,79.962484,,India;Andhra Pradesh
5093,Bapatla,IN-AP,15.753511,79.962484,,India;Andhra Pradesh;Bapatla
5004,Bapulapadu,IN-AP,16.555707,80.797994,,India;Andhra Pradesh;Krishna
5337,Bathalapalli,IN-AP,15.753511,79.962484,,India;Andhra Pradesh;Sri Sathya Sai
5391,Beerongi Kothakota,IN-AP,15.753511,79.962484,,India;Andhra Pradesh;Annamayya
5049,Bellamkonda,IN-AP,15.753511,79.962484,,India;Andhra Pradesh;Palnadu
5318,Beluguppa,IN-AP,14.493043,77.566974,,India;Andhra Pradesh;Ananthapuramu
5131,Bestavaripeta,IN-AP,15.753511,79.962484,,India;Andhra Pradesh;Markapuram
5279,Bethamcherla,IN-AP,15.753511,79.962484,,India;Andhra Pradesh;Nandyal
4771,Bhamini,IN-AP,15.753511,79.962484,,India;Andhra Pradesh;Parvathipuram Manyam
5089,Bhattiprolu,IN-AP,15.753511,79.962484,,India;Andhra Pradesh;Bapatla
4963,Bheemadole,IN-AP,15.753511,79.962484,,India;Andhra Pradesh;Eluru
4865,Bheemunipatnam,IN-AP,17.893416,82.693925,,India;Andhra Pradesh;Visakhapatnam
4984,Bhimavaram,IN-AP,16.931401,81.387360,,India;Andhra Pradesh;West Godavari
4840,Bhogapuram,IN-AP,18.472878,83.385198,,India;Andhra Pradesh;Vizianagaram
4916,Biccavolu,IN-AP,17.272008,81.893276,,India;Andhra Pradesh;East Godavari
4816,Bobbili,IN-AP,18.472878,83.385198,,India;Andhra Pradesh;Vizianagaram
5159,Bogole,IN-AP,14.418363,79.738935,,India;Andhra Pradesh;Sri Potti Sriramulu Nellore
5061,Bollapalli,IN-AP,15.753511,79.962484,,India;Andhra Pradesh;Palnadu
5307,Bommanahal,IN-AP,14.493043,77.566974,,India;Andhra Pradesh;Ananthapuramu
4829,Bondapalli,IN-AP,18.472878,83.385198,,India;Andhra Pradesh;Vizianagaram
5205,Brahmamgarimattam,IN-AP,14.463753,78.780374,,India;Andhra Pradesh;Y.S.R. Kadapa
5320,Brahmasamudram,IN-AP,14.493043,77.566974,,India;Andhra Pradesh;Ananthapuramu
5380,Buchinaidu Kandriga,IN-AP,15.753511,79.962484,,India;Andhra Pradesh;Tirupati
5170,Buchireddipalem,IN-AP,14.418363,79.738935,,India;Andhra Pradesh;Sri Potti Sriramulu Nellore
5345,Bukkapatnam,IN-AP,15.753511,79.962484,,India;Andhra Pradesh;Sri Sathya Sai
5329,Bukkaraya Samudram,IN-AP,14.493043,77.566974,,India;Andhra Pradesh;Ananthapuramu
4794,Burja,IN-AP,18.597701,84.022731,,India;Andhra Pradesh;Srikakulam
4873,Butchayyapeta,IN-AP,15.753511,79.962484,,India;Andhra Pradesh;Anakapalli
4948,Buttayagudem,IN-AP,15.753511,79.962484,,India;Andhra Pradesh;Eluru
5256,C.Belagal,IN-AP,15.535569,78.012995,,India;Andhra Pradesh;Kurnool
5303,Chagalamarri,IN-AP,15.753511,79.962484,,India;Andhra Pradesh;Nandyal
4959,Chagallu,IN-AP,17.272008,81.893276,,India;Andhra Pradesh;East Godavari
5234,Chakrayapet,IN-AP,14.463753,78.780374,,India;Andhra Pradesh;Y.S.R. Kadapa
5035,Challapalli,IN-AP,16.555707,80.797994,,India;Andhra Pradesh;Krishna
5008,Chandarlapadu,IN-AP,15.753511,79.962484,,India;Andhra Pradesh;Ntr
5145,Chandra Sekhara Puram,IN-AP,15.753511,79.962484,,India;Andhra Pradesh;Markapuram
5384,Chandragiri,IN-AP,15.753511,79.962484,,India;Andhra Pradesh;Tirupati
5213,Chapad,IN-AP,14.463753,78.780374,,India;Andhra Pradesh;Y.S.R. Kadapa
5001,Chatrai,IN-AP,15.753511,79.962484,,India;Andhra Pradesh;Eluru
5079,Chebrolu,IN-AP,16.293106,80.078833,,India;Andhra Pradesh;Guntur
4858,Cheedikada,IN-AP,15.753511,79.962484,,India;Andhra Pradesh;Anakapalli
4827,Cheepurupalli,IN-AP,18.472878,83.385198,,India;Andhra Pradesh;Vizianagaram
5172,Chejerla,IN-AP,14.418363,79.738935,,India;Andhra Pradesh;Sri Potti Sriramulu Nellore
5347,Chennekothapalli,IN-AP,15.753511,79.962484,,India;Andhra Pradesh;Sri Sathya Sai
5226,Chennur,IN-AP,14.463753,78.780374,,India;Andhra Pradesh;Y.S.R. Kadapa
5090,Cherukupalli,IN-AP,15.753511,79.962484,,India;Andhra Pradesh;Bapatla
5070,Chilakaluripet H/O.Purushotha Patnam,IN-AP,15.753511,79.962484,,India;Andhra Pradesh;Palnadu
5366,Chilamathur,IN-AP,15.753511,79.962484,,India;Andhra Pradesh;Sri Sathya Sai
5190,Chillakur,IN-AP,14.418363,79.738935,,India;Andhra Pradesh;Sri Potti Sriramulu Nellore
5128,Chimakurthy,IN-AP,15.616202,79.515203,,India;Andhra Pradesh;Prakasam
5125,Chinaganjam,IN-AP,15.753511,79.962484,,India;Andhra Pradesh;Bapatla
5385,Chinnagottigallu,IN-AP,15.753511,79.962484,,India;Andhra Pradesh;Tirupati
5236,Chinnamandem,IN-AP,15.753511,79.962484,,India;Andhra Pradesh;Annamayya
4944,Chintalapudi,IN-AP,15.753511,79.962484,,India;Andhra Pradesh;Eluru
5231,Chinthakommadinne,IN-AP,14.463753,78.780374,,India;Andhra Pradesh;Y.S.R. Kadapa
4849,Chinthapalli,IN-AP,15.753511,79.962484,,India;Andhra Pradesh;Alluri Sitharama Raju
4732,Chinturu,IN-AP,15.753511,79.962484,,India;Andhra Pradesh;Polavaram
5291,Chippagiri,IN-AP,15.535569,78.012995,,India;Andhra Pradesh;Kurnool
5123,Chirala,IN-AP,15.753511,79.962484,,India;Andhra Pradesh;Bapatla
5193,Chittamur,IN-AP,15.753511,79.962484,,India;Andhra Pradesh;Tirupati
503,Chittoor,IN-AP,13.464938,79.005997,,India;Andhra Pradesh
5421,Chittoor Rural,IN-AP,13.464938,79.005997,,India;Andhra Pradesh;Chittoor
7427,Chittoor Urban,IN-AP,13.464938,79.005997,,India;Andhra Pradesh;Chittoor
5245,Chitvel,IN-AP,15.753511,79.962484,,India;Andhra Pradesh;Tirupati
4872,Chodavaram,IN-AP,15.753511,79.962484,,India;Andhra Pradesh;Anakapalli
5413,Chowdepalle,IN-AP,15.753511,79.962484,,India;Andhra Pradesh;Annamayya
5117,Cumbum,IN-AP,15.753511,79.962484,,India;Andhra Pradesh;Markapuram
5304,D.Hirehal,IN-AP,14.493043,77.566974,,India;Andhra Pradesh;Ananthapuramu
5045,Dachepalli,IN-AP,15.753511,79.962484,,India;Andhra Pradesh;Palnadu
5166,Dagadarthi,IN-AP,14.418363,79.738935,,India;Andhra Pradesh;Sri Potti Sriramulu Nellore
5186,Dakkili,IN-AP,15.753511,79.962484,,India;Andhra Pradesh;Tirupati
5114,Darsi,IN-AP,15.616202,79.515203,,India;Andhra Pradesh;Prakasam
4823,Dattirajeru,IN-AP,18.472878,83.385198,,India;Andhra Pradesh;Vizianagaram
4967,Denduluru,IN-AP,15.753511,79.962484,,India;Andhra Pradesh;Eluru
4839,Denkada,IN-AP,18.472878,83.385198,,India;Andhra Pradesh;Vizianagaram
5276,Devanakonda,IN-AP,15.535569,78.012995,,India;Andhra Pradesh;Kurnool
4957,Devarapalle,IN-AP,17.272008,81.893276,,India;Andhra Pradesh;East Godavari
4859,Devarapalli,IN-AP,15.753511,79.962484,,India;Andhra Pradesh;Anakapalli
4885,Devipatnam,IN-AP,15.753511,79.962484,,India;Andhra Pradesh;Polavaram
5336,Dharmavaram,IN-AP,15.753511,79.962484,,India;Andhra Pradesh;Sri Sathya Sai
5289,Dhone,IN-AP,15.753511,79.962484,,India;Andhra Pradesh;Nandyal
5102,Donakonda,IN-AP,15.616202,79.515203,,India;Andhra Pradesh;Prakasam
5196,Doravarisatram,IN-AP,15.753511,79.962484,,India;Andhra Pradesh;Tirupati
5100,Dornala,IN-AP,15.753511,79.962484,,India;Andhra Pradesh;Markapuram
5299,Dornipadu,IN-AP,15.753511,79.962484,,India;Andhra Pradesh;Nandyal
747,Dr. B.R. Ambedkar Konaseema,IN-AP,15.753511,79.962484,,India;Andhra Pradesh
5076,Duggirala,IN-AP,16.293106,80.078833,,India;Andhra Pradesh;Guntur
4843,Dumbriguda,IN-AP,15.753511,79.962484,,India;Andhra Pradesh;Alluri Sitharama Raju
5042,Durgi,IN-AP,15.753511,79.962484,,India;Andhra Pradesh;Palnadu
5162,Duttalur,IN-AP,14.418363,79.738935,,India;Andhra Pradesh;Sri Potti Sriramulu Nellore
5203,Duvvur,IN-AP,14.463753,78.780374,,India;Andhra Pradesh;Y.S.R. Kadapa
4955,Dwarakatirumala,IN-AP,15.753511,79.962484,,India;Andhra Pradesh;Eluru
505,East Godavari,IN-AP,17.272008,81.893276,,India;Andhra Pradesh
5071,Edlapadu,IN-AP,15.753511,79.962484,,India;Andhra Pradesh;Palnadu
748,Eluru,IN-AP,15.753511,79.962484,,India;Andhra Pradesh
4966,Eluru Rural,IN-AP,15.753511,79.962484,,India;Andhra Pradesh;Eluru
7428,Eluru Urban,IN-AP,15.753511,79.962484,,India;Andhra Pradesh;Eluru
4806,Etcherla,IN-AP,18.597701,84.022731,,India;Andhra Pradesh;Srikakulam
4848,G.Madugula,IN-AP,15.753511,79.962484,,India;Andhra Pradesh;Alluri Sitharama Raju
5006,Gaddamanugu Konduru,IN-AP,15.753511,79.962484,,India;Andhra Pradesh;Ntr
5281,Gadivemula,IN-AP,15.753511,79.962484,,India;Andhra Pradesh;Nandyal
4825,Gajapathinagaram,IN-AP,18.472878,83.385198,,India;Andhra Pradesh;Vizianagaram
4869,Gajuwaka,IN-AP,17.893416,82.693925,,India;Andhra Pradesh;Visakhapatnam
5235,Galiveedu,IN-AP,15.753511,79.962484,,India;Andhra Pradesh;Annamayya
4996,Gampalagudem,IN-AP,15.753511,79.962484,,India;Andhra Pradesh;Ntr
4974,Ganapavaram,IN-AP,16.931401,81.387360,,India;Andhra Pradesh;West Godavari
4904,Gandepalli,IN-AP,15.753511,79.962484,,India;Andhra Pradesh;Kakinada
5342,Gandlapenta,IN-AP,15.753511,79.962484,,India;Andhra Pradesh;Sri Sathya Sai
5420,Gangadhara Nellore,IN-AP,13.464938,79.005997,,India;Andhra Pradesh;Chittoor
5417,Gangavaram,IN-AP,13.464938,79.005997,,India;Andhra Pradesh;Chittoor
4894,Gangavaram,IN-AP,15.753511,79.962484,,India;Andhra Pradesh;Polavaram
4797,Ganguvarisigadam,IN-AP,18.597701,84.022731,,India;Andhra Pradesh;Srikakulam
5012,Gannavaram,IN-AP,16.555707,80.797994,,India;Andhra Pradesh;Krishna
4830,Gantyada,IN-AP,18.472878,83.385198,,India;Andhra Pradesh;Vizianagaram
4801,Gara,IN-AP,18.597701,84.022731,,India;Andhra Pradesh;Srikakulam
4826,Garividi,IN-AP,18.472878,83.385198,,India;Andhra Pradesh;Vizianagaram
5324,Garladinne,IN-AP,14.493043,77.566974,,India;Andhra Pradesh;Ananthapuramu
4811,Garugubilli,IN-AP,15.753511,79.962484,,India;Andhra Pradesh;Parvathipuram Manyam
5033,Ghantasala,IN-AP,16.555707,80.797994,,India;Andhra Pradesh;Krishna
5133,Giddalur,IN-AP,15.753511,79.962484,,India;Andhra Pradesh;Markapuram
4897,Gokavaram,IN-AP,17.272008,81.893276,,India;Andhra Pradesh;East Godavari
4902,Gollaprolu,IN-AP,15.753511,79.962484,,India;Andhra Pradesh;Kakinada
4853,Golugonda,IN-AP,15.753511,79.962484,,India;Andhra Pradesh;Anakapalli
5270,Gonegandla,IN-AP,15.535569,78.012995,,India;Andhra Pradesh;Kurnool
5310,Gooty,IN-AP,14.493043,77.566974,,India;Andhra Pradesh;Ananthapuramu
6838,Gopalapatnam,IN-AP,17.893416,82.693925,,India;Andhra Pradesh;Visakhapatnam
4951,Gopalapuram,IN-AP,17.272008,81.893276,,India;Andhra Pradesh;East Godavari
5211,Gopavaram,IN-AP,14.463753,78.780374,,India;Andhra Pradesh;Y.S.R. Kadapa
5362,Gorantla,IN-AP,15.753511,79.962484,,India;Andhra Pradesh;Sri Sathya Sai
5287,Gospadu,IN-AP,15.753511,79.962484,,India;Andhra Pradesh;Nandyal
4850,Gudem Kotha Veedhi,IN-AP,15.753511,79.962484,,India;Andhra Pradesh;Alluri Sitharama Raju
5352,Gudibanda,IN-AP,15.753511,79.962484,,India;Andhra Pradesh;Sri Sathya Sai
5431,Gudipala,IN-AP,13.464938,79.005997,,India;Andhra Pradesh;Chittoor
5021,Gudivada,IN-AP,16.555707,80.797994,,India;Andhra Pradesh;Krishna
5029,Gudlavalleru,IN-AP,16.555707,80.797994,,India;Andhra Pradesh;Krishna
5151,Gudluru,IN-AP,15.616202,79.515203,,India;Andhra Pradesh;Prakasam
5426,Gudupalle,IN-AP,13.464938,79.005997,,India;Andhra Pradesh;Chittoor
5184,Gudur,IN-AP,14.418363,79.738935,,India;Andhra Pradesh;Sri Potti Sriramulu Nellore
5257,Gudur,IN-AP,15.535569,78.012995,,India;Andhra Pradesh;Kurnool
5031,Guduru,IN-AP,16.555707,80.797994,,India;Andhra Pradesh;Krishna
5319,Gummagatta,IN-AP,14.493043,77.566974,,India;Andhra Pradesh;Ananthapuramu
4808,Gummalakshmipuram,IN-AP,15.753511,79.962484,,India;Andhra Pradesh;Parvathipuram Manyam
5309,Guntakal,IN-AP,14.493043,77.566974,,India;Andhra Pradesh;Ananthapuramu
506,Guntur,IN-AP,16.293106,80.078833,,India;Andhra Pradesh
6833,Guntur East,IN-AP,16.293106,80.078833,,India;Andhra Pradesh;Guntur
5074,Guntur West,IN-AP,16.293106,80.078833,,India;Andhra Pradesh;Guntur
5044,Gurajala,IN-AP,15.753511,79.962484,,India;Andhra Pradesh;Palnadu
4828,Gurla,IN-AP,18.472878,83.385198,,India;Andhra Pradesh;Vizianagaram
5370,Gurramkonda,IN-AP,15.753511,79.962484,,India;Andhra Pradesh;Annamayya
7562,Gurthedu,IN-AP,15.753511,79.962484,,India;Andhra Pradesh;Polavaram
5273,Halaharvi,IN-AP,15.535569,78.012995,,India;Andhra Pradesh;Kurnool
5130,Hanumanthuni Padu,IN-AP,15.753511,79.962484,,India;Andhra Pradesh;Markapuram
5364,Hindupur,IN-AP,15.753511,79.962484,,India;Andhra Pradesh;Sri Sathya Sai
4783,Hiramandalam,IN-AP,18.597701,84.022731,,India;Andhra Pradesh;Srikakulam
5272,Holagunda,IN-AP,15.535569,78.012995,,India;Andhra Pradesh;Kurnool
4846,Hukumpeta,IN-AP,15.753511,79.962484,,India;Andhra Pradesh;Alluri Sitharama Raju
4931,I. Polavaram,IN-AP,15.753511,79.962484,,India;Andhra Pradesh;Dr. B.R. Ambedkar Konaseema
5009,Ibrahimpatnam,IN-AP,15.753511,79.962484,,India;Andhra Pradesh;Ntr
4778,Ichchapuram,IN-AP,18.597701,84.022731,,India;Andhra Pradesh;Srikakulam
5179,Indukurpet,IN-AP,14.418363,79.738935,,India;Andhra Pradesh;Sri Potti Sriramulu Nellore
5110,Inkollu,IN-AP,15.753511,79.962484,,India;Andhra Pradesh;Bapatla
5065,Ipuru,IN-AP,15.753511,79.962484,,India;Andhra Pradesh;Palnadu
4979,Iragavaram,IN-AP,16.931401,81.387360,,India;Andhra Pradesh;West Godavari
5411,Irala,IN-AP,13.464938,79.005997,,India;Andhra Pradesh;Chittoor
5111,J.Pangulur,IN-AP,15.616202,79.515203,,India;Andhra Pradesh;Prakasam
4991,Jaggaiahpeta,IN-AP,15.753511,79.962484,,India;Andhra Pradesh;Ntr
4898,Jaggampeta,IN-AP,15.753511,79.962484,,India;Andhra Pradesh;Kakinada
5157,Jaladanki,IN-AP,14.418363,79.738935,,India;Andhra Pradesh;Sri Potti Sriramulu Nellore
4792,Jalumuru,IN-AP,18.597701,84.022731,,India;Andhra Pradesh;Srikakulam
4835,Jami,IN-AP,18.472878,83.385198,,India;Andhra Pradesh;Vizianagaram
5215,Jammalamadugu,IN-AP,14.463753,78.780374,,India;Andhra Pradesh;Y.S.R. Kadapa
4953,Jangareddigudem,IN-AP,15.753511,79.962484,,India;Andhra Pradesh;Eluru
4947,Jeelugu Milli,IN-AP,15.753511,79.962484,,India;Andhra Pradesh;Eluru
4810,Jiyyammavalasa,IN-AP,15.753511,79.962484,,India;Andhra Pradesh;Parvathipuram Manyam
5262,Jupadu Bunglow,IN-AP,15.753511,79.962484,,India;Andhra Pradesh;Nandyal
4929,K Gangavaram,IN-AP,15.753511,79.962484,,India;Andhra Pradesh;Dr. B.R. Ambedkar Konaseema
4860,K.Kotapadu,IN-AP,15.753511,79.962484,,India;Andhra Pradesh;Anakapalli
5230,Kadapa,IN-AP,14.463753,78.780374,,India;Andhra Pradesh;Y.S.R. Kadapa
4918,Kadiam,IN-AP,17.272008,81.893276,,India;Andhra Pradesh;East Godavari
5343,Kadiri,IN-AP,15.753511,79.962484,,India;Andhra Pradesh;Sri Sathya Sai
5016,Kaikaluru,IN-AP,15.753511,79.962484,,India;Andhra Pradesh;Eluru
4923,Kajuluru,IN-AP,15.753511,79.962484,,India;Andhra Pradesh;Kakinada
746,Kakinada,IN-AP,15.753511,79.962484,,India;Andhra Pradesh
4913,Kakinada (Rural),IN-AP,15.753511,79.962484,,India;Andhra Pradesh;Kakinada
4914,Kakinada (Urban),IN-AP,15.753511,79.962484,,India;Andhra Pradesh;Kakinada
5083,Kakumanu,IN-AP,16.293106,80.078833,,India;Andhra Pradesh;Guntur
5371,Kalakada,IN-AP,15.753511,79.962484,,India;Andhra Pradesh;Annamayya
5207,Kalasapadu,IN-AP,14.463753,78.780374,,India;Andhra Pradesh;Y.S.R. Kadapa
5017,Kalidindi,IN-AP,15.753511,79.962484,,India;Andhra Pradesh;Eluru
5160,Kaligiri,IN-AP,14.418363,79.738935,,India;Andhra Pradesh;Sri Potti Sriramulu Nellore
5387,Kalikiri,IN-AP,15.753511,79.962484,,India;Andhra Pradesh;Annamayya
4985,Kalla,IN-AP,16.931401,81.387360,,India;Andhra Pradesh;West Godavari
5258,Kallur,IN-AP,15.535569,78.012995,,India;Andhra Pradesh;Kurnool
5174,Kaluvoya,IN-AP,14.418363,79.738935,,India;Andhra Pradesh;Sri Potti Sriramulu Nellore
5321,Kalyanadurg,IN-AP,14.493043,77.566974,,India;Andhra Pradesh;Ananthapuramu
5224,Kamalapuram,IN-AP,14.463753,78.780374,,India;Andhra Pradesh;Y.S.R. Kadapa
4954,Kamavarapukota,IN-AP,15.753511,79.962484,,India;Andhra Pradesh;Eluru
5334,Kambadur,IN-AP,14.493043,77.566974,,India;Andhra Pradesh;Ananthapuramu
5372,Kambhamvaripalle,IN-AP,15.753511,79.962484,,India;Andhra Pradesh;Annamayya
5335,Kanaganipalli,IN-AP,15.753511,79.962484,,India;Andhra Pradesh;Sri Sathya Sai
5007,Kanchikacherla,IN-AP,15.753511,79.962484,,India;Andhra Pradesh;Ntr
4777,Kanchili,IN-AP,18.597701,84.022731,,India;Andhra Pradesh;Srikakulam
5148,Kandukuru,IN-AP,15.616202,79.515203,,India;Andhra Pradesh;Prakasam
5306,Kanekal,IN-AP,14.493043,77.566974,,India;Andhra Pradesh;Ananthapuramu
5136,Kanigiri,IN-AP,15.753511,79.962484,,India;Andhra Pradesh;Markapuram
5023,Kankipadu,IN-AP,16.555707,80.797994,,India;Andhra Pradesh;Krishna
4928,Kapileswarapuram,IN-AP,17.272008,81.893276,,India;Andhra Pradesh;East Godavari
5109,Karamchedu,IN-AP,15.753511,79.962484,,India;Andhra Pradesh;Bapatla
4922,Karapa,IN-AP,15.753511,79.962484,,India;Andhra Pradesh;Kakinada
5046,Karempudi,IN-AP,15.753511,79.962484,,India;Andhra Pradesh;Palnadu
5092,Karlapalem,IN-AP,15.753511,79.962484,,India;Andhra Pradesh;Bapatla
5408,Karvetinagar,IN-AP,13.464938,79.005997,,India;Andhra Pradesh;Chittoor
4876,Kasimkota,IN-AP,15.753511,79.962484,,India;Andhra Pradesh;Anakapalli
4943,Katrenikona,IN-AP,15.753511,79.962484,,India;Andhra Pradesh;Dr. B.R. Ambedkar Konaseema
5158,Kavali,IN-AP,14.418363,79.738935,,India;Andhra Pradesh;Sri Potti Sriramulu Nellore
4779,Kaviti,IN-AP,18.597701,84.022731,,India;Andhra Pradesh;Srikakulam
5212,Khajipeta,IN-AP,14.463753,78.780374,,India;Andhra Pradesh;Y.S.R. Kadapa
4899,Kirlampudi,IN-AP,15.753511,79.962484,,India;Andhra Pradesh;Kakinada
5169,Kodavalur,IN-AP,14.418363,79.738935,,India;Andhra Pradesh;Sri Potti Sriramulu Nellore
5269,Kodumur,IN-AP,15.535569,78.012995,,India;Andhra Pradesh;Kurnool
5249,Kodur,IN-AP,15.753511,79.962484,,India;Andhra Pradesh;Tirupati
5039,Koduru,IN-AP,16.555707,80.797994,,India;Andhra Pradesh;Krishna
5296,Koilakuntla,IN-AP,15.753511,79.962484,,India;Andhra Pradesh;Nandyal
5301,Kolimigundla,IN-AP,15.753511,79.962484,,India;Andhra Pradesh;Nandyal
5077,Kollipara,IN-AP,16.293106,80.078833,,India;Andhra Pradesh;Guntur
5088,Kolluru,IN-AP,15.753511,79.962484,,India;Andhra Pradesh;Bapatla
4807,Komarada,IN-AP,15.753511,79.962484,,India;Andhra Pradesh;Parvathipuram Manyam
5134,Komarolu,IN-AP,15.753511,79.962484,,India;Andhra Pradesh;Markapuram
5119,Konakanamitla,IN-AP,15.753511,79.962484,,India;Andhra Pradesh;Markapuram
5137,Kondapi,IN-AP,15.616202,79.515203,,India;Andhra Pradesh;Prakasam
5156,Kondapuram,IN-AP,14.418363,79.738935,,India;Andhra Pradesh;Sri Potti Sriramulu Nellore
5199,Kondapuram,IN-AP,14.463753,78.780374,,India;Andhra Pradesh;Y.S.R. Kadapa
5122,Korisapadu,IN-AP,15.616202,79.515203,,India;Andhra Pradesh;Prakasam
4905,Korukonda,IN-AP,17.272008,81.893276,,India;Andhra Pradesh;East Godavari
5251,Kosigi,IN-AP,15.535569,78.012995,,India;Andhra Pradesh;Kurnool
5191,Kota,IN-AP,14.418363,79.738935,,India;Andhra Pradesh;Sri Potti Sriramulu Nellore
4791,Kotabommali,IN-AP,18.597701,84.022731,,India;Andhra Pradesh;Srikakulam
4889,Kotananduru,IN-AP,15.753511,79.962484,,India;Andhra Pradesh;Kakinada
4874,Kotauratla,IN-AP,15.753511,79.962484,,India;Andhra Pradesh;Anakapalli
5140,Kotha Patnam,IN-AP,15.616202,79.515203,,India;Andhra Pradesh;Prakasam
5346,Kothacheruvu,IN-AP,15.753511,79.962484,,India;Andhra Pradesh;Sri Sathya Sai
5263,Kothapalle,IN-AP,15.753511,79.962484,,India;Andhra Pradesh;Nandyal
4927,Kothapeta,IN-AP,15.753511,79.962484,,India;Andhra Pradesh;Dr. B.R. Ambedkar Konaseema
4834,Kothavalasa,IN-AP,18.472878,83.385198,,India;Andhra Pradesh;Vizianagaram
4772,Kothuru,IN-AP,18.597701,84.022731,,India;Andhra Pradesh;Srikakulam
5178,Kovur,IN-AP,14.418363,79.738935,,India;Andhra Pradesh;Sri Potti Sriramulu Nellore
4958,Kovvur,IN-AP,17.272008,81.893276,,India;Andhra Pradesh;East Godavari
5252,Kowthalam,IN-AP,15.535569,78.012995,,India;Andhra Pradesh;Kurnool
4952,Koyyalagudem,IN-AP,15.753511,79.962484,,India;Andhra Pradesh;Eluru
4851,Koyyuru,IN-AP,15.753511,79.962484,,India;Andhra Pradesh;Alluri Sitharama Raju
510,Krishna,IN-AP,16.555707,80.797994,,India;Andhra Pradesh
5277,Krishnagiri,IN-AP,15.535569,78.012995,,India;Andhra Pradesh;Kurnool
5051,Krosuru,IN-AP,15.753511,79.962484,,India;Andhra Pradesh;Palnadu
5018,Kruthivennu,IN-AP,16.555707,80.797994,,India;Andhra Pradesh;Krishna
5323,Kudair,IN-AP,14.493043,77.566974,,India;Andhra Pradesh;Ananthapuramu
4735,Kukunoor,IN-AP,15.753511,79.962484,,India;Andhra Pradesh;Eluru
5382,Kumara Venkata Bhupala Puram,IN-AP,15.753511,79.962484,,India;Andhra Pradesh;Tirupati
4731,Kunavaram,IN-AP,15.753511,79.962484,,India;Andhra Pradesh;Polavaram
5333,Kundurpi,IN-AP,14.493043,77.566974,,India;Andhra Pradesh;Ananthapuramu
5427,Kuppam,IN-AP,13.464938,79.005997,,India;Andhra Pradesh;Chittoor
5389,Kurabalakota,IN-AP,15.753511,79.962484,,India;Andhra Pradesh;Annamayya
5103,Kurichedu,IN-AP,15.616202,79.515203,,India;Andhra Pradesh;Prakasam
511,Kurnool,IN-AP,15.535569,78.012995,,India;Andhra Pradesh
5259,Kurnool Rural,IN-AP,15.535569,78.012995,,India;Andhra Pradesh;Kurnool
7183,Kurnool Urban,IN-AP,15.535569,78.012995,,India;Andhra Pradesh;Kurnool
4809,Kurupam,IN-AP,15.753511,79.962484,,India;Andhra Pradesh;Parvathipuram Manyam
4833,Lakkavarapukota,IN-AP,18.472878,83.385198,,India;Andhra Pradesh;Vizianagaram
5240,Lakkireddipalli,IN-AP,15.753511,79.962484,,India;Andhra Pradesh;Annamayya
4804,Laveru,IN-AP,18.597701,84.022731,,India;Andhra Pradesh;Srikakulam
4787,Laxminarasupeta,IN-AP,18.597701,84.022731,,India;Andhra Pradesh;Srikakulam
5365,Lepakshi,IN-AP,15.753511,79.962484,,India;Andhra Pradesh;Sri Sathya Sai
5218,Lingala,IN-AP,14.463753,78.780374,,India;Andhra Pradesh;Y.S.R. Kadapa
4945,Lingapalem,IN-AP,15.753511,79.962484,,India;Andhra Pradesh;Eluru
5150,Lingasamudram,IN-AP,15.616202,79.515203,,India;Andhra Pradesh;Prakasam
5048,Machavaram,IN-AP,15.753511,79.962484,,India;Andhra Pradesh;Palnadu
5040,Macherla,IN-AP,15.753511,79.962484,,India;Andhra Pradesh;Palnadu
7429,Machilipatnam North,IN-AP,16.555707,80.797994,,India;Andhra Pradesh;Krishna
5034,Machilipatnam South,IN-AP,16.555707,80.797994,,India;Andhra Pradesh;Krishna
5350,Madakasira,IN-AP,15.753511,79.962484,,India;Andhra Pradesh;Sri Sathya Sai
5392,Madanapalle,IN-AP,15.753511,79.962484,,India;Andhra Pradesh;Annamayya
5292,Maddikera (East),IN-AP,15.535569,78.012995,,India;Andhra Pradesh;Kurnool
5127,Maddipadu,IN-AP,15.616202,79.515203,,India;Andhra Pradesh;Prakasam
4857,Madugula,IN-AP,15.753511,79.962484,,India;Andhra Pradesh;Anakapalli
5285,Mahanandi,IN-AP,15.753511,79.962484,,India;Andhra Pradesh;Nandyal
6837,Maharanipeta,IN-AP,17.893416,82.693925,,India;Andhra Pradesh;Visakhapatnam
4875,Makavarapalem,IN-AP,15.753511,79.962484,,India;Andhra Pradesh;Anakapalli
4813,Makkuva,IN-AP,15.753511,79.962484,,India;Andhra Pradesh;Parvathipuram Manyam
4938,Malikipuram,IN-AP,15.753511,79.962484,,India;Andhra Pradesh;Dr. B.R. Ambedkar Konaseema
4936,Mamidikuduru,IN-AP,15.753511,79.962484,,India;Andhra Pradesh;Dr. B.R. Ambedkar Konaseema
4920,Mandapeta,IN-AP,17.272008,81.893276,,India;Andhra Pradesh;East Godavari
4776,Mandasa,IN-AP,18.597701,84.022731,,India;Andhra Pradesh;Srikakulam
5015,Mandavalli,IN-AP,15.753511,79.962484,,India;Andhra Pradesh;Eluru
5055,Mangalagiri,IN-AP,16.293106,80.078833,,India;Andhra Pradesh;Guntur
5250,Mantralayam,IN-AP,15.535569,78.012995,,India;Andhra Pradesh;Kurnool
5183,Manubolu,IN-AP,14.418363,79.738935,,India;Andhra Pradesh;Sri Potti Sriramulu Nellore
4884,Maredumilli,IN-AP,15.753511,79.962484,,India;Andhra Pradesh;Polavaram
790,Markapuram,IN-AP,15.753511,79.962484,,India;Andhra Pradesh
5115,Markapuram,IN-AP,15.753511,79.962484,,India;Andhra Pradesh;Markapuram
5163,Marripadu,IN-AP,14.418363,79.738935,,India;Andhra Pradesh;Sri Potti Sriramulu Nellore
5129,Marripudi,IN-AP,15.616202,79.515203,,India;Andhra Pradesh;Prakasam
5106,Martur,IN-AP,15.753511,79.962484,,India;Andhra Pradesh;Bapatla
5073,Medikonduru,IN-AP,16.293106,80.078833,,India;Andhra Pradesh;Guntur
4774,Meliaputti,IN-AP,18.597701,84.022731,,India;Andhra Pradesh;Srikakulam
4824,Mentada,IN-AP,18.472878,83.385198,,India;Andhra Pradesh;Vizianagaram
4822,Merakamudidam,IN-AP,18.472878,83.385198,,India;Andhra Pradesh;Vizianagaram
5267,Midthur,IN-AP,15.753511,79.962484,,India;Andhra Pradesh;Nandyal
4986,Mogalthur,IN-AP,16.931401,81.387360,,India;Andhra Pradesh;West Godavari
5036,Mopidevi,IN-AP,16.555707,80.797994,,India;Andhra Pradesh;Krishna
5032,Movva,IN-AP,16.555707,80.797994,,India;Andhra Pradesh;Krishna
5216,Muddanur,IN-AP,14.463753,78.780374,,India;Andhra Pradesh;Y.S.R. Kadapa
5339,Mudigubba,IN-AP,15.753511,79.962484,,India;Andhra Pradesh;Sri Sathya Sai
5020,Mudinepalle,IN-AP,15.753511,79.962484,,India;Andhra Pradesh;Eluru
6839,Mulagada,IN-AP,17.893416,82.693925,,India;Andhra Pradesh;Visakhapatnam
5367,Mulakalacheruvu,IN-AP,15.753511,79.962484,,India;Andhra Pradesh;Annamayya
4932,Mummidivaram,IN-AP,15.753511,79.962484,,India;Andhra Pradesh;Dr. B.R. Ambedkar Konaseema
4877,Munagapaka,IN-AP,15.753511,79.962484,,India;Andhra Pradesh;Anakapalli
4841,Munchingi Puttu,IN-AP,15.753511,79.962484,,India;Andhra Pradesh;Alluri Sitharama Raju
5113,Mundlamuru,IN-AP,15.616202,79.515203,,India;Andhra Pradesh;Prakasam
5068,Muppalla,IN-AP,15.753511,79.962484,,India;Andhra Pradesh;Palnadu
5002,Musunuru,IN-AP,15.753511,79.962484,,India;Andhra Pradesh;Eluru
5181,Muthukur,IN-AP,14.418363,79.738935,,India;Andhra Pradesh;Sri Potti Sriramulu Nellore
4995,Mylavaram,IN-AP,15.753511,79.962484,,India;Andhra Pradesh;Ntr
5200,Mylavaram,IN-AP,14.463753,78.780374,,India;Andhra Pradesh;Y.S.R. Kadapa
5069,Nadendla,IN-AP,15.753511,79.962484,,India;Andhra Pradesh;Palnadu
5403,Nagalapuram,IN-AP,15.753511,79.962484,,India;Andhra Pradesh;Tirupati
5095,Nagaram,IN-AP,15.753511,79.962484,,India;Andhra Pradesh;Bapatla
5406,Nagari,IN-AP,13.464938,79.005997,,India;Andhra Pradesh;Chittoor
5038,Nagayalanka,IN-AP,16.555707,80.797994,,India;Andhra Pradesh;Krishna
5126,Naguluppala Padu,IN-AP,15.616202,79.515203,,India;Andhra Pradesh;Prakasam
5194,Naidupet,IN-AP,15.753511,79.962484,,India;Andhra Pradesh;Tirupati
4880,Nakkapalli,IN-AP,15.753511,79.962484,,India;Andhra Pradesh;Anakapalli
5359,Nallachervu,IN-AP,15.753511,79.962484,,India;Andhra Pradesh;Sri Sathya Sai
4956,Nallajerla,IN-AP,17.272008,81.893276,,India;Andhra Pradesh;East Godavari
5344,Nallamada,IN-AP,15.753511,79.962484,,India;Andhra Pradesh;Sri Sathya Sai
5341,Nambulapulakunta,IN-AP,15.753511,79.962484,,India;Andhra Pradesh;Sri Sathya Sai
5243,Nandalur,IN-AP,14.463753,78.780374,,India;Andhra Pradesh;Y.S.R. Kadapa
5255,Nandavaram,IN-AP,15.535569,78.012995,,India;Andhra Pradesh;Kurnool
4782,Nandigam,IN-AP,18.597701,84.022731,,India;Andhra Pradesh;Srikakulam
4993,Nandigama,IN-AP,15.753511,79.962484,,India;Andhra Pradesh;Ntr
5260,Nandikotkur,IN-AP,15.753511,79.962484,,India;Andhra Pradesh;Nandyal
5014,Nandivada,IN-AP,16.555707,80.797994,,India;Andhra Pradesh;Krishna
755,Nandyal,IN-AP,15.753511,79.962484,,India;Andhra Pradesh
5284,Nandyal Rural,IN-AP,15.753511,79.962484,,India;Andhra Pradesh;Nandyal
7425,Nandyal Urban,IN-AP,15.753511,79.962484,,India;Andhra Pradesh;Nandyal
4799,Narasannapeta,IN-AP,18.597701,84.022731,,India;Andhra Pradesh;Srikakulam
4987,Narasapuram,IN-AP,16.931401,81.387360,,India;Andhra Pradesh;West Godavari
5067,Narasaraopet,IN-AP,15.753511,79.962484,,India;Andhra Pradesh;Palnadu
5400,Narayanavanam,IN-AP,15.753511,79.962484,,India;Andhra Pradesh;Tirupati
5328,Narpala,IN-AP,14.493043,77.566974,,India;Andhra Pradesh;Ananthapuramu
4854,Narsipatnam,IN-AP,15.753511,79.962484,,India;Andhra Pradesh;Anakapalli
4852,Nathavaram,IN-AP,15.753511,79.962484,,India;Andhra Pradesh;Anakapalli
5060,Nekarikallu,IN-AP,15.753511,79.962484,,India;Andhra Pradesh;Palnadu
4837,Nellimarla,IN-AP,18.472878,83.385198,,India;Andhra Pradesh;Vizianagaram
5177,Nellore Rural,IN-AP,14.418363,79.738935,,India;Andhra Pradesh;Sri Potti Sriramulu Nellore
7182,Nellore Urban,IN-AP,14.418363,79.738935,,India;Andhra Pradesh;Sri Potti Sriramulu Nellore
4960,Nidadavole,IN-AP,17.272008,81.893276,,India;Andhra Pradesh;East Godavari
4968,Nidamarru,IN-AP,15.753511,79.962484,,India;Andhra Pradesh;Eluru
5393,Nimmanapalle,IN-AP,15.753511,79.962484,,India;Andhra Pradesh;Annamayya
5404,Nindra,IN-AP,13.464938,79.005997,,India;Andhra Pradesh;Chittoor
5094,Nizampatnam,IN-AP,15.753511,79.962484,,India;Andhra Pradesh;Bapatla
749,Ntr,IN-AP,15.753511,79.962484,Vijaywada;Vijayawada,India;Andhra Pradesh
5063,Nuzendla,IN-AP,15.753511,79.962484,,India;Andhra Pradesh;Palnadu
5003,Nuzividu,IN-AP,15.753511,79.962484,,India;Andhra Pradesh;Eluru
5358,Obuladevaracheruvu,IN-AP,15.753511,79.962484,,India;Andhra Pradesh;Sri Sathya Sai
5248,Obulavaripalle,IN-AP,15.753511,79.962484,,India;Andhra Pradesh;Tirupati
5139,Ongole Rural,IN-AP,15.616202,79.515203,,India;Andhra Pradesh;Prakasam
7430,Ongole Urban,IN-AP,15.616202,79.515203,,India;Andhra Pradesh;Prakasam
5268,Orvakal,IN-AP,15.535569,78.012995,,India;Andhra Pradesh;Kurnool
5295,Owk,IN-AP,15.753511,79.962484,,India;Andhra Pradesh;Nandyal
5189,Ozili,IN-AP,15.753511,79.962484,,India;Andhra Pradesh;Tirupati
4934,P.Gannavaram,IN-AP,15.753511,79.962484,,India;Andhra Pradesh;Dr. B.R. Ambedkar Konaseema
4818,Pachipenta,IN-AP,15.753511,79.962484,,India;Andhra Pradesh;Parvathipuram Manyam
4847,Paderu,IN-AP,15.753511,79.962484,,India;Andhra Pradesh;Alluri Sitharama Raju
4864,Padmanabham,IN-AP,17.893416,82.693925,,India;Andhra Pradesh;Visakhapatnam
5261,Pagidyala,IN-AP,15.753511,79.962484,,India;Andhra Pradesh;Nandyal
5396,Pakala,IN-AP,15.753511,79.962484,,India;Andhra Pradesh;Tirupati
4977,Palacoderu,IN-AP,16.931401,81.387360,,India;Andhra Pradesh;West Godavari
4988,Palacole,IN-AP,16.931401,81.387360,,India;Andhra Pradesh;West Godavari
4784,Palakonda,IN-AP,15.753511,79.962484,,India;Andhra Pradesh;Parvathipuram Manyam
5422,Palamaner,IN-AP,13.464938,79.005997,,India;Andhra Pradesh;Chittoor
4775,Palasa,IN-AP,18.597701,84.022731,,India;Andhra Pradesh;Srikakulam
5432,Palasamudram,IN-AP,13.464938,79.005997,,India;Andhra Pradesh;Chittoor
751,Palnadu,IN-AP,15.753511,79.962484,,India;Andhra Pradesh
5028,Pamarru,IN-AP,16.555707,80.797994,,India;Andhra Pradesh;Krishna
5315,Pamidi,IN-AP,14.493043,77.566974,,India;Andhra Pradesh;Ananthapuramu
5026,Pamidimukkala,IN-AP,16.555707,80.797994,,India;Andhra Pradesh;Krishna
5266,Pamulapadu,IN-AP,15.753511,79.962484,,India;Andhra Pradesh;Nandyal
5146,Pamur,IN-AP,15.753511,79.962484,,India;Andhra Pradesh;Markapuram
5280,Panyam,IN-AP,15.753511,79.962484,,India;Andhra Pradesh;Nandyal
4870,Paravada,IN-AP,15.753511,79.962484,,India;Andhra Pradesh;Anakapalli
5108,Parchur,IN-AP,15.753511,79.962484,,India;Andhra Pradesh;Bapatla
5355,Parigi,IN-AP,15.753511,79.962484,,India;Andhra Pradesh;Sri Sathya Sai
4812,Parvathipuram,IN-AP,15.753511,79.962484,,India;Andhra Pradesh;Parvathipuram Manyam
743,Parvathipuram Manyam,IN-AP,15.753511,79.962484,,India;Andhra Pradesh
4773,Pathapatnam,IN-AP,18.597701,84.022731,,India;Andhra Pradesh;Srikakulam
5290,Pattikonda,IN-AP,15.535569,78.012995,,India;Andhra Pradesh;Kurnool
4881,Payakaraopeta,IN-AP,15.753511,79.962484,,India;Andhra Pradesh;Anakapalli
5294,Peapully,IN-AP,15.753511,79.962484,,India;Andhra Pradesh;Nandyal
4842,Peda Bayalu,IN-AP,15.753511,79.962484,,India;Andhra Pradesh;Alluri Sitharama Raju
5144,Pedacherlo Palle,IN-AP,15.753511,79.962484,,India;Andhra Pradesh;Markapuram
4868,Pedagantyada,IN-AP,17.893416,82.693925,,India;Andhra Pradesh;Visakhapatnam
5075,Pedakakani,IN-AP,16.293106,80.078833,,India;Andhra Pradesh;Guntur
5057,Pedakurapadu,IN-AP,15.753511,79.962484,,India;Andhra Pradesh;Palnadu
5030,Pedana,IN-AP,16.555707,80.797994,,India;Andhra Pradesh;Krishna
5082,Pedanandipadu,IN-AP,16.293106,80.078833,,India;Andhra Pradesh;Guntur
4965,Pedapadu,IN-AP,15.753511,79.962484,,India;Andhra Pradesh;Eluru
5022,Pedaparupudi,IN-AP,16.555707,80.797994,,India;Andhra Pradesh;Krishna
4915,Pedapudi,IN-AP,15.753511,79.962484,,India;Andhra Pradesh;Kakinada
4964,Pedavegi,IN-AP,15.753511,79.962484,,India;Andhra Pradesh;Eluru
5253,Pedda Kadubur,IN-AP,15.535569,78.012995,,India;Andhra Pradesh;Kurnool
5390,Pedda Thippasamudram,IN-AP,15.753511,79.962484,,India;Andhra Pradesh;Annamayya
5101,Peddaaraveedu,IN-AP,15.753511,79.962484,,India;Andhra Pradesh;Markapuram
5369,Peddamandyam,IN-AP,15.753511,79.962484,,India;Andhra Pradesh;Annamayya
5201,Peddamudiam,IN-AP,14.463753,78.780374,,India;Andhra Pradesh;Y.S.R. Kadapa
5416,Peddapanjani,IN-AP,13.464938,79.005997,,India;Andhra Pradesh;Chittoor
5314,Peddapappur,IN-AP,14.493043,77.566974,,India;Andhra Pradesh;Ananthapuramu
4903,Peddapuram,IN-AP,15.753511,79.962484,,India;Andhra Pradesh;Kakinada
5311,Peddavaduguru,IN-AP,14.493043,77.566974,,India;Andhra Pradesh;Ananthapuramu
5195,Pellakur,IN-AP,15.753511,79.962484,,India;Andhra Pradesh;Tirupati
5244,Penagalur,IN-AP,15.753511,79.962484,,India;Andhra Pradesh;Tirupati
5024,Penamaluru,IN-AP,16.555707,80.797994,,India;Andhra Pradesh;Krishna
5232,Pendlimarry,IN-AP,14.463753,78.780374,,India;Andhra Pradesh;Y.S.R. Kadapa
4862,Pendurthi,IN-AP,17.893416,82.693925,,India;Andhra Pradesh;Visakhapatnam
4969,Pentapadu,IN-AP,16.931401,81.387360,,India;Andhra Pradesh;West Godavari
4992,Penuganchiprolu,IN-AP,15.753511,79.962484,,India;Andhra Pradesh;Ntr
4980,Penugonda,IN-AP,16.931401,81.387360,,India;Andhra Pradesh;West Godavari
5356,Penukonda,IN-AP,15.753511,79.962484,,India;Andhra Pradesh;Sri Sathya Sai
4978,Penumantra,IN-AP,16.931401,81.387360,,India;Andhra Pradesh;West Godavari
5409,Penumur,IN-AP,13.464938,79.005997,,India;Andhra Pradesh;Chittoor
4971,Peravali,IN-AP,17.272008,81.893276,,India;Andhra Pradesh;East Godavari
5072,Phirangipuram,IN-AP,16.293106,80.078833,,India;Andhra Pradesh;Guntur
5401,Pichatur,IN-AP,15.753511,79.962484,,India;Andhra Pradesh;Tirupati
5047,Piduguralla,IN-AP,15.753511,79.962484,,India;Andhra Pradesh;Palnadu
5386,Pileru,IN-AP,15.753511,79.962484,,India;Andhra Pradesh;Annamayya
4911,Pithapuram,IN-AP,15.753511,79.962484,,India;Andhra Pradesh;Kakinada
5091,Pittalavanipalem,IN-AP,15.753511,79.962484,,India;Andhra Pradesh;Bapatla
5176,Podalakur,IN-AP,14.418363,79.738935,,India;Andhra Pradesh;Sri Potti Sriramulu Nellore
5120,Podili,IN-AP,15.753511,79.962484,,India;Andhra Pradesh;Markapuram
4982,Poduru,IN-AP,16.931401,81.387360,,India;Andhra Pradesh;West Godavari
4800,Polaki,IN-AP,18.597701,84.022731,,India;Andhra Pradesh;Srikakulam
791,Polavaram,IN-AP,15.753511,79.962484,,India;Andhra Pradesh
4949,Polavaram,IN-AP,15.753511,79.962484,,India;Andhra Pradesh;Eluru
4803,Ponduru,IN-AP,18.597701,84.022731,,India;Andhra Pradesh;Srikakulam
5143,Ponnaluru,IN-AP,15.616202,79.515203,,India;Andhra Pradesh;Prakasam
5084,Ponnur,IN-AP,16.293106,80.078833,,India;Andhra Pradesh;Guntur
4838,Poosapatirega,IN-AP,18.472878,83.385198,,India;Andhra Pradesh;Vizianagaram
5208,Porumamilla,IN-AP,14.463753,78.780374,,India;Andhra Pradesh;Y.S.R. Kadapa
517,Prakasam,IN-AP,15.616202,79.515203,,India;Andhra Pradesh
5081,Prathipadu,IN-AP,16.293106,80.078833,,India;Andhra Pradesh;Guntur
4900,Prathipadu,IN-AP,15.753511,79.962484,,India;Andhra Pradesh;Kakinada
5214,Proddutur,IN-AP,14.463753,78.780374,,India;Andhra Pradesh;Y.S.R. Kadapa
5395,Pulicherla,IN-AP,13.464938,79.005997,,India;Andhra Pradesh;Chittoor
5219,Pulivendula,IN-AP,14.463753,78.780374,,India;Andhra Pradesh;Y.S.R. Kadapa
5098,Pullalacheruvu,IN-AP,15.753511,79.962484,,India;Andhra Pradesh;Markapuram
5247,Pullampeta,IN-AP,15.753511,79.962484,,India;Andhra Pradesh;Tirupati
5415,Punganuru,IN-AP,15.753511,79.962484,,India;Andhra Pradesh;Annamayya
5410,Puthalapattu,IN-AP,13.464938,79.005997,,India;Andhra Pradesh;Chittoor
5326,Putlur,IN-AP,14.493043,77.566974,,India;Andhra Pradesh;Ananthapuramu
5357,Puttaparthy,IN-AP,15.753511,79.962484,,India;Andhra Pradesh;Sri Sathya Sai
5407,Puttur,IN-AP,15.753511,79.962484,,India;Andhra Pradesh;Tirupati
5132,Racherla,IN-AP,15.753511,79.962484,,India;Andhra Pradesh;Markapuram
4796,Rajam,IN-AP,18.472878,83.385198,,India;Andhra Pradesh;Vizianagaram
4907,Rajamahendravaram Rural,IN-AP,17.272008,81.893276,,India;Andhra Pradesh;East Godavari
4906,Rajamahendravaram Urban,IN-AP,17.272008,81.893276,,India;Andhra Pradesh;East Godavari
5246,Rajampet,IN-AP,14.463753,78.780374,,India;Andhra Pradesh;Y.S.R. Kadapa
4908,Rajanagaram,IN-AP,17.272008,81.893276,,India;Andhra Pradesh;East Godavari
4888,Rajavommangi,IN-AP,15.753511,79.962484,,India;Andhra Pradesh;Polavaram
5202,Rajupalem,IN-AP,14.463753,78.780374,,India;Andhra Pradesh;Y.S.R. Kadapa
5059,Rajupalem,IN-AP,15.753511,79.962484,,India;Andhra Pradesh;Palnadu
4819,Ramabhadrapuram,IN-AP,18.472878,83.385198,,India;Andhra Pradesh;Vizianagaram
4924,Ramachandrapuram,IN-AP,15.753511,79.962484,,India;Andhra Pradesh;Dr. B.R. Ambedkar Konaseema
5398,Ramachandrapuram,IN-AP,15.753511,79.962484,,India;Andhra Pradesh;Tirupati
5348,Ramagiri,IN-AP,15.753511,79.962484,,India;Andhra Pradesh;Sri Sathya Sai
5428,Ramakuppam,IN-AP,13.464938,79.005997,,India;Andhra Pradesh;Chittoor
5241,Ramapuram,IN-AP,15.753511,79.962484,,India;Andhra Pradesh;Annamayya
5414,Ramasamudram,IN-AP,15.753511,79.962484,,India;Andhra Pradesh;Annamayya
4883,Rambilli,IN-AP,15.753511,79.962484,,India;Andhra Pradesh;Anakapalli
4895,Rampachodavaram,IN-AP,15.753511,79.962484,,India;Andhra Pradesh;Polavaram
4805,Ranastalam,IN-AP,18.597701,84.022731,,India;Andhra Pradesh;Srikakulam
4909,Rangampeta,IN-AP,17.272008,81.893276,,India;Andhra Pradesh;East Godavari
5331,Rapthadu,IN-AP,14.493043,77.566974,,India;Andhra Pradesh;Ananthapuramu
5175,Rapur,IN-AP,14.418363,79.738935,,India;Andhra Pradesh;Sri Potti Sriramulu Nellore
4856,Ravikamatham,IN-AP,15.753511,79.962484,,India;Andhra Pradesh;Anakapalli
4926,Ravulapalem,IN-AP,15.753511,79.962484,,India;Andhra Pradesh;Dr. B.R. Ambedkar Konaseema
5239,Rayachoti,IN-AP,15.753511,79.962484,,India;Andhra Pradesh;Annamayya
5305,Rayadurg,IN-AP,14.493043,77.566974,,India;Andhra Pradesh;Ananthapuramu
4921,Rayavaram,IN-AP,17.272008,81.893276,,India;Andhra Pradesh;East Godavari
4937,Razole,IN-AP,15.753511,79.962484,,India;Andhra Pradesh;Dr. B.R. Ambedkar Konaseema
4999,Reddigudem,IN-AP,15.753511,79.962484,,India;Andhra Pradesh;Ntr
4786,Regidi Amadalavalasa,IN-AP,18.472878,83.385198,,India;Andhra Pradesh;Vizianagaram
5376,Renigunta,IN-AP,15.753511,79.962484,,India;Andhra Pradesh;Tirupati
5043,Rentachintala,IN-AP,15.753511,79.962484,,India;Andhra Pradesh;Palnadu
5096,Repalle,IN-AP,15.753511,79.962484,,India;Andhra Pradesh;Bapatla
5349,Roddam,IN-AP,15.753511,79.962484,,India;Andhra Pradesh;Sri Sathya Sai
5353,Rolla,IN-AP,15.753511,79.962484,,India;Andhra Pradesh;Sri Sathya Sai
4855,Rolugunta,IN-AP,15.753511,79.962484,,India;Andhra Pradesh;Anakapalli
5066,Rompicharla,IN-AP,15.753511,79.962484,,India;Andhra Pradesh;Palnadu
5373,Rompicherla,IN-AP,13.464938,79.005997,,India;Andhra Pradesh;Chittoor
4891,Rowthulapudi,IN-AP,15.753511,79.962484,,India;Andhra Pradesh;Kakinada
5297,Rudravaram,IN-AP,15.753511,79.962484,,India;Andhra Pradesh;Nandyal
5204,S.Mydukur,IN-AP,14.463753,78.780374,,India;Andhra Pradesh;Y.S.R. Kadapa
4882,S.Rayavaram,IN-AP,15.753511,79.962484,,India;Andhra Pradesh;Anakapalli
4861,Sabbavaram,IN-AP,15.753511,79.962484,,India;Andhra Pradesh;Anakapalli
4939,Sakhinetipalli,IN-AP,15.753511,79.962484,,India;Andhra Pradesh;Dr. B.R. Ambedkar Konaseema
4817,Salur,IN-AP,15.753511,79.962484,,India;Andhra Pradesh;Parvathipuram Manyam
4910,Samalkota,IN-AP,15.753511,79.962484,,India;Andhra Pradesh;Kakinada
5237,Sambepalle,IN-AP,15.753511,79.962484,,India;Andhra Pradesh;Annamayya
5171,Sangam,IN-AP,14.418363,79.738935,,India;Andhra Pradesh;Sri Potti Sriramulu Nellore
5300,Sanjamala,IN-AP,15.753511,79.962484,,India;Andhra Pradesh;Nandyal
4892,Sankhavaram,IN-AP,15.753511,79.962484,,India;Andhra Pradesh;Kakinada
4790,Santhabommali,IN-AP,18.597701,84.022731,,India;Andhra Pradesh;Srikakulam
4795,Santhakaviti,IN-AP,18.472878,83.385198,,India;Andhra Pradesh;Vizianagaram
5104,Santhamaguluru,IN-AP,15.616202,79.515203,,India;Andhra Pradesh;Prakasam
5138,Santhanuthala Padu,IN-AP,15.616202,79.515203,,India;Andhra Pradesh;Prakasam
5425,Santhipuram,IN-AP,13.464938,79.005997,,India;Andhra Pradesh;Chittoor
4788,Saravakota,IN-AP,18.597701,84.022731,,India;Andhra Pradesh;Srikakulam
4793,Sarubujjili,IN-AP,18.597701,84.022731,,India;Andhra Pradesh;Srikakulam
5058,Sattenapalli,IN-AP,15.753511,79.962484,,India;Andhra Pradesh;Palnadu
5402,Satyavedu,IN-AP,15.753511,79.962484,,India;Andhra Pradesh;Tirupati
5064,Savalyapuram H/O Kanamarlapudi,IN-AP,15.753511,79.962484,,India;Andhra Pradesh;Palnadu
6836,Seethammadhara,IN-AP,17.893416,82.693925,,India;Andhra Pradesh;Visakhapatnam
4770,Seethampeta,IN-AP,15.753511,79.962484,,India;Andhra Pradesh;Parvathipuram Manyam
4814,Seethanagaram,IN-AP,15.753511,79.962484,,India;Andhra Pradesh;Parvathipuram Manyam
4896,Seethanagaram,IN-AP,17.272008,81.893276,,India;Andhra Pradesh;East Godavari
5153,Seetharamapuram,IN-AP,14.418363,79.738935,,India;Andhra Pradesh;Sri Potti Sriramulu Nellore
5332,Settur,IN-AP,14.493043,77.566974,,India;Andhra Pradesh;Ananthapuramu
5229,Sidhout,IN-AP,14.463753,78.780374,,India;Andhra Pradesh;Y.S.R. Kadapa
5217,Simhadripuram,IN-AP,14.463753,78.780374,,India;Andhra Pradesh;Y.S.R. Kadapa
5325,Singanamala,IN-AP,14.493043,77.566974,,India;Andhra Pradesh;Ananthapuramu
5149,Singarayakonda,IN-AP,15.616202,79.515203,,India;Andhra Pradesh;Prakasam
5286,Sirvel,IN-AP,15.753511,79.962484,,India;Andhra Pradesh;Nandyal
5394,Sodam,IN-AP,15.753511,79.962484,,India;Andhra Pradesh;Annamayya
5412,Somala,IN-AP,15.753511,79.962484,,India;Andhra Pradesh;Annamayya
5363,Somandepalli,IN-AP,15.753511,79.962484,,India;Andhra Pradesh;Sri Sathya Sai
4780,Sompeta,IN-AP,18.597701,84.022731,,India;Andhra Pradesh;Srikakulam
5206,Sri Avadhutha Kasinayana,IN-AP,14.463753,78.780374,,India;Andhra Pradesh;Y.S.R. Kadapa
515,Sri Potti Sriramulu Nellore,IN-AP,14.418363,79.738935,,India;Andhra Pradesh
754,Sri Sathya Sai,IN-AP,15.753511,79.962484,,India;Andhra Pradesh
519,Srikakulam,IN-AP,18.597701,84.022731,,India;Andhra Pradesh
4802,Srikakulam,IN-AP,18.597701,84.022731,,India;Andhra Pradesh;Srikakulam
5378,Srikalahasti,IN-AP,15.753511,79.962484,,India;Andhra Pradesh;Tirupati
5419,Srirangarajapuram,IN-AP,13.464938,79.005997,,India;Andhra Pradesh;Chittoor
6538,Srisailam,IN-AP,15.753511,79.962484,,India;Andhra Pradesh;Nandyal
4831,Srungavarapukota,IN-AP,18.472878,83.385198,,India;Andhra Pradesh;Vizianagaram
5197,Sullurpeta,IN-AP,15.753511,79.962484,,India;Andhra Pradesh;Tirupati
5185,Sydapuram,IN-AP,14.418363,79.738935,,India;Andhra Pradesh;Sri Potti Sriramulu Nellore
4946,T.Narasapuram,IN-AP,15.753511,79.962484,,India;Andhra Pradesh;Eluru
5238,T.Sundupalle,IN-AP,14.463753,78.780374,,India;Andhra Pradesh;Y.S.R. Kadapa
5198,Tada,IN-AP,15.753511,79.962484,,India;Andhra Pradesh;Tirupati
5054,Tadepalli,IN-AP,16.293106,80.078833,,India;Andhra Pradesh;Guntur
4961,Tadepalligudem,IN-AP,16.931401,81.387360,,India;Andhra Pradesh;West Godavari
5056,Tadikonda,IN-AP,16.293106,80.078833,,India;Andhra Pradesh;Guntur
5338,Tadimarri,IN-AP,15.753511,79.962484,,India;Andhra Pradesh;Sri Sathya Sai
5313,Tadipatri,IN-AP,14.493043,77.566974,,India;Andhra Pradesh;Ananthapuramu
4950,Tallapudi,IN-AP,17.272008,81.893276,,India;Andhra Pradesh;East Godavari
4930,Tallarevu,IN-AP,15.753511,79.962484,,India;Andhra Pradesh;Kakinada
5340,Talupula,IN-AP,15.753511,79.962484,,India;Andhra Pradesh;Sri Sathya Sai
5360,Tanakal,IN-AP,15.753511,79.962484,,India;Andhra Pradesh;Sri Sathya Sai
5141,Tangutur,IN-AP,15.616202,79.515203,,India;Andhra Pradesh;Prakasam
4972,Tanuku,IN-AP,16.931401,81.387360,,India;Andhra Pradesh;West Godavari
5118,Tarlupadu,IN-AP,15.753511,79.962484,,India;Andhra Pradesh;Markapuram
4789,Tekkali,IN-AP,18.597701,84.022731,,India;Andhra Pradesh;Srikakulam
5078,Tenali,IN-AP,16.293106,80.078833,,India;Andhra Pradesh;Guntur
5121,Thallur,IN-AP,15.616202,79.515203,,India;Andhra Pradesh;Prakasam
5368,Thamballapalle,IN-AP,15.753511,79.962484,,India;Andhra Pradesh;Annamayya
5418,Thavanampalle,IN-AP,13.464938,79.005997,,India;Andhra Pradesh;Chittoor
4821,Therlam,IN-AP,18.472878,83.385198,,India;Andhra Pradesh;Vizianagaram
4901,Thondangi,IN-AP,15.753511,79.962484,,India;Andhra Pradesh;Kakinada
5221,Thondur,IN-AP,14.463753,78.780374,,India;Andhra Pradesh;Y.S.R. Kadapa
5180,Thotapalligudur,IN-AP,14.418363,79.738935,,India;Andhra Pradesh;Sri Potti Sriramulu Nellore
5025,Thotlavalluru,IN-AP,16.555707,80.797994,,India;Andhra Pradesh;Krishna
5379,Thottambedu,IN-AP,15.753511,79.962484,,India;Andhra Pradesh;Tirupati
5053,Thulluru,IN-AP,16.293106,80.078833,,India;Andhra Pradesh;Guntur
752,Tirupati,IN-AP,15.753511,79.962484,,India;Andhra Pradesh
5375,Tirupati (Rural),IN-AP,15.753511,79.962484,,India;Andhra Pradesh;Tirupati
5383,Tirupati (Urban),IN-AP,15.753511,79.962484,,India;Andhra Pradesh;Tirupati
4997,Tiruvuru,IN-AP,15.753511,79.962484,,India;Andhra Pradesh;Ntr
5099,Tripuranthakam,IN-AP,15.753511,79.962484,,India;Andhra Pradesh;Markapuram
5085,Tsunduru,IN-AP,15.753511,79.962484,,India;Andhra Pradesh;Bapatla
5293,Tuggali,IN-AP,15.535569,78.012995,,India;Andhra Pradesh;Kurnool
4890,Tuni,IN-AP,15.753511,79.962484,,India;Andhra Pradesh;Kakinada
4912,U.Kothapalli,IN-AP,15.753511,79.962484,,India;Andhra Pradesh;Kakinada
5154,Udayagiri,IN-AP,14.418363,79.738935,,India;Andhra Pradesh;Sri Potti Sriramulu Nellore
5152,Ulavapadu,IN-AP,15.616202,79.515203,,India;Andhra Pradesh;Prakasam
4976,Undi,IN-AP,16.931401,81.387360,,India;Andhra Pradesh;West Godavari
4970,Undrajavaram,IN-AP,17.272008,81.893276,,India;Andhra Pradesh;East Godavari
4962,Unguturu,IN-AP,15.753511,79.962484,,India;Andhra Pradesh;Eluru
5013,Unguturu,IN-AP,16.555707,80.797994,,India;Andhra Pradesh;Krishna
4942,Uppalaguptam,IN-AP,15.753511,79.962484,,India;Andhra Pradesh;Dr. B.R. Ambedkar Konaseema
5317,Uravakonda,IN-AP,14.493043,77.566974,,India;Andhra Pradesh;Ananthapuramu
5302,Uyyalawada,IN-AP,15.753511,79.962484,,India;Andhra Pradesh;Nandyal
5399,Vadamalapet,IN-AP,15.753511,79.962484,,India;Andhra Pradesh;Tirupati
5316,Vajrakarur,IN-AP,14.493043,77.566974,,India;Andhra Pradesh;Ananthapuramu
4781,Vajrapukotturu,IN-AP,18.597701,84.022731,,India;Andhra Pradesh;Srikakulam
5192,Vakadu,IN-AP,15.753511,79.962484,,India;Andhra Pradesh;Tirupati
5225,Vallur,IN-AP,14.463753,78.780374,,India;Andhra Pradesh;Y.S.R. Kadapa
5388,Valmikipuram,IN-AP,15.753511,79.962484,,India;Andhra Pradesh;Annamayya
4785,Vangara,IN-AP,18.472878,83.385198,,India;Andhra Pradesh;Vizianagaram
5381,Varadaiahpalem,IN-AP,15.753511,79.962484,,India;Andhra Pradesh;Tirupati
4733,Vararamachandrapuram,IN-AP,15.753511,79.962484,,India;Andhra Pradesh;Polavaram
5155,Varikuntapadu,IN-AP,14.418363,79.738935,,India;Andhra Pradesh;Sri Potti Sriramulu Nellore
4990,Vatsavai,IN-AP,15.753511,79.962484,,India;Andhra Pradesh;Ntr
5080,Vatticherukuru,IN-AP,16.293106,80.078833,,India;Andhra Pradesh;Guntur
5397,Vedurukuppam,IN-AP,13.464938,79.005997,,India;Andhra Pradesh;Chittoor
5242,Veeraballe,IN-AP,14.463753,78.780374,,India;Andhra Pradesh;Y.S.R. Kadapa
4769,Veeraghattam,IN-AP,15.753511,79.962484,,India;Andhra Pradesh;Parvathipuram Manyam
5222,Veerapunayunipalle,IN-AP,14.463753,78.780374,,India;Andhra Pradesh;Y.S.R. Kadapa
4983,Veeravasaram,IN-AP,16.931401,81.387360,,India;Andhra Pradesh;West Godavari
4994,Veerullapadu,IN-AP,15.753511,79.962484,,India;Andhra Pradesh;Ntr
4734,Velairpadu,IN-AP,15.753511,79.962484,,India;Andhra Pradesh;Eluru
5278,Veldurthy,IN-AP,15.535569,78.012995,,India;Andhra Pradesh;Kurnool
5041,Veldurthy,IN-AP,15.753511,79.962484,,India;Andhra Pradesh;Palnadu
5135,Veligandla,IN-AP,15.753511,79.962484,,India;Andhra Pradesh;Markapuram
5282,Velugodu,IN-AP,15.753511,79.962484,,India;Andhra Pradesh;Nandyal
5233,Vempalli,IN-AP,14.463753,78.780374,,India;Andhra Pradesh;Y.S.R. Kadapa
5220,Vemula,IN-AP,14.463753,78.780374,,India;Andhra Pradesh;Y.S.R. Kadapa
5087,Vemuru,IN-AP,15.753511,79.962484,,India;Andhra Pradesh;Bapatla
5182,Venkatachalam,IN-AP,14.418363,79.738935,,India;Andhra Pradesh;Sri Potti Sriramulu Nellore
5187,Venkatagiri,IN-AP,15.753511,79.962484,,India;Andhra Pradesh;Tirupati
5424,Venkatagirikota,IN-AP,13.464938,79.005997,,India;Andhra Pradesh;Chittoor
4832,Vepada,IN-AP,18.472878,83.385198,,India;Andhra Pradesh;Vizianagaram
5124,Vetapalem,IN-AP,15.753511,79.962484,,India;Andhra Pradesh;Bapatla
5308,Vidapanakal,IN-AP,14.493043,77.566974,,India;Andhra Pradesh;Ananthapuramu
5168,Vidavalur,IN-AP,14.418363,79.738935,,India;Andhra Pradesh;Sri Potti Sriramulu Nellore
5405,Vijayapuram,IN-AP,13.464938,79.005997,,India;Andhra Pradesh;Chittoor
5011,Vijayawada (Rural),IN-AP,15.753511,79.962484,,India;Andhra Pradesh;Ntr
5010,Vijayawada Central,IN-AP,15.753511,79.962484,,India;Andhra Pradesh;Ntr
6863,Vijayawada East,IN-AP,15.753511,79.962484,,India;Andhra Pradesh;Ntr
6864,Vijayawada North,IN-AP,15.753511,79.962484,,India;Andhra Pradesh;Ntr
6865,Vijayawada West,IN-AP,15.753511,79.962484,,India;Andhra Pradesh;Ntr
5161,Vinjamur,IN-AP,14.418363,79.738935,,India;Andhra Pradesh;Sri Potti Sriramulu Nellore
5062,Vinukonda,IN-AP,15.753511,79.962484,,India;Andhra Pradesh;Palnadu
520,Visakhapatnam,IN-AP,17.893416,82.693925,Vizag;Waltair,India;Andhra Pradesh
4866,Visakhapatnam (Rural),IN-AP,17.893416,82.693925,,India;Andhra Pradesh;Visakhapatnam
5000,Vissannapeta,IN-AP,15.753511,79.962484,,India;Andhra Pradesh;Ntr
521,Vizianagaram,IN-AP,18.472878,83.385198,,India;Andhra Pradesh
4836,Vizianagaram Rural,IN-AP,18.472878,83.385198,,India;Andhra Pradesh;Vizianagaram
7431,Vizianagaram Urban,IN-AP,18.472878,83.385198,,India;Andhra Pradesh;Vizianagaram
5147,Voletivaripalem,IN-AP,15.616202,79.515203,,India;Andhra Pradesh;Prakasam
5228,Vontimitta,IN-AP,14.463753,78.780374,,India;Andhra Pradesh;Y.S.R. Kadapa
5027,Vuyyuru,IN-AP,16.555707,80.797994,,India;Andhra Pradesh;Krishna
523,West Godavari,IN-AP,16.931401,81.387360,,India;Andhra Pradesh
4886,Y. Ramavaram,IN-AP,15.753511,79.962484,,India;Andhra Pradesh;Polavaram
504,Y.S.R. Kadapa,IN-AP,14.463753,78.780374,,India;Andhra Pradesh
5430,Yadamarri,IN-AP,13.464938,79.005997,,India;Andhra Pradesh;Chittoor
5312,Yadiki,IN-AP,14.493043,77.566974,,India;Andhra Pradesh;Ananthapuramu
5107,Yeddana Pudi,IN-AP,15.753511,79.962484,,India;Andhra Pradesh;Bapatla
4879,Yelamanchili,IN-AP,15.753511,79.962484,,India;Andhra Pradesh;Anakapalli
4989,Yelamanchili,IN-AP,16.931401,81.387360,,India;Andhra Pradesh;West Godavari
4893,Yeleswaram,IN-AP,15.753511,79.962484,,India;Andhra Pradesh;Kakinada
5327,Yellanur,IN-AP,14.493043,77.566974,,India;Andhra Pradesh;Ananthapuramu
5254,Yemmiganur,IN-AP,15.535569,78.012995,,India;Andhra Pradesh;Kurnool
5377,Yerpedu,IN-AP,15.753511,79.962484,,India;Andhra Pradesh;Tirupati
5097,Yerragondapalem,IN-AP,15.753511,79.962484,,India;Andhra Pradesh;Markapuram
5223,Yerraguntla,IN-AP,14.463753,78.780374,,India;Andhra Pradesh;Y.S.R. Kadapa
5374,Yerravaripalem,IN-AP,15.753511,79.962484,,India;Andhra Pradesh;Tirupati
6063,Yetapaka,IN-AP,15.753511,79.962484,,India;Andhra Pradesh;Polavaram
5142,Zarugumalli,IN-AP,15.616202,79.515203,,India;Andhra Pradesh;Prakasam
6087,Aalo Hq,IN-AR,28.159942,94.613450,,India;Arunachal Pradesh;West Siang
1720,Anelih,IN-AR,28.868333,95.909961,,India;Arunachal Pradesh;Dibang Valley
1718,Anini,IN-AR,28.868333,95.909961,,India;Arunachal Pradesh;Dibang Valley
628,Anjaw,IN-AR,28.066616,96.856247,,India;Arunachal Pradesh
6588,Bagra Circle,IN-AR,28.159942,94.613450,,India;Arunachal Pradesh;West Siang
6564,Balemu Circle,IN-AR,27.291857,92.393051,,India;Arunachal Pradesh;West Kameng
1592,Balijan Adc,IN-AR,27.270137,93.596281,,India;Arunachal Pradesh;Papum Pare
1586,Bameng Adc,IN-AR,27.587861,92.917506,,India;Arunachal Pradesh;East Kameng
6102,Bana Eac,IN-AR,28.035268,94.673960,,India;Arunachal Pradesh;Bichom
6603,Banderdewa Circle,IN-AR,27.270137,93.596281,,India;Arunachal Pradesh;Papum Pare
6596,Bari Basip Circle,IN-AR,27.024225,95.543181,,India;Arunachal Pradesh;Tirap
1620,Baririjo Circle,IN-AR,28.289938,93.929551,,India;Arunachal Pradesh;Upper Subansiri
1636,Basar Adc,IN-AR,27.925491,94.716086,,India;Arunachal Pradesh;Leparada
6561,Bhalukpong Eac,IN-AR,27.291857,92.393051,,India;Arunachal Pradesh;West Kameng
787,Bichom,IN-AR,28.035268,94.673960,,India;Arunachal Pradesh
1652,Bilat Circle,IN-AR,28.048218,95.354000,,India;Arunachal Pradesh;East Siang
1643,Boleng Adc,IN-AR,28.404385,94.808912,,India;Arunachal Pradesh;Siang
6568,Bomdila Hq,IN-AR,27.291857,92.393051,,India;Arunachal Pradesh;West Kameng
6557,Bongkhar Circle,IN-AR,27.662208,91.965169,,India;Arunachal Pradesh;Tawang
1683,Bordumsa Adc,IN-AR,27.369957,96.353040,,India;Arunachal Pradesh;Changlang
6594,Borduria Circle,IN-AR,27.024225,95.543181,,India;Arunachal Pradesh;Tirap
6013,Borum,IN-AR,27.270137,93.596281,,India;Arunachal Pradesh;Papum Pare
6847,Buragaon Eac,IN-AR,27.291857,92.393051,,India;Arunachal Pradesh;West Kameng
1739,Chaglagam Circle,IN-AR,28.066616,96.856247,,India;Arunachal Pradesh;Anjaw
1709,Chambang Circle,IN-AR,28.017789,93.672960,,India;Arunachal Pradesh;Kra Daadi
229,Changlang,IN-AR,27.369957,96.353040,,India;Arunachal Pradesh
1671,Changlang Hq,IN-AR,27.369957,96.353040,,India;Arunachal Pradesh;Changlang
1590,Chayangtajo Adc,IN-AR,27.587861,92.917506,,India;Arunachal Pradesh;East Kameng
1614,Chetam Peer Yapu Circle,IN-AR,28.289938,93.929551,,India;Arunachal Pradesh;Upper Subansiri
1731,Chongkham Eac,IN-AR,27.701176,96.043183,,India;Arunachal Pradesh;Namsai
1687,Dadam Circle,IN-AR,27.024225,95.543181,,India;Arunachal Pradesh;Tirap
6591,Dambuen Circle,IN-AR,28.868333,95.909961,,India;Arunachal Pradesh;Dibang Valley
1725,Dambuk Adc,IN-AR,28.254737,95.821628,,India;Arunachal Pradesh;Lower Dibang Valley
1714,Damin Circle,IN-AR,28.002616,93.206931,,India;Arunachal Pradesh;Kurung Kumey
1615,Daporijo Hq,IN-AR,28.289938,93.929551,,India;Arunachal Pradesh;Upper Subansiri
1628,Darak Circle,IN-AR,28.159942,94.613450,,India;Arunachal Pradesh;West Siang
1637,Daring Circle,IN-AR,27.925491,94.716086,,India;Arunachal Pradesh;Leparada
7021,Debeyar Co Circle,IN-AR,27.587861,92.917506,,India;Arunachal Pradesh;East Kameng
6842,Deed Circle,IN-AR,28.035268,94.673960,,India;Arunachal Pradesh;Keyi Panyor
1684,Deomali Adc,IN-AR,27.024225,95.543181,,India;Arunachal Pradesh;Tirap
6569,Desali Circle,IN-AR,28.254737,95.821628,,India;Arunachal Pradesh;Lower Dibang Valley
230,Dibang Valley,IN-AR,28.868333,95.909961,,India;Arunachal Pradesh
1566,Dirang Adc,IN-AR,27.291857,92.393051,,India;Arunachal Pradesh;West Kameng
6099,Dissing Passo Circle,IN-AR,27.105402,93.035255,,India;Arunachal Pradesh;Pakke Kessang
1682,Diyun Eac,IN-AR,27.369957,96.353040,,India;Arunachal Pradesh;Changlang
1598,Doimukh Sdo,IN-AR,27.270137,93.596281,,India;Arunachal Pradesh;Papum Pare
1701,Dollungmukh Circle,IN-AR,27.741518,94.078176,,India;Arunachal Pradesh;Kamle
6550,Dudunghar Circle,IN-AR,27.662208,91.965169,,India;Arunachal Pradesh;Tawang
1617,Dumporijo Adc,IN-AR,28.289938,93.929551,,India;Arunachal Pradesh;Upper Subansiri
231,East Kameng,IN-AR,27.587861,92.917506,,India;Arunachal Pradesh
232,East Siang,IN-AR,28.048218,95.354000,,India;Arunachal Pradesh
1719,Etalin,IN-AR,28.868333,95.909961,,India;Arunachal Pradesh;Dibang Valley
1710,Gangte Circle,IN-AR,28.017789,93.672960,,India;Arunachal Pradesh;Kra Daadi
1665,Geku Eac,IN-AR,28.832949,94.915294,,India;Arunachal Pradesh;Upper Siang
1661,Gelling Circle,IN-AR,28.832949,94.915294,,India;Arunachal Pradesh;Upper Siang
1638,Gensi Eac,IN-AR,27.775244,94.694459,,India;Arunachal Pradesh;Lower Siang
6559,Gepen Circle,IN-AR,27.741518,94.078176,,India;Arunachal Pradesh;Kamle
1613,Giba Circle,IN-AR,28.289938,93.929551,,India;Arunachal Pradesh;Upper Subansiri
6551,Gite Ripa Circle,IN-AR,28.289938,93.929551,,India;Arunachal Pradesh;Upper Subansiri
1738,Goiliang Circle,IN-AR,28.066616,96.856247,,India;Arunachal Pradesh;Anjaw
6602,Gumto Circle,IN-AR,27.270137,93.596281,,India;Arunachal Pradesh;Papum Pare
1588,Gyawe Purang Circle,IN-AR,27.587861,92.917506,,India;Arunachal Pradesh;East Kameng
1743,Hawai Hq,IN-AR,28.066616,96.856247,,India;Arunachal Pradesh;Anjaw
1736,Hayuliang Adc,IN-AR,28.066616,96.856247,,India;Arunachal Pradesh;Anjaw
6075,Hunli Sdo,IN-AR,28.254737,95.821628,,India;Arunachal Pradesh;Lower Dibang Valley
6604,Itanagar Eac,IN-AR,27.270137,93.596281,,India;Arunachal Pradesh;Papum Pare
6582,Jairampur Adc,IN-AR,27.369957,96.353040,,India;Arunachal Pradesh;Changlang
6563,Jamiri Circle,IN-AR,27.291857,92.393051,,India;Arunachal Pradesh;West Kameng
1561,Jang Adc,IN-AR,27.662208,91.965169,,India;Arunachal Pradesh;Tawang
1664,Jengging Circle,IN-AR,28.832949,94.915294,,India;Arunachal Pradesh;Upper Siang
6606,Jomlo Mobuk Circle,IN-AR,28.404385,94.808912,,India;Arunachal Pradesh;Siang
6601,Kakoi Circle,IN-AR,27.270137,93.596281,,India;Arunachal Pradesh;Papum Pare
1570,Kalaktang Adc,IN-AR,27.291857,92.393051,,India;Arunachal Pradesh;West Kameng
6585,Kamba Adc,IN-AR,28.159942,94.613450,,India;Arunachal Pradesh;West Siang
6567,Kamengbari Doimara Circle,IN-AR,27.291857,92.393051,,India;Arunachal Pradesh;West Kameng
718,Kamle,IN-AR,27.741518,94.078176,,India;Arunachal Pradesh
1700,Kamporijo Circle,IN-AR,27.741518,94.078176,,India;Arunachal Pradesh;Kamle
6572,Kangku Circle,IN-AR,27.775244,94.694459,,India;Arunachal Pradesh;Lower Siang
6608,Kantang Circle,IN-AR,27.369957,96.353040,,India;Arunachal Pradesh;Changlang
1688,Kanubari Adc,IN-AR,26.855201,95.327659,,India;Arunachal Pradesh;Longding
1668,Katan Circle,IN-AR,28.832949,94.915294,,India;Arunachal Pradesh;Upper Siang
1627,Kaying Eac,IN-AR,28.404385,94.808912,,India;Arunachal Pradesh;Siang
1646,Kebang Circle,IN-AR,28.404385,94.808912,,India;Arunachal Pradesh;Siang
786,Keyi Panyor,IN-AR,28.035268,94.673960,,India;Arunachal Pradesh
1681,Kharsang Circle,IN-AR,27.369957,96.353040,,India;Arunachal Pradesh;Changlang
6605,Khenawa Circle,IN-AR,27.587861,92.917506,,India;Arunachal Pradesh;East Kameng
1669,Khimiyang Eac,IN-AR,27.369957,96.353040,,India;Arunachal Pradesh;Changlang
1686,Khonsa Hq,IN-AR,27.024225,95.543181,,India;Arunachal Pradesh;Tirap
1741,Kibithoo Circle,IN-AR,28.066616,96.856247,,India;Arunachal Pradesh;Anjaw
1605,Kimin Sdo,IN-AR,27.270137,93.596281,,India;Arunachal Pradesh;Papum Pare
1560,Kitpi Circle,IN-AR,27.662208,91.965169,,India;Arunachal Pradesh;Tawang
6130,Koloriang Hq,IN-AR,28.002616,93.206931,,India;Arunachal Pradesh;Kurung Kumey
6586,Kombo Circle,IN-AR,28.159942,94.613450,,India;Arunachal Pradesh;West Siang
6574,Kora Circle,IN-AR,27.775244,94.694459,,India;Arunachal Pradesh;Lower Siang
1727,Koronu Circle,IN-AR,28.254737,95.821628,,India;Arunachal Pradesh;Lower Dibang Valley
1648,Koyu Eac,IN-AR,27.775244,94.694459,,India;Arunachal Pradesh;Lower Siang
677,Kra Daadi,IN-AR,28.017789,93.672960,,India;Arunachal Pradesh
1721,Kronli (Arzoo Circle),IN-AR,28.868333,95.909961,,India;Arunachal Pradesh;Dibang Valley
233,Kurung Kumey,IN-AR,28.002616,93.206931,,India;Arunachal Pradesh
6098,Lada Circle,IN-AR,28.035268,94.673960,,India;Arunachal Pradesh;Bichom
1694,Laju Sdo,IN-AR,27.024225,95.543181,,India;Arunachal Pradesh;Tirap
1733,Lathao Circle,IN-AR,27.701176,96.043183,,India;Arunachal Pradesh;Namsai
1689,Lawnu Circle,IN-AR,26.855201,95.327659,,India;Arunachal Pradesh;Longding
1735,Lekang Mahadevpur Circle,IN-AR,27.701176,96.043183,,India;Arunachal Pradesh;Namsai
724,Leparada,IN-AR,27.925491,94.716086,,India;Arunachal Pradesh
1603,Leporiang Circle,IN-AR,27.270137,93.596281,,India;Arunachal Pradesh;Papum Pare
6555,Lhou Circle,IN-AR,27.662208,91.965169,,India;Arunachal Pradesh;Tawang
1640,Likabali Sdo,IN-AR,27.775244,94.694459,,India;Arunachal Pradesh;Lower Siang
1608,Limeking Circle,IN-AR,28.289938,93.929551,,India;Arunachal Pradesh;Upper Subansiri
1632,Liromoba Eac,IN-AR,28.159942,94.613450,,India;Arunachal Pradesh;West Siang
234,Lohit,IN-AR,27.929436,96.300479,,India;Arunachal Pradesh
666,Longding,IN-AR,26.855201,95.327659,,India;Arunachal Pradesh
6074,Longding Hq,IN-AR,26.855201,95.327659,,India;Arunachal Pradesh;Longding
6597,Longo Circle,IN-AR,27.024225,95.543181,,India;Arunachal Pradesh;Tirap
235,Lower Dibang Valley,IN-AR,28.254737,95.821628,,India;Arunachal Pradesh
719,Lower Siang,IN-AR,27.775244,94.694459,,India;Arunachal Pradesh
236,Lower Subansiri,IN-AR,27.588340,93.776522,,India;Arunachal Pradesh
1557,Lumla Adc,IN-AR,27.662208,91.965169,,India;Arunachal Pradesh;Tawang
6578,Lyngok Longtoi Circle,IN-AR,27.369957,96.353040,,India;Arunachal Pradesh;Changlang
1737,Manchal Circle,IN-AR,28.066616,96.856247,,India;Arunachal Pradesh;Anjaw
1673,Manmao Eac,IN-AR,27.369957,96.353040,,India;Arunachal Pradesh;Changlang
1666,Mariyang Adc,IN-AR,28.832949,94.915294,,India;Arunachal Pradesh;Upper Siang
6554,Maro Circle,IN-AR,28.289938,93.929551,,India;Arunachal Pradesh;Upper Subansiri
1656,Mebo Adc,IN-AR,28.048218,95.354000,,India;Arunachal Pradesh;East Siang
1622,Mechuka Adc,IN-AR,28.676965,94.260983,,India;Arunachal Pradesh;Shi Yomi
1604,Mengio Eac,IN-AR,27.270137,93.596281,,India;Arunachal Pradesh;Papum Pare
1740,Metengliang Circle,IN-AR,28.066616,96.856247,,India;Arunachal Pradesh;Anjaw
1680,Miao Adc,IN-AR,27.369957,96.353040,,India;Arunachal Pradesh;Changlang
1659,Migging Circle,IN-AR,28.832949,94.915294,,India;Arunachal Pradesh;Upper Siang
1717,Mipi,IN-AR,28.868333,95.909961,,India;Arunachal Pradesh;Dibang Valley
1623,Monigong Eac,IN-AR,28.676965,94.260983,,India;Arunachal Pradesh;Shi Yomi
1667,Mopom Adipasi Circle,IN-AR,28.832949,94.915294,,India;Arunachal Pradesh;Upper Siang
1563,Mukto Circle,IN-AR,27.662208,91.965169,,India;Arunachal Pradesh;Tawang
1609,Nacho Sdo,IN-AR,28.289938,93.929551,,India;Arunachal Pradesh;Upper Subansiri
1568,Nafra Adc,IN-AR,28.035268,94.673960,,India;Arunachal Pradesh;Bichom
1596,Naharlagun Eac,IN-AR,27.270137,93.596281,,India;Arunachal Pradesh;Papum Pare
1676,Nampong Sdo,IN-AR,27.369957,96.353040,,India;Arunachal Pradesh;Changlang
678,Namsai,IN-AR,27.701176,96.043183,,India;Arunachal Pradesh
1732,Namsai Hq,IN-AR,27.701176,96.043183,,India;Arunachal Pradesh;Namsai
6115,Namsing Circle,IN-AR,28.048218,95.354000,,India;Arunachal Pradesh;East Siang
6580,Namtok Eac,IN-AR,27.369957,96.353040,,India;Arunachal Pradesh;Changlang
1651,Nari Adc,IN-AR,27.775244,94.694459,,India;Arunachal Pradesh;Lower Siang
6575,New Seren Circle,IN-AR,27.775244,94.694459,,India;Arunachal Pradesh;Lower Siang
6587,Nikte Kodum Circle,IN-AR,28.159942,94.613450,,India;Arunachal Pradesh;West Siang
6552,Nilling Circle,IN-AR,28.289938,93.929551,,India;Arunachal Pradesh;Upper Subansiri
1706,Nyapin Adc,IN-AR,28.002616,93.206931,,India;Arunachal Pradesh;Kurung Kumey
6844,Nyobia Circle,IN-AR,28.002616,93.206931,,India;Arunachal Pradesh;Kurung Kumey
6107,Old Ziro Sdo,IN-AR,27.588340,93.776522,,India;Arunachal Pradesh;Lower Subansiri
1654,Oyan Circle,IN-AR,28.048218,95.354000,,India;Arunachal Pradesh;East Siang
723,Pakke Kessang,IN-AR,27.105402,93.035255,,India;Arunachal Pradesh
1581,Pakke Kessang Eac,IN-AR,27.105402,93.035255,,India;Arunachal Pradesh;Pakke Kessang
6848,Pakoti Circle,IN-AR,27.587861,92.917506,,India;Arunachal Pradesh;East Kameng
1703,Palin Circle,IN-AR,28.017789,93.672960,,India;Arunachal Pradesh;Kra Daadi
1660,Palling Circle,IN-AR,28.832949,94.915294,,India;Arunachal Pradesh;Upper Siang
1692,Pangchao Sdo,IN-AR,26.855201,95.327659,,India;Arunachal Pradesh;Longding
1645,Pangin Eac,IN-AR,28.404385,94.808912,,India;Arunachal Pradesh;Siang
237,Papum Pare,IN-AR,27.270137,93.596281,,India;Arunachal Pradesh
1602,Parang Circle,IN-AR,27.270137,93.596281,,India;Arunachal Pradesh;Papum Pare
6841,Parbuk Sdo,IN-AR,28.254737,95.821628,,India;Arunachal Pradesh;Lower Dibang Valley
6118,Pasighat Hq,IN-AR,28.048218,95.354000,,India;Arunachal Pradesh;East Siang
6846,Passa Valley Circle,IN-AR,27.105402,93.035255,,India;Arunachal Pradesh;Pakke Kessang
6140,Patuk Adc,IN-AR,28.002616,93.206931,,India;Arunachal Pradesh;Kurung Kumey
1612,Payeng Circle,IN-AR,28.289938,93.929551,,India;Arunachal Pradesh;Upper Subansiri
6607,Payum Circle,IN-AR,28.404385,94.808912,,India;Arunachal Pradesh;Siang
1707,Phassang Circle,IN-AR,28.002616,93.206931,,India;Arunachal Pradesh;Kurung Kumey
6590,Pidi Circle,IN-AR,28.676965,94.260983,,India;Arunachal Pradesh;Shi Yomi
1715,Pipsorang Circle,IN-AR,28.017789,93.672960,,India;Arunachal Pradesh;Kra Daadi
1587,Pipu Dipu Circle,IN-AR,27.587861,92.917506,,India;Arunachal Pradesh;East Kameng
6119,Pistana Circle,IN-AR,28.035268,94.673960,,India;Arunachal Pradesh;Keyi Panyor
6121,Piyong Circle,IN-AR,27.701176,96.043183,,India;Arunachal Pradesh;Namsai
6100,Pizirang Veo Circle,IN-AR,27.105402,93.035255,,India;Arunachal Pradesh;Pakke Kessang
6845,Polosang Circle,IN-AR,28.002616,93.206931,,India;Arunachal Pradesh;Kurung Kumey
1616,Puchi Geko Circle,IN-AR,27.741518,94.078176,,India;Arunachal Pradesh;Kamle
6584,Pumao Circle,IN-AR,26.855201,95.327659,,India;Arunachal Pradesh;Longding
6129,Raga Adc,IN-AR,27.741518,94.078176,,India;Arunachal Pradesh;Kamle
1647,Rebo Perging Circle,IN-AR,28.404385,94.808912,,India;Arunachal Pradesh;Siang
6577,Renuk Circle,IN-AR,27.369957,96.353040,,India;Arunachal Pradesh;Changlang
6101,Richukrong Circle,IN-AR,27.587861,92.917506,,India;Arunachal Pradesh;East Kameng
1644,Riga Eac,IN-AR,28.404385,94.808912,,India;Arunachal Pradesh;Siang
1724,Roing Hq,IN-AR,28.254737,95.821628,,India;Arunachal Pradesh;Lower Dibang Valley
1653,Ruksin Adc,IN-AR,28.048218,95.354000,,India;Arunachal Pradesh;East Siang
1630,Rumgong Adc,IN-AR,28.404385,94.808912,,India;Arunachal Pradesh;Siang
6560,Rupa Sdo,IN-AR,27.291857,92.393051,,India;Arunachal Pradesh;West Kameng
1601,Sagalee Adc,IN-AR,27.270137,93.596281,,India;Arunachal Pradesh;Papum Pare
6840,Sago,IN-AR,27.925491,94.716086,,India;Arunachal Pradesh;Leparada
6600,Sangdupota Basar Nello Circle,IN-AR,27.270137,93.596281,,India;Arunachal Pradesh;Papum Pare
1705,Sangram Sdo,IN-AR,28.002616,93.206931,,India;Arunachal Pradesh;Kurung Kumey
1712,Sarli Circle,IN-AR,28.002616,93.206931,,India;Arunachal Pradesh;Kurung Kumey
1591,Sawa Circle,IN-AR,27.587861,92.917506,,India;Arunachal Pradesh;East Kameng
6553,Segi Gusar Circle,IN-AR,28.289938,93.929551,,India;Arunachal Pradesh;Upper Subansiri
6104,Seijosa Adc,IN-AR,27.105402,93.035255,,India;Arunachal Pradesh;Pakke Kessang
1584,Seppa Hq,IN-AR,27.587861,92.917506,,India;Arunachal Pradesh;East Kameng
6566,Shergaon Circle,IN-AR,27.291857,92.393051,,India;Arunachal Pradesh;West Kameng
725,Shi Yomi,IN-AR,28.676965,94.260983,,India;Arunachal Pradesh
679,Siang,IN-AR,28.404385,94.808912,,India;Arunachal Pradesh
6573,Sibe Circle,IN-AR,27.775244,94.694459,,India;Arunachal Pradesh;Lower Siang
6843,Silsango Circle,IN-AR,27.270137,93.596281,,India;Arunachal Pradesh;Papum Pare
1662,Singa Circle,IN-AR,28.832949,94.915294,,India;Arunachal Pradesh;Upper Siang
1573,Singchung Adc,IN-AR,27.291857,92.393051,,India;Arunachal Pradesh;West Kameng
1610,Siyum Adc,IN-AR,28.289938,93.929551,,India;Arunachal Pradesh;Upper Subansiri
1685,Soha Circle,IN-AR,27.024225,95.543181,,India;Arunachal Pradesh;Tirap
1728,Sunpura Circle,IN-AR,27.929436,96.300479,,India;Arunachal Pradesh;Lohit
6549,Taksing Circle,IN-AR,28.289938,93.929551,,India;Arunachal Pradesh;Upper Subansiri
1716,Tali Adc,IN-AR,28.017789,93.672960,,India;Arunachal Pradesh;Kra Daadi
1611,Taliha Adc,IN-AR,28.289938,93.929551,,India;Arunachal Pradesh;Upper Subansiri
1711,Tarak Lengdi Cicle,IN-AR,28.017789,93.672960,,India;Arunachal Pradesh;Kra Daadi
1595,Taraso Circle,IN-AR,27.270137,93.596281,,India;Arunachal Pradesh;Papum Pare
6589,Tato Eac,IN-AR,28.676965,94.260983,,India;Arunachal Pradesh;Shi Yomi
238,Tawang,IN-AR,27.662208,91.965169,,India;Arunachal Pradesh
1559,Tawang Hq,IN-AR,27.662208,91.965169,,India;Arunachal Pradesh;Tawang
1729,Tezu Hq,IN-AR,27.929436,96.300479,,India;Arunachal Pradesh;Lohit
6565,Thembang Circle,IN-AR,27.291857,92.393051,,India;Arunachal Pradesh;West Kameng
6556,Thingbu Circle,IN-AR,27.662208,91.965169,,India;Arunachal Pradesh;Tawang
1575,Thrizino Adc,IN-AR,27.291857,92.393051,,India;Arunachal Pradesh;West Kameng
6581,Tikhak Rima Putok Circle,IN-AR,27.369957,96.353040,,India;Arunachal Pradesh;Changlang
1726,Tinali Paglam Circle,IN-AR,28.254737,95.821628,,India;Arunachal Pradesh;Lower Dibang Valley
239,Tirap,IN-AR,27.024225,95.543181,,India;Arunachal Pradesh
1635,Tirbin Eac,IN-AR,27.925491,94.716086,,India;Arunachal Pradesh;Leparada
1600,Toru Circle,IN-AR,27.270137,93.596281,,India;Arunachal Pradesh;Papum Pare
1658,Tuting Adc,IN-AR,28.832949,94.915294,,India;Arunachal Pradesh;Upper Siang
240,Upper Siang,IN-AR,28.832949,94.915294,,India;Arunachal Pradesh
241,Upper Subansiri,IN-AR,28.289938,93.929551,,India;Arunachal Pradesh
1679,Vijoynagar Eac,IN-AR,27.369957,96.353040,,India;Arunachal Pradesh;Changlang
6012,Wakka Sdo,IN-AR,26.855201,95.327659,,India;Arunachal Pradesh;Longding
1730,Wakro Circle,IN-AR,27.929436,96.300479,,India;Arunachal Pradesh;Lohit
1742,Walong Circle,IN-AR,28.066616,96.856247,,India;Arunachal Pradesh;Anjaw
242,West Kameng,IN-AR,27.291857,92.393051,,India;Arunachal Pradesh
243,West Siang,IN-AR,28.159942,94.613450,,India;Arunachal Pradesh
1697,Yachuli Adc,IN-AR,28.035268,94.673960,,India;Arunachal Pradesh;Keyi Panyor
1704,Yangte Circle,IN-AR,28.017789,93.672960,,India;Arunachal Pradesh;Kra Daadi
6579,Yatdam Circle,IN-AR,27.369957,96.353040,,India;Arunachal Pradesh;Changlang
1698,Yazali Circle,IN-AR,28.035268,94.673960,,India;Arunachal Pradesh;Keyi Panyor
1663,Yingkiong Circle,IN-AR,28.832949,94.915294,,India;Arunachal Pradesh;Upper Siang
1633,Yomcha Adc,IN-AR,28.159942,94.613450,,India;Arunachal Pradesh;West Siang
1556,Zemithang Circle,IN-AR,27.662208,91.965169,,India;Arunachal Pradesh;Tawang
1695,Ziro Hq,IN-AR,27.588340,93.776522,,India;Arunachal Pradesh;Lower Subansiri
2006,Agamoni,IN-AS,26.142595,90.042012,,India;Assam;Dhubri
2106,Algapur,IN-AS,24.497097,92.587787,,India;Assam;Hailakandi
2072,Amguri,IN-AS,26.970450,94.664944,,India;Assam;Sivasagar
7116,Athani,IN-AS,26.142595,90.042012,,India;Assam;Dhubri
2127,Azara,IN-AS,26.128528,91.891940,,India;Assam;Kamrup Metro
2102,Badarpur,IN-AS,24.579503,92.379052,,India;Assam;Sribhumi
2139,Baganpara,IN-AS,26.660208,91.351220,,India;Assam;Baksa
2020,Baghbor,IN-AS,26.341730,91.003652,,India;Assam;Barpeta
2005,Bagribari,IN-AS,26.492770,90.118799,,India;Assam;Kokrajhar
739,Bajali,IN-AS,26.355278,92.827110,,India;Assam
2024,Bajali (Pt),IN-AS,26.355278,92.827110,,India;Assam;Bajali
616,Baksa,IN-AS,26.660208,91.351220,,India;Assam
2014,Balijana,IN-AS,26.050242,90.607466,,India;Assam;Goalpara
2137,Banekuchi,IN-AS,26.370536,91.382421,,India;Assam;Nalbari
5935,Barama,IN-AS,26.660208,91.351220,,India;Assam;Baksa
2135,Barbhag,IN-AS,26.370536,91.382421,,India;Assam;Nalbari
2134,Barkhetri,IN-AS,26.370536,91.382421,,India;Assam;Nalbari
2018,Barnagar (Pt),IN-AS,26.341730,91.003652,,India;Assam;Barpeta
280,Barpeta,IN-AS,26.341730,91.003652,,India;Assam
2022,Barpeta,IN-AS,26.341730,91.003652,,India;Assam;Barpeta
2143,Baska,IN-AS,26.660208,91.351220,,India;Assam;Baksa
2113,Bengtol,IN-AS,26.659673,90.595862,,India;Assam;Chirang
2002,Bhawraguri,IN-AS,26.492770,90.118799,,India;Assam;Kokrajhar
2027,Bhuragaon,IN-AS,26.281812,92.284050,,India;Assam;Marigaon
2049,Bihpuria,IN-AS,27.174006,94.140707,,India;Assam;Lakhimpur
2115,Bijni,IN-AS,26.659673,90.595862,,India;Assam;Chirang
6018,Bilasipara Pt,IN-AS,26.142595,90.042012,,India;Assam;Dhubri
705,Biswanath,IN-AS,26.812104,93.312825,,India;Assam
2045,Biswanath,IN-AS,26.812104,93.312825,,India;Assam;Biswanath
2111,Boitamari,IN-AS,26.354045,90.614044,,India;Assam;Bongaigaon
2082,Bokakhat,IN-AS,26.443087,93.831353,,India;Assam;Golaghat
2124,Boko,IN-AS,26.100380,91.416295,,India;Assam;Kamrup
281,Bongaigaon,IN-AS,26.354045,90.614044,,India;Assam
2110,Bongaigaon (Pt),IN-AS,26.354045,90.614044,,India;Assam;Bongaigaon
282,Cachar,IN-AS,24.812469,92.854835,,India;Assam
2065,Chabua,IN-AS,27.366986,95.053106,,India;Assam;Dibrugarh
2122,Chamaria,IN-AS,26.100380,91.416295,,India;Assam;Kamrup
2131,Chandrapur,IN-AS,26.128528,91.891940,,India;Assam;Kamrup Metro
6019,Chapar Pt,IN-AS,26.142595,90.042012,,India;Assam;Dhubri
708,Charaideo,IN-AS,27.067765,95.059768,,India;Assam
2042,Chariduar,IN-AS,26.758534,92.651006,,India;Assam;Sonitpur
2021,Chenga,IN-AS,26.341730,91.003652,,India;Assam;Barpeta
2120,Chhaygaon,IN-AS,26.100380,91.416295,,India;Assam;Kamrup
612,Chirang,IN-AS,26.659673,90.595862,,India;Assam
2149,Dalgaon (Pt),IN-AS,26.447690,92.029452,,India;Assam;Darrang
7110,Dangtal Revenue Circle,IN-AS,26.354045,90.614044,,India;Assam;Bongaigaon
283,Darrang,IN-AS,26.447690,92.029452,,India;Assam
2084,Dergaon,IN-AS,26.443087,93.831353,,India;Assam;Golaghat
2053,Dhakuakhana (Pt-I),IN-AS,27.174006,94.140707,,India;Assam;Lakhimpur
2041,Dhekiajuli (Pt),IN-AS,26.758534,92.651006,,India;Assam;Sonitpur
284,Dhemaji,IN-AS,27.589777,94.774961,,India;Assam
2055,Dhemaji,IN-AS,27.589777,94.774961,,India;Assam;Dhemaji
2034,Dhing,IN-AS,26.362398,92.753571,,India;Assam;Nagaon
285,Dhubri,IN-AS,26.142595,90.042012,,India;Assam
6014,Dhubri,IN-AS,26.142595,90.042012,,India;Assam;Dhubri
286,Dibrugarh,IN-AS,27.366986,95.053106,,India;Assam
2064,Dibrugarh East,IN-AS,27.366986,95.053106,,India;Assam;Dibrugarh
2063,Dibrugarh West,IN-AS,27.366986,95.053106,,India;Assam;Dibrugarh
299,Dima Hasao,IN-AS,25.377940,93.030966,,India;Assam
2070,Dimow,IN-AS,26.970450,94.664944,,India;Assam;Sivasagar
2089,Diphu,IN-AS,26.156857,93.404795,,India;Assam;Karbi Anglong
2129,Dispur,IN-AS,26.128528,91.891940,,India;Assam;Kamrup Metro
2039,Doboka,IN-AS,25.978201,92.979926,,India;Assam;Hojai
2088,Donka,IN-AS,25.849996,92.532969,,India;Assam;West Karbi Anglong
2060,Doom Dooma,IN-AS,27.579952,95.619579,,India;Assam;Tinsukia
2003,Dotma,IN-AS,26.492770,90.118799,,India;Assam;Kokrajhar
2016,Dudhnai,IN-AS,26.050242,90.607466,,India;Assam;Goalpara
7115,Gauripur,IN-AS,26.142595,90.042012,,India;Assam;Dhubri
2138,Ghograpar (Pt),IN-AS,26.370536,91.382421,,India;Assam;Nalbari
287,Goalpara,IN-AS,26.050242,90.607466,,India;Assam
2058,Gogamukh,IN-AS,27.589777,94.774961,,India;Assam;Dhemaji
2047,Gohpur,IN-AS,26.812104,93.312825,,India;Assam;Biswanath
288,Golaghat,IN-AS,26.443087,93.831353,,India;Assam
2085,Golaghat,IN-AS,26.443087,93.831353,,India;Assam;Golaghat
6015,Golakganj Pt,IN-AS,26.142595,90.042012,,India;Assam;Dhubri
2141,Goreswar,IN-AS,26.355278,92.827110,,India;Assam;Tamulpur
2121,Goroimari,IN-AS,26.100380,91.416295,,India;Assam;Kamrup
2001,Gossaigaon,IN-AS,26.492770,90.118799,,India;Assam;Kokrajhar
2128,Guwahati,IN-AS,26.128528,91.891940,,India;Assam;Kamrup Metro
2093,Haflong,IN-AS,25.377940,93.030966,,India;Assam;Dima Hasao
289,Hailakandi,IN-AS,24.497097,92.587787,,India;Assam
2107,Hailakandi,IN-AS,24.497097,92.587787,,India;Assam;Hailakandi
2119,Hajo,IN-AS,26.100380,91.416295,,India;Assam;Kamrup
2151,Harisinga,IN-AS,26.730123,92.031407,,India;Assam;Udalguri
2046,Helem,IN-AS,26.812104,93.312825,,India;Assam;Biswanath
709,Hojai,IN-AS,25.978201,92.979926,,India;Assam
2038,Hojai,IN-AS,25.978201,92.979926,,India;Assam;Hojai
2140,Jalah,IN-AS,26.660208,91.351220,,India;Assam;Baksa
2057,Jonai,IN-AS,27.589777,94.774961,,India;Assam;Dhemaji
290,Jorhat,IN-AS,26.695491,94.276417,,India;Assam
2078,Jorhat East,IN-AS,26.695491,94.276417,,India;Assam;Jorhat
2077,Jorhat West,IN-AS,26.695491,94.276417,,India;Assam;Jorhat
2051,Kadam,IN-AS,27.174006,94.140707,,India;Assam;Lakhimpur
6427,Kalaigaon,IN-AS,26.730123,92.031407,,India;Assam;Udalguri
2019,Kalgachia,IN-AS,26.341730,91.003652,,India;Assam;Barpeta
2031,Kaliabor,IN-AS,26.362398,92.753571,,India;Assam;Nagaon
2118,Kamalpur,IN-AS,26.100380,91.416295,,India;Assam;Kamrup
2037,Kampur,IN-AS,26.362398,92.753571,,India;Assam;Nagaon
291,Kamrup,IN-AS,26.100380,91.416295,,India;Assam
618,Kamrup Metro,IN-AS,26.128528,91.891940,,India;Assam
292,Karbi Anglong,IN-AS,26.156857,93.404795,,India;Assam
2101,Karimganj,IN-AS,24.579503,92.379052,,India;Assam;Sribhumi
2096,Katigora,IN-AS,24.812469,92.854835,,India;Assam;Cachar
2109,Katlichara,IN-AS,24.497097,92.587787,,India;Assam;Hailakandi
6428,Khoirabari,IN-AS,26.730123,92.031407,,India;Assam;Udalguri
2083,Khumtai,IN-AS,26.443087,93.831353,,India;Assam;Golaghat
294,Kokrajhar,IN-AS,26.492770,90.118799,,India;Assam
6403,Kokrajhar,IN-AS,26.492770,90.118799,,India;Assam;Kokrajhar
2117,Koya,IN-AS,26.100380,91.416295,,India;Assam;Kamrup
2028,Laharighat,IN-AS,26.281812,92.284050,,India;Assam;Marigaon
295,Lakhimpur,IN-AS,27.174006,94.140707,,India;Assam
2013,Lakhipur,IN-AS,26.050242,90.607466,,India;Assam;Goalpara
2100,Lakhipur,IN-AS,24.812469,92.854835,,India;Assam;Cachar
2108,Lala,IN-AS,24.497097,92.587787,,India;Assam;Hailakandi
2040,Lanka,IN-AS,25.978201,92.979926,,India;Assam;Hojai
2075,Mahmora,IN-AS,27.067765,95.059768,,India;Assam;Charaideo
706,Majuli,IN-AS,26.938190,94.171745,,India;Assam
2076,Majuli,IN-AS,26.938190,94.171745,,India;Assam;Majuli
2148,Mangaldoi (Pt),IN-AS,26.447690,92.029452,,India;Assam;Darrang
7199,Manikpur,IN-AS,26.354045,90.614044,,India;Assam;Bongaigaon
2012,Mankachar,IN-AS,25.778073,89.931723,,India;Assam;South Salmara Mancachar
2062,Margherita,IN-AS,27.579952,95.619579,,India;Assam;Tinsukia
2081,Mariani,IN-AS,26.695491,94.276417,,India;Assam;Jorhat
296,Marigaon,IN-AS,26.281812,92.284050,,India;Assam
2029,Marigaon,IN-AS,26.281812,92.284050,,India;Assam;Marigaon
2015,Matia,IN-AS,26.050242,90.607466,,India;Assam;Goalpara
2026,Mayong,IN-AS,26.281812,92.284050,,India;Assam;Marigaon
2153,Mazbat,IN-AS,26.730123,92.031407,,India;Assam;Udalguri
2030,Mikirbheta,IN-AS,26.281812,92.284050,,India;Assam;Marigaon
2067,Moran,IN-AS,27.366986,95.053106,,India;Assam;Dibrugarh
2086,Morangi,IN-AS,26.443087,93.831353,,India;Assam;Golaghat
2044,Na-Duar,IN-AS,26.812104,93.312825,,India;Assam;Biswanath
7416,Naduar,IN-AS,26.758534,92.651006,,India;Assam;Sonitpur
297,Nagaon,IN-AS,26.362398,92.753571,,India;Assam
2035,Nagaon,IN-AS,26.362398,92.753571,,India;Assam;Nagaon
2123,Nagarbera,IN-AS,26.100380,91.416295,,India;Assam;Kamrup
2069,Naharkatiya,IN-AS,27.366986,95.053106,,India;Assam;Dibrugarh
298,Nalbari,IN-AS,26.370536,91.382421,,India;Assam
2136,Nalbari,IN-AS,26.370536,91.382421,,India;Assam;Nalbari
2050,Naobaicha,IN-AS,27.174006,94.140707,,India;Assam;Lakhimpur
2048,Narayanpur,IN-AS,27.174006,94.140707,,India;Assam;Lakhimpur
2073,Nazira,IN-AS,26.970450,94.664944,,India;Assam;Sivasagar
2103,Nilambazar,IN-AS,24.579503,92.379052,,India;Assam;Sribhumi
2126,North Guwahati,IN-AS,26.100380,91.416295,,India;Assam;Kamrup
2052,North Lakhimpur,IN-AS,27.174006,94.140707,,India;Assam;Lakhimpur
2133,Pachim Nalbari,IN-AS,26.370536,91.382421,,India;Assam;Nalbari
2125,Palasbari,IN-AS,26.100380,91.416295,,India;Assam;Kamrup
2104,Patharkandi,IN-AS,24.579503,92.379052,,India;Assam;Sribhumi
2146,Pathorighat (Pt),IN-AS,26.447690,92.029452,,India;Assam;Darrang
2090,Phuloni,IN-AS,26.156857,93.404795,,India;Assam;Karbi Anglong
7415,Pub Mangaldai,IN-AS,26.447690,92.029452,,India;Assam;Darrang
2036,Raha,IN-AS,26.362398,92.753571,,India;Assam;Nagaon
2105,Ramkrishna Nagar,IN-AS,24.579503,92.379052,,India;Assam;Sribhumi
5934,Rangia,IN-AS,26.100380,91.416295,,India;Assam;Kamrup
2017,Rangjuli,IN-AS,26.050242,90.607466,,India;Assam;Goalpara
2033,Rupahi,IN-AS,26.362398,92.753571,,India;Assam;Nagaon
2059,Sadiya,IN-AS,27.579952,95.619579,,India;Assam;Tinsukia
2032,Samaguri,IN-AS,26.362398,92.753571,,India;Assam;Nagaon
7054,Sapekhati,IN-AS,27.067765,95.059768,,India;Assam;Charaideo
2023,Sarthebari,IN-AS,26.341730,91.003652,,India;Assam;Barpeta
2087,Sarupathar,IN-AS,26.443087,93.831353,,India;Assam;Golaghat
2025,Sarupeta (Pt),IN-AS,26.355278,92.827110,,India;Assam;Bajali
2071,Sibsagar,IN-AS,26.970450,94.664944,,India;Assam;Sivasagar
2114,Sidli,IN-AS,26.659673,90.595862,,India;Assam;Chirang
2097,Silchar,IN-AS,24.812469,92.854835,,India;Assam;Cachar
2091,Silonijan,IN-AS,26.156857,93.404795,,India;Assam;Karbi Anglong
2147,Sipajhar,IN-AS,26.447690,92.029452,,India;Assam;Darrang
2056,Sissibargaon,IN-AS,27.589777,94.774961,,India;Assam;Dhemaji
300,Sivasagar,IN-AS,26.970450,94.664944,,India;Assam
2099,Sonai,IN-AS,24.812469,92.854835,,India;Assam;Cachar
2130,Sonapur,IN-AS,26.128528,91.891940,,India;Assam;Kamrup Metro
2074,Sonari,IN-AS,27.067765,95.059768,,India;Assam;Charaideo
7602,Sonari Part,IN-AS,26.970450,94.664944,,India;Assam;Sivasagar
301,Sonitpur,IN-AS,26.758534,92.651006,,India;Assam
2011,South Salmara,IN-AS,25.778073,89.931723,,India;Assam;South Salmara Mancachar
707,South Salmara Mancachar,IN-AS,25.778073,89.931723,,India;Assam
7417,South Salmara Pt,IN-AS,26.142595,90.042012,,India;Assam;Dhubri
293,Sribhumi,IN-AS,24.579503,92.379052,,India;Assam
2112,Srijangram,IN-AS,26.354045,90.614044,,India;Assam;Bongaigaon
2054,Subansiri (Pt-I),IN-AS,27.174006,94.140707,,India;Assam;Lakhimpur
756,Tamulpur,IN-AS,26.355278,92.827110,,India;Assam
2144,Tamulpur,IN-AS,26.355278,92.827110,,India;Assam;Tamulpur
2066,Tengakhat,IN-AS,27.366986,95.053106,,India;Assam;Dibrugarh
2079,Teok,IN-AS,26.695491,94.276417,,India;Assam;Jorhat
2043,Tezpur,IN-AS,26.758534,92.651006,,India;Assam;Sonitpur
7049,Thelamara,IN-AS,26.758534,92.651006,,India;Assam;Sonitpur
2132,Tihu (Pt),IN-AS,26.370536,91.382421,,India;Assam;Nalbari
2068,Tingkhong,IN-AS,27.366986,95.053106,,India;Assam;Dibrugarh
302,Tinsukia,IN-AS,27.579952,95.619579,,India;Assam
2061,Tinsukia,IN-AS,27.579952,95.619579,,India;Assam;Tinsukia
2080,Titabor,IN-AS,26.695491,94.276417,,India;Assam;Jorhat
617,Udalguri,IN-AS,26.730123,92.031407,,India;Assam
2152,Udalguri,IN-AS,26.730123,92.031407,,India;Assam;Udalguri
2098,Udarbond,IN-AS,24.812469,92.854835,,India;Assam;Cachar
7114,Ujani Majuli Circle,IN-AS,26.938190,94.171745,,India;Assam;Majuli
710,West Karbi Anglong,IN-AS,25.849996,92.532969,,India;Assam
1032,Adapur,IN-BR,26.618344,84.921996,,India;Bihar;Purbi Champaran
1456,Adhaura,IN-BR,24.991849,83.605603,,India;Bihar;Kaimur (Bhabua)
1432,Agiaon,IN-BR,25.470829,84.542485,,India;Bihar;Bhojpur
1519,Akbarpur,IN-BR,24.811001,85.589668,,India;Bihar;Nawada
1472,Akorhi Gola,IN-BR,24.979822,84.025967,,India;Bihar;Rohtas
1169,Alamnagar,IN-BR,25.822712,86.898913,,India;Bihar;Madhepura
1322,Alauli,IN-BR,25.511006,86.601532,,India;Bihar;Khagaria
1187,Alinagar,IN-BR,26.084387,86.054245,,India;Bihar;Darbhanga
1346,Amarpur,IN-BR,24.854081,86.837107,,India;Bihar;Banka
1499,Amas,IN-BR,24.696793,84.934254,,India;Bihar;Gaya
1157,Amdabad,IN-BR,25.548653,87.640579,,India;Bihar;Katihar
1261,Amnour,IN-BR,25.905685,84.823193,,India;Bihar;Saran
1138,Amour,IN-BR,25.815393,87.405089,,India;Bihar;Purnia
1243,Andar,IN-BR,26.161266,84.386962,,India;Bihar;Siwan
1096,Andhratharhi,IN-BR,26.402234,86.221843,,India;Bihar;Madhubani
188,Araria,IN-BR,26.198668,87.363318,,India;Bihar
1116,Araria,IN-BR,26.198668,87.363318,,India;Bihar;Araria
1045,Areraj,IN-BR,26.618344,84.921996,,India;Bihar;Purbi Champaran
1377,Ariari,IN-BR,25.123650,85.838344,,India;Bihar;Sheikhpura
1422,Arrah,IN-BR,25.470829,84.542485,,India;Bihar;Bhojpur
611,Arwal,IN-BR,25.163235,84.677455,,India;Bihar
1542,Arwal,IN-BR,25.163235,84.677455,,India;Bihar;Arwal
1361,Asarganj,IN-BR,25.210030,86.526055,,India;Bihar;Munger
1385,Asthawan,IN-BR,25.219052,85.450164,,India;Bihar;Nalanda
1415,Athmalgola,IN-BR,25.455947,85.223570,,India;Bihar;Patna
1493,Atri,IN-BR,24.696793,84.934254,,India;Bihar;Gaya
1207,Aurai,IN-BR,26.152133,85.328539,,India;Bihar;Muzaffarpur
189,Aurangabad,IN-BR,24.790895,84.408740,,India;Bihar
1481,Aurangabad,IN-BR,24.790895,84.408740,,India;Bihar;Aurangabad
1148,Azamnagar,IN-BR,25.548653,87.640579,,India;Bihar;Katihar
1088,Babubarhi,IN-BR,26.402234,86.221843,,India;Bihar;Madhubani
1310,Bachhwara,IN-BR,25.496664,86.129714,,India;Bihar;Begusarai
1019,Bagaha,IN-BR,27.079822,84.338905,,India;Bihar;Pashchim Champaran
1125,Bahadurganj,IN-BR,26.296361,87.935551,,India;Bihar;Kishanganj
1189,Bahadurpur,IN-BR,26.084387,86.054245,,India;Bihar;Darbhanga
1192,Baheri,IN-BR,26.084387,86.054245,,India;Bihar;Darbhanga
1228,Baikunthpur,IN-BR,26.443845,84.373836,,India;Bihar;Gopalganj
1063,Bairgania,IN-BR,26.585083,85.552608,,India;Bihar;Sitamarhi
1029,Bairia,IN-BR,27.079822,84.338905,,India;Bihar;Pashchim Champaran
1139,Baisa,IN-BR,25.815393,87.405089,,India;Bihar;Purnia
1140,Baisi,IN-BR,25.815393,87.405089,,India;Bihar;Purnia
1075,Bajpatti,IN-BR,26.585083,85.552608,,India;Bihar;Sitamarhi
1316,Bakhri,IN-BR,25.496664,86.129714,,India;Bihar;Begusarai
1414,Bakhtiarpur,IN-BR,25.455947,85.223570,,India;Bihar;Patna
1319,Balia,IN-BR,25.496664,86.129714,,India;Bihar;Begusarai
1146,Balrampur,IN-BR,25.548653,87.640579,,India;Bihar;Katihar
1210,Bandra,IN-BR,26.152133,85.328539,,India;Bihar;Muzaffarpur
1252,Baniapur,IN-BR,25.905685,84.823193,,India;Bihar;Saran
1035,Banjaria,IN-BR,26.618344,84.921996,,India;Bihar;Purbi Champaran
190,Banka,IN-BR,24.854081,86.837107,,India;Bihar
1350,Banka,IN-BR,24.854081,86.837107,,India;Bihar;Banka
1037,Bankatwa,IN-BR,26.618344,84.921996,,India;Bihar;Purbi Champaran
1500,Banke Bazar,IN-BR,24.696793,84.934254,,India;Bihar;Gaya
1180,Banma Itahri,IN-BR,25.814227,86.590738,,India;Bihar;Saharsa
1128,Banmankhi,IN-BR,25.815393,87.405089,,India;Bihar;Purnia
1510,Barachatti,IN-BR,24.696793,84.934254,,India;Bihar;Gaya
1349,Barahat,IN-BR,24.854081,86.837107,,India;Bihar;Banka
1365,Barahiya,IN-BR,25.161234,86.136725,,India;Bihar;Lakhisarai
1153,Barari,IN-BR,25.548653,87.640579,,India;Bihar;Katihar
1226,Barauli,IN-BR,26.443845,84.373836,,India;Bihar;Gopalganj
1312,Barauni,IN-BR,25.496664,86.129714,,India;Bihar;Begusarai
1372,Barbigha,IN-BR,25.123650,85.838344,,India;Bihar;Sheikhpura
1417,Barh,IN-BR,25.455947,85.223570,,India;Bihar;Patna
1437,Barhampur,IN-BR,25.491965,84.099685,,India;Bihar;Buxar
1423,Barhara,IN-BR,25.470829,84.542485,,India;Bihar;Bhojpur
1129,Barhara,IN-BR,25.815393,87.405089,,India;Bihar;Purnia
1231,Barharia,IN-BR,26.161266,84.386962,,India;Bihar;Siwan
1528,Barhat,IN-BR,24.783624,86.293785,,India;Bihar;Jamui
1357,Bariarpur,IN-BR,25.210030,86.526055,,India;Bihar;Munger
1147,Barsoi,IN-BR,25.548653,87.640579,,India;Bihar;Katihar
1482,Barun,IN-BR,24.790895,84.408740,,India;Bihar;Aurangabad
1200,Baruraj (Motipur),IN-BR,26.152133,85.328539,,India;Bihar;Muzaffarpur
1102,Basantpur,IN-BR,26.245094,86.808186,,India;Bihar;Supaul
1234,Basantpur,IN-BR,26.161266,84.386962,,India;Bihar;Siwan
1082,Basopatti,IN-BR,26.402234,86.221843,,India;Bihar;Madhubani
1069,Bathnaha,IN-BR,26.585083,85.552608,,India;Bihar;Sitamarhi
1355,Bausi,IN-BR,24.854081,86.837107,,India;Bihar;Banka
191,Begusarai,IN-BR,25.496664,86.129714,,India;Bihar
1314,Begusarai,IN-BR,25.496664,86.129714,,India;Bihar;Begusarai
1427,Behea,IN-BR,25.470829,84.542485,,India;Bihar;Bhojpur
1489,Belaganj,IN-BR,24.696793,84.934254,,India;Bihar;Gaya
1416,Belchhi,IN-BR,25.455947,85.223570,,India;Bihar;Patna
1326,Beldaur,IN-BR,25.511006,86.601532,,India;Bihar;Khagaria
1352,Belhar,IN-BR,24.854081,86.837107,,India;Bihar;Banka
1072,Belsand,IN-BR,26.585083,85.552608,,India;Bihar;Sitamarhi
1393,Ben,IN-BR,25.219052,85.450164,,India;Bihar;Nalanda
1091,Benipatti,IN-BR,26.402234,86.221843,,India;Bihar;Madhubani
1188,Benipur,IN-BR,26.084387,86.054245,,India;Bihar;Darbhanga
1028,Bettiah,IN-BR,27.079822,84.338905,,India;Bihar;Pashchim Champaran
1453,Bhabua,IN-BR,24.991849,83.605603,,India;Bihar;Kaimur (Bhabua)
192,Bhagalpur,IN-BR,25.269569,87.082847,,India;Bihar
1308,Bhagwanpur,IN-BR,25.496664,86.129714,,India;Bihar;Begusarai
1455,Bhagwanpur,IN-BR,24.991849,83.605603,,India;Bihar;Kaimur (Bhabua)
1271,Bhagwanpur,IN-BR,25.763071,85.368195,,India;Bihar;Vaishali
1235,Bhagwanpur Hat,IN-BR,26.161266,84.386962,,India;Bihar;Siwan
1114,Bhargama,IN-BR,26.198668,87.363318,,India;Bihar;Araria
1130,Bhawanipur,IN-BR,25.815393,87.405089,,India;Bihar;Purnia
1022,Bhitaha,IN-BR,27.079822,84.338905,,India;Bihar;Pashchim Champaran
193,Bhojpur,IN-BR,25.470829,84.542485,,India;Bihar
1217,Bhorey,IN-BR,26.443845,84.373836,,India;Bihar;Gopalganj
1299,Bibhutpur,IN-BR,25.772996,85.865723,,India;Bihar;Samastipur
1280,Bidupur,IN-BR,25.763071,85.368195,,India;Bihar;Vaishali
1386,Bihar,IN-BR,25.219052,85.450164,,India;Bihar;Nalanda
1166,Bihariganj,IN-BR,25.822712,86.898913,,India;Bihar;Madhepura
1330,Bihpur,IN-BR,25.269569,87.082847,,India;Bihar;Bhagalpur
1403,Bihta,IN-BR,25.455947,85.223570,,India;Bihar;Patna
1216,Bijaipur,IN-BR,26.443845,84.373836,,India;Bihar;Gopalganj
1405,Bikram,IN-BR,25.455947,85.223570,,India;Bihar;Patna
1461,Bikramganj,IN-BR,24.979822,84.025967,,India;Bihar;Rohtas
1383,Bind,IN-BR,25.219052,85.450164,,India;Bihar;Nalanda
1193,Biraul,IN-BR,26.084387,86.054245,,India;Bihar;Darbhanga
1313,Birpur,IN-BR,25.496664,86.129714,,India;Bihar;Begusarai
1092,Bisfi,IN-BR,26.402234,86.221843,,India;Bihar;Madhubani
1303,Bithan,IN-BR,25.772996,85.865723,,India;Bihar;Samastipur
1206,Bochaha,IN-BR,26.152133,85.328539,,India;Bihar;Muzaffarpur
1505,Bodh Gaya,IN-BR,24.696793,84.934254,,India;Bihar;Gaya
1079,Bokhara,IN-BR,26.585083,85.552608,,India;Bihar;Sitamarhi
194,Buxar,IN-BR,25.491965,84.099685,,India;Bihar
1441,Buxar,IN-BR,25.491965,84.099685,,India;Bihar;Buxar
1452,Chainpur,IN-BR,24.991849,83.605603,,India;Bihar;Kaimur (Bhabua)
1534,Chakai,IN-BR,24.783624,86.293785,,India;Bihar;Jamui
1051,Chakia(Pipra),IN-BR,26.618344,84.921996,,India;Bihar;Purbi Champaran
1436,Chakki,IN-BR,25.491965,84.099685,,India;Bihar;Buxar
1353,Chanan,IN-BR,24.854081,86.837107,,India;Bihar;Banka
1369,Chanan*,IN-BR,25.161234,86.136725,,India;Bihar;Lakhisarai
1451,Chand,IN-BR,24.991849,83.605603,,India;Bihar;Kaimur (Bhabua)
1381,Chandi,IN-BR,25.219052,85.450164,,India;Bihar;Nalanda
1025,Chanpatia,IN-BR,27.079822,84.338905,,India;Bihar;Pashchim Champaran
1258,Chapra,IN-BR,25.905685,84.823193,,India;Bihar;Saran
1076,Charaut,IN-BR,26.585083,85.552608,,India;Bihar;Sitamarhi
1430,Charpokhari,IN-BR,25.470829,84.542485,,India;Bihar;Bhojpur
1438,Chaugain,IN-BR,25.491965,84.099685,,India;Bihar;Buxar
1442,Chausa,IN-BR,25.491965,84.099685,,India;Bihar;Buxar
1170,Chausa,IN-BR,25.822712,86.898913,,India;Bihar;Madhepura
1325,Chautham,IN-BR,25.511006,86.601532,,India;Bihar;Khagaria
1273,Chehra Kalan,IN-BR,25.763071,85.368195,,India;Bihar;Vaishali
1468,Chenari,IN-BR,24.979822,84.025967,,India;Bihar;Rohtas
1307,Cheria Bariarpur,IN-BR,25.496664,86.129714,,India;Bihar;Begusarai
1376,Chewara,IN-BR,25.123650,85.838344,,India;Bihar;Sheikhpura
1103,Chhatapur,IN-BR,26.245094,86.808186,,India;Bihar;Supaul
1305,Chhorahi,IN-BR,25.496664,86.129714,,India;Bihar;Begusarai
1040,Chiraia,IN-BR,26.618344,84.921996,,India;Bihar;Purbi Champaran
1141,Dagarua,IN-BR,25.815393,87.405089,,India;Bihar;Purnia
1297,Dalsinghsarai,IN-BR,25.772996,85.865723,,India;Bihar;Samastipur
1317,Dandari,IN-BR,25.496664,86.129714,,India;Bihar;Begusarai
1150,Dandkhora,IN-BR,25.548653,87.640579,,India;Bihar;Katihar
1412,Daniawan,IN-BR,25.455947,85.223570,,India;Bihar;Patna
1242,Darauli,IN-BR,26.161266,84.386962,,India;Bihar;Siwan
1246,Daraundha,IN-BR,26.161266,84.386962,,India;Bihar;Siwan
195,Darbhanga,IN-BR,26.084387,86.054245,,India;Bihar
1184,Darbhanga,IN-BR,26.084387,86.054245,,India;Bihar;Darbhanga
1264,Dariapur,IN-BR,25.905685,84.823193,,India;Bihar;Saran
1476,Daudnagar,IN-BR,24.790895,84.408740,,India;Bihar;Aurangabad
1459,Dawath,IN-BR,24.979822,84.025967,,India;Bihar;Rohtas
1473,Dehri,IN-BR,24.979822,84.025967,,India;Bihar;Rohtas
1485,Deo,IN-BR,24.790895,84.408740,,India;Bihar;Aurangabad
1281,Desri,IN-BR,25.763071,85.368195,,India;Bihar;Vaishali
1039,Dhaka,IN-BR,26.618344,84.921996,,India;Bihar;Purbi Champaran
1132,Dhamdaha,IN-BR,25.815393,87.405089,,India;Bihar;Purnia
1409,Dhanarua,IN-BR,25.455947,85.223570,,India;Bihar;Patna
1359,Dharhara,IN-BR,25.210030,86.526055,,India;Bihar;Munger
1211,Dholi (Moraul),IN-BR,26.152133,85.328539,,India;Bihar;Muzaffarpur
1348,Dhuraiya,IN-BR,24.854081,86.837107,,India;Bihar;Banka
7449,Didarganj,IN-BR,25.455947,85.223570,,India;Bihar;Patna
1122,Dighalbank,IN-BR,26.296361,87.935551,,India;Bihar;Kishanganj
1266,Dighwara,IN-BR,25.905685,84.823193,,India;Bihar;Saran
1399,Dinapur-Cum-Khagaul,IN-BR,25.455947,85.223570,,India;Bihar;Patna
1458,Dinara,IN-BR,24.979822,84.025967,,India;Bihar;Rohtas
1504,Dobhi,IN-BR,24.696793,84.934254,,India;Bihar;Gaya
1406,Dulhin Bazar,IN-BR,25.455947,85.223570,,India;Bihar;Patna
1502,Dumaria,IN-BR,24.696793,84.934254,,India;Bihar;Gaya
1074,Dumra,IN-BR,26.585083,85.552608,,India;Bihar;Sitamarhi
1440,Dumraon,IN-BR,25.491965,84.099685,,India;Bihar;Buxar
1061,Dumri Katsari,IN-BR,26.497836,85.301880,,India;Bihar;Sheohar
1450,Durgawati,IN-BR,24.991849,83.605603,,India;Bihar;Kaimur (Bhabua)
1391,Ekangarsarai,IN-BR,25.219052,85.450164,,India;Bihar;Nalanda
1254,Ekma,IN-BR,25.905685,84.823193,,India;Bihar;Saran
1142,Falka,IN-BR,25.548653,87.640579,,India;Bihar;Katihar
1508,Fatehpur,IN-BR,24.696793,84.934254,,India;Bihar;Gaya
1411,Fatwah,IN-BR,25.455947,85.223570,,India;Bihar;Patna
1113,Forbesganj,IN-BR,26.198668,87.363318,,India;Bihar;Araria
1209,Gaighat,IN-BR,26.152133,85.328539,,India;Bihar;Muzaffarpur
1158,Gamharia,IN-BR,25.822712,86.898913,,India;Bihar;Madhepura
1431,Garhani,IN-BR,25.470829,84.542485,,India;Bihar;Bhojpur
1306,Garhpura,IN-BR,25.496664,86.129714,,India;Bihar;Begusarai
1265,Garkha,IN-BR,25.905685,84.823193,,India;Bihar;Saran
1015,Gaunaha,IN-BR,27.079822,84.338905,,India;Bihar;Pashchim Champaran
196,Gaya,IN-BR,24.696793,84.934254,,India;Bihar
1495,Gaya Town C.D.Block,IN-BR,24.696793,84.934254,,India;Bihar;Gaya
1160,Ghailarh,IN-BR,25.822712,86.898913,,India;Bihar;Madhepura
1194,Ghanshyampur,IN-BR,26.084387,86.054245,,India;Bihar;Darbhanga
1375,Ghat Kusumbha,IN-BR,25.123650,85.838344,,India;Bihar;Sheikhpura
1098,Ghoghardiha,IN-BR,26.402234,86.221843,,India;Bihar;Madhubani
1038,Ghorasahan,IN-BR,26.618344,84.921996,,India;Bihar;Purbi Champaran
1539,Ghoshi,IN-BR,25.155070,85.016832,,India;Bihar;Jehanabad
1419,Ghoswari,IN-BR,25.455947,85.223570,,India;Bihar;Patna
1531,Gidhaur,IN-BR,24.783624,86.293785,,India;Bihar;Jamui
1396,Giriak,IN-BR,25.219052,85.450164,,India;Bihar;Nalanda
1518,Gobindpur,IN-BR,24.811001,85.589668,,India;Bihar;Nawada
1327,Gogri,IN-BR,25.511006,86.601532,,India;Bihar;Khagaria
1478,Goh,IN-BR,24.790895,84.408740,,India;Bihar;Aurangabad
197,Gopalganj,IN-BR,26.443845,84.373836,,India;Bihar
1224,Gopalganj,IN-BR,26.443845,84.373836,,India;Bihar;Gopalganj
1334,Gopalpur,IN-BR,25.269569,87.082847,,India;Bihar;Bhagalpur
1196,Gora Bauram,IN-BR,26.084387,86.054245,,India;Bihar;Darbhanga
1342,Goradih,IN-BR,25.269569,87.082847,,India;Bihar;Bhagalpur
1272,Goraul,IN-BR,25.763071,85.368195,,India;Bihar;Vaishali
1232,Goriakothi,IN-BR,26.161266,84.386962,,India;Bihar;Siwan
1497,Guraru,IN-BR,24.696793,84.934254,,India;Bihar;Gaya
1498,Gurua,IN-BR,24.696793,84.934254,,India;Bihar;Gaya
1241,Guthani,IN-BR,26.161266,84.386962,,India;Bihar;Siwan
1165,Gwalpara,IN-BR,25.822712,86.898913,,India;Bihar;Madhepura
1278,Hajipur,IN-BR,25.763071,85.368195,,India;Bihar;Vaishali
1371,Halsi,IN-BR,25.161234,86.136725,,India;Bihar;Lakhisarai
1190,Hanumannagar,IN-BR,26.084387,86.054245,,India;Bihar;Darbhanga
1081,Harlakhi,IN-BR,26.402234,86.221843,,India;Bihar;Madhubani
1380,Harnaut,IN-BR,25.219052,85.450164,,India;Bihar;Nalanda
1043,Harsidhi,IN-BR,26.618344,84.921996,,India;Bihar;Purbi Champaran
1144,Hasanganj,IN-BR,25.548653,87.640579,,India;Bihar;Katihar
1302,Hasanpur,IN-BR,25.772996,85.865723,,India;Bihar;Samastipur
1245,Hasanpura,IN-BR,26.161266,84.386962,,India;Bihar;Siwan
1477,Haspura,IN-BR,24.790895,84.408740,,India;Bihar;Aurangabad
1221,Hathua,IN-BR,26.443845,84.373836,,India;Bihar;Gopalganj
1191,Hayaghat,IN-BR,26.084387,86.054245,,India;Bihar;Darbhanga
1390,Hilsa,IN-BR,25.219052,85.450164,,India;Bihar;Nalanda
1520,Hisua,IN-BR,24.811001,85.589668,,India;Bihar;Nawada
1541,Hulasganj,IN-BR,25.155070,85.016832,,India;Bihar;Jehanabad
1238,Hussainganj,IN-BR,26.161266,84.386962,,India;Bihar;Siwan
1501,Imamganj,IN-BR,24.696793,84.934254,,India;Bihar;Gaya
1251,Ishupur,IN-BR,25.905685,84.823193,,India;Bihar;Saran
1525,Islamnagar Aliganj,IN-BR,24.783624,86.293785,,India;Bihar;Jamui
1392,Islampur,IN-BR,25.219052,85.450164,,India;Bihar;Nalanda
1337,Ismailpur,IN-BR,25.269569,87.082847,,India;Bihar;Bhagalpur
1444,Itarhi,IN-BR,25.491965,84.099685,,India;Bihar;Buxar
1428,Jagdishpur,IN-BR,25.470829,84.542485,,India;Bihar;Bhojpur
1343,Jagdishpur,IN-BR,25.269569,87.082847,,India;Bihar;Bhagalpur
1083,Jainagar,IN-BR,26.402234,86.221843,,India;Bihar;Madhubani
1137,Jalalgarh,IN-BR,25.815393,87.405089,,India;Bihar;Purnia
1256,Jalalpur,IN-BR,25.905685,84.823193,,India;Bihar;Saran
1181,Jale,IN-BR,26.084387,86.054245,,India;Bihar;Darbhanga
1358,Jamalpur,IN-BR,25.210030,86.526055,,India;Bihar;Munger
198,Jamui,IN-BR,24.783624,86.293785,,India;Bihar
1527,Jamui,IN-BR,24.783624,86.293785,,India;Bihar;Jamui
1276,Jandaha,IN-BR,25.763071,85.368195,,India;Bihar;Vaishali
199,Jehanabad,IN-BR,25.155070,85.016832,,India;Bihar
1536,Jehanabad,IN-BR,25.155070,85.016832,,India;Bihar;Jehanabad
1530,Jhajha,IN-BR,24.783624,86.293785,,India;Bihar;Jamui
1097,Jhanjharpur,IN-BR,26.402234,86.221843,,India;Bihar;Madhubani
1024,Jogapatti,IN-BR,27.079822,84.338905,,India;Bihar;Pashchim Champaran
1120,Jokihat,IN-BR,26.198668,87.363318,,India;Bihar;Araria
1145,Kadwa,IN-BR,25.548653,87.640579,,India;Bihar;Katihar
1336,Kahalgaon,IN-BR,25.269569,87.082847,,India;Bihar;Bhagalpur
1174,Kahara,IN-BR,25.814227,86.590738,,India;Bihar;Saharsa
200,Kaimur (Bhabua),IN-BR,24.991849,83.605603,,India;Bihar
1537,Kako,IN-BR,25.155070,85.016832,,India;Bihar;Jehanabad
1543,Kaler,IN-BR,25.163235,84.677455,,India;Bihar;Arwal
1090,Kaluahi,IN-BR,26.402234,86.221843,,India;Bihar;Madhubani
1048,Kalyanpur,IN-BR,26.618344,84.921996,,India;Bihar;Purbi Champaran
1284,Kalyanpur,IN-BR,25.772996,85.865723,,India;Bihar;Samastipur
1204,Kanti,IN-BR,26.152133,85.328539,,India;Bihar;Muzaffarpur
1378,Karai Parsurai,IN-BR,25.219052,85.450164,,India;Bihar;Nalanda
1462,Karakat,IN-BR,24.979822,84.025967,,India;Bihar;Rohtas
1467,Kargahar,IN-BR,24.979822,84.025967,,India;Bihar;Rohtas
1544,Karpi,IN-BR,25.163235,84.677455,,India;Bihar;Arwal
1135,Kasba,IN-BR,25.815393,87.405089,,India;Bihar;Purnia
1514,Kashi Chak,IN-BR,24.811001,85.589668,,India;Bihar;Nawada
201,Katihar,IN-BR,25.548653,87.640579,,India;Bihar
1151,Katihar,IN-BR,25.548653,87.640579,,India;Bihar;Katihar
1215,Katiya,IN-BR,26.443845,84.373836,,India;Bihar;Gopalganj
1354,Katoria,IN-BR,24.854081,86.837107,,India;Bihar;Banka
1208,Katra,IN-BR,26.152133,85.328539,,India;Bihar;Muzaffarpur
1397,Katrisarai,IN-BR,25.219052,85.450164,,India;Bihar;Nalanda
1516,Kawakol,IN-BR,24.811001,85.589668,,India;Bihar;Nawada
1183,Keotiranway,IN-BR,26.084387,86.054245,,India;Bihar;Darbhanga
1047,Kesaria,IN-BR,26.618344,84.921996,,India;Bihar;Purbi Champaran
1439,Kesath,IN-BR,25.491965,84.099685,,India;Bihar;Buxar
202,Khagaria,IN-BR,25.511006,86.601532,,India;Bihar
1323,Khagaria,IN-BR,25.511006,86.601532,,India;Bihar;Khagaria
1532,Khaira,IN-BR,24.783624,86.293785,,India;Bihar;Jamui
1089,Khajauli,IN-BR,26.402234,86.221843,,India;Bihar;Madhubani
1287,Khanpur,IN-BR,25.772996,85.865723,,India;Bihar;Samastipur
1360,Kharagpur,IN-BR,25.210030,86.526055,,India;Bihar;Munger
1331,Kharik,IN-BR,25.269569,87.082847,,India;Bihar;Bhagalpur
1490,Khizirsarai,IN-BR,24.696793,84.934254,,India;Bihar;Gaya
1304,Khudabandpur,IN-BR,25.496664,86.129714,,India;Bihar;Begusarai
1413,Khusrupur,IN-BR,25.455947,85.223570,,India;Bihar;Patna
1195,Kiratpur,IN-BR,26.084387,86.054245,,India;Bihar;Darbhanga
203,Kishanganj,IN-BR,26.296361,87.935551,,India;Bihar
1167,Kishanganj,IN-BR,25.822712,86.898913,,India;Bihar;Madhepura
1127,Kishanganj,IN-BR,26.296361,87.935551,,India;Bihar;Kishanganj
1107,Kishanpur,IN-BR,26.245094,86.808186,,India;Bihar;Supaul
1126,Kochadhamin,IN-BR,26.296361,87.935551,,India;Bihar;Kishanganj
1457,Kochas,IN-BR,24.979822,84.025967,,India;Bihar;Rohtas
1424,Koilwar,IN-BR,25.470829,84.542485,,India;Bihar;Bhojpur
1487,Konch,IN-BR,24.696793,84.934254,,India;Bihar;Gaya
1143,Korha,IN-BR,25.548653,87.640579,,India;Bihar;Katihar
1049,Kotwa,IN-BR,26.618344,84.921996,,India;Bihar;Purbi Champaran
1133,Krityanand Nagar,IN-BR,25.815393,87.405089,,India;Bihar;Purnia
1219,Kuchaikote,IN-BR,26.443845,84.373836,,India;Bihar;Gopalganj
1448,Kudra,IN-BR,24.991849,83.605603,,India;Bihar;Kaimur (Bhabua)
1163,Kumarkhand,IN-BR,25.822712,86.898913,,India;Bihar;Madhepura
1213,Kurhani,IN-BR,26.152133,85.328539,,India;Bihar;Muzaffarpur
1117,Kursakatta,IN-BR,26.198668,87.363318,,India;Bihar;Araria
1155,Kursela,IN-BR,25.548653,87.640579,,India;Bihar;Katihar
1546,Kurtha,IN-BR,25.163235,84.677455,,India;Bihar;Arwal
1197,Kusheshwar Asthan,IN-BR,26.084387,86.054245,,India;Bihar;Darbhanga
1198,Kusheshwar Asthan Purbi,IN-BR,26.084387,86.054245,,India;Bihar;Darbhanga
1484,Kutumba,IN-BR,24.790895,84.408740,,India;Bihar;Aurangabad
1084,Ladania,IN-BR,26.402234,86.221843,,India;Bihar;Madhubani
1253,Lahladpur,IN-BR,25.905685,84.823193,,India;Bihar;Saran
204,Lakhisarai,IN-BR,25.161234,86.136725,,India;Bihar
1368,Lakhisarai,IN-BR,25.161234,86.136725,,India;Bihar;Lakhisarai
1099,Lakhnaur,IN-BR,26.402234,86.221843,,India;Bihar;Madhubani
1233,Lakri Nabiganj,IN-BR,26.161266,84.386962,,India;Bihar;Siwan
1529,Lakshmipur,IN-BR,24.783624,86.293785,,India;Bihar;Jamui
1270,Lalganj,IN-BR,25.763071,85.368195,,India;Bihar;Vaishali
1085,Laukaha,IN-BR,26.402234,86.221843,,India;Bihar;Madhubani
1086,Laukahi,IN-BR,26.402234,86.221843,,India;Bihar;Madhubani
1018,Lauriya,IN-BR,27.079822,84.338905,,India;Bihar;Pashchim Champaran
1486,Madanpur,IN-BR,24.790895,84.408740,,India;Bihar;Aurangabad
1100,Madhepur,IN-BR,26.402234,86.221843,,India;Bihar;Madhubani
205,Madhepura,IN-BR,25.822712,86.898913,,India;Bihar
1161,Madhepura,IN-BR,25.822712,86.898913,,India;Bihar;Madhepura
1055,Madhuban,IN-BR,26.618344,84.921996,,India;Bihar;Purbi Champaran
206,Madhubani,IN-BR,26.402234,86.221843,,India;Bihar
1093,Madhubani,IN-BR,26.402234,86.221843,,India;Bihar;Madhubani
1021,Madhubani,IN-BR,27.079822,84.338905,,India;Bihar;Pashchim Champaran
1080,Madhwapur,IN-BR,26.402234,86.221843,,India;Bihar;Madhubani
1236,Maharajganj,IN-BR,26.161266,84.386962,,India;Bihar;Siwan
1173,Mahishi,IN-BR,25.814227,86.590738,,India;Bihar;Saharsa
1283,Mahnar,IN-BR,25.763071,85.368195,,India;Bihar;Vaishali
1275,Mahua,IN-BR,25.763071,85.368195,,India;Bihar;Vaishali
1016,Mainatanr,IN-BR,27.079822,84.338905,,India;Bihar;Pashchim Champaran
1240,Mairwa,IN-BR,26.161266,84.386962,,India;Bihar;Siwan
1027,Majhaulia,IN-BR,27.079822,84.338905,,India;Bihar;Pashchim Champaran
1065,Majorganj,IN-BR,26.585083,85.552608,,India;Bihar;Sitamarhi
1262,Maker,IN-BR,25.905685,84.823193,,India;Bihar;Saran
1540,Makhdumpur,IN-BR,25.155070,85.016832,,India;Bihar;Jehanabad
1398,Maner,IN-BR,25.455947,85.223570,,India;Bihar;Patna
1185,Manigachhi,IN-BR,26.084387,86.054245,,India;Bihar;Darbhanga
1156,Manihari,IN-BR,25.548653,87.640579,,India;Bihar;Katihar
1225,Manjha,IN-BR,26.443845,84.373836,,India;Bihar;Gopalganj
1255,Manjhi,IN-BR,25.905685,84.823193,,India;Bihar;Saran
1494,Manpur,IN-BR,24.696793,84.934254,,India;Bihar;Gaya
1152,Mansahi,IN-BR,25.548653,87.640579,,India;Bihar;Katihar
1324,Mansi,IN-BR,25.511006,86.601532,,India;Bihar;Khagaria
1309,Mansurchak,IN-BR,25.496664,86.129714,,India;Bihar;Begusarai
1108,Marauna,IN-BR,26.245094,86.808186,,India;Bihar;Supaul
1260,Marhaura,IN-BR,25.905685,84.823193,,India;Bihar;Saran
1203,Marwan,IN-BR,26.152133,85.328539,,India;Bihar;Muzaffarpur
1408,Masaurhi,IN-BR,25.455947,85.223570,,India;Bihar;Patna
1248,Mashrakh,IN-BR,25.905685,84.823193,,India;Bihar;Saran
1320,Matihani,IN-BR,25.496664,86.129714,,India;Bihar;Begusarai
1057,Mehsi,IN-BR,26.618344,84.921996,,India;Bihar;Purbi Champaran
1522,Meskaur,IN-BR,24.811001,85.589668,,India;Bihar;Nawada
1205,Minapur,IN-BR,26.152133,85.328539,,India;Bihar;Muzaffarpur
1538,Modanganj,IN-BR,25.155070,85.016832,,India;Bihar;Jehanabad
1449,Mohania,IN-BR,24.991849,83.605603,,India;Bihar;Kaimur (Bhabua)
1509,Mohanpur,IN-BR,24.696793,84.934254,,India;Bihar;Gaya
1293,Mohanpur,IN-BR,25.772996,85.865723,,India;Bihar;Samastipur
1294,Mohiuddinagar,IN-BR,25.772996,85.865723,,India;Bihar;Samastipur
1420,Mokameh,IN-BR,25.455947,85.223570,,India;Bihar;Patna
1291,Morwa,IN-BR,25.772996,85.865723,,India;Bihar;Samastipur
1041,Motihari,IN-BR,26.618344,84.921996,,India;Bihar;Purbi Champaran
1492,Muhra,IN-BR,24.696793,84.934254,,India;Bihar;Gaya
207,Munger,IN-BR,25.210030,86.526055,,India;Bihar
1356,Munger,IN-BR,25.210030,86.526055,,India;Bihar;Munger
1164,Murliganj,IN-BR,25.822712,86.898913,,India;Bihar;Madhepura
1212,Musahri,IN-BR,26.152133,85.328539,,India;Bihar;Muzaffarpur
208,Muzaffarpur,IN-BR,26.152133,85.328539,,India;Bihar
1483,Nabinagar,IN-BR,24.790895,84.408740,,India;Bihar;Aurangabad
1379,Nagar Nausa,IN-BR,25.219052,85.450164,,India;Bihar;Nalanda
1259,Nagra,IN-BR,25.905685,84.823193,,India;Bihar;Saran
209,Nalanda,IN-BR,25.219052,85.450164,,India;Bihar
1078,Nanpur,IN-BR,26.585083,85.552608,,India;Bihar;Sitamarhi
1315,Naokothi,IN-BR,25.496664,86.129714,,India;Bihar;Begusarai
1329,Narayanpur,IN-BR,25.269569,87.082847,,India;Bihar;Bhagalpur
1511,Nardiganj,IN-BR,24.811001,85.589668,,India;Bihar;Nawada
1521,Narhat,IN-BR,24.811001,85.589668,,India;Bihar;Nawada
1036,Narkatia,IN-BR,26.618344,84.921996,,India;Bihar;Purbi Champaran
1017,Narkatiaganj,IN-BR,27.079822,84.338905,,India;Bihar;Pashchim Champaran
1112,Narpatganj,IN-BR,26.198668,87.363318,,India;Bihar;Araria
1463,Nasriganj,IN-BR,24.979822,84.025967,,India;Bihar;Rohtas
1339,Nathnagar,IN-BR,25.269569,87.082847,,India;Bihar;Bhagalpur
1404,Naubatpur,IN-BR,25.455947,85.223570,,India;Bihar;Patna
1332,Naugachhia,IN-BR,25.269569,87.082847,,India;Bihar;Bhagalpur
1171,Nauhatta,IN-BR,25.814227,86.590738,,India;Bihar;Saharsa
1469,Nauhatta,IN-BR,24.979822,84.025967,,India;Bihar;Rohtas
1030,Nautan,IN-BR,27.079822,84.338905,,India;Bihar;Pashchim Champaran
1229,Nautan,IN-BR,26.161266,84.386962,,India;Bihar;Siwan
210,Nawada,IN-BR,24.811001,85.589668,,India;Bihar
1512,Nawada,IN-BR,24.811001,85.589668,,India;Bihar;Nawada
1445,Nawanagar,IN-BR,25.491965,84.099685,,India;Bihar;Buxar
1491,Neem Chak Bathani,IN-BR,24.696793,84.934254,,India;Bihar;Gaya
1101,Nirmali,IN-BR,26.245094,86.808186,,India;Bihar;Supaul
1466,Nokha,IN-BR,24.979822,84.025967,,India;Bihar;Rohtas
1387,Noorsarai,IN-BR,25.219052,85.450164,,India;Bihar;Nalanda
1447,Nuaon,IN-BR,24.991849,83.605603,,India;Bihar;Kaimur (Bhabua)
1480,Obra,IN-BR,24.790895,84.408740,,India;Bihar;Aurangabad
1218,Pach Deuri,IN-BR,26.443845,84.373836,,India;Bihar;Gopalganj
1237,Pachrukhi,IN-BR,26.161266,84.386962,,India;Bihar;Siwan
1044,Paharpur,IN-BR,26.618344,84.921996,,India;Bihar;Purbi Champaran
1052,Pakri Dayal,IN-BR,26.618344,84.921996,,India;Bihar;Purbi Champaran
1515,Pakribarawan,IN-BR,24.811001,85.589668,,India;Bihar;Nawada
1119,Palasi,IN-BR,26.198668,87.363318,,India;Bihar;Araria
1407,Paliganj,IN-BR,25.455947,85.223570,,India;Bihar;Patna
1249,Panapur,IN-BR,25.905685,84.823193,,India;Bihar;Saran
1418,Pandarak,IN-BR,25.455947,85.223570,,India;Bihar;Patna
1094,Pandaul,IN-BR,26.402234,86.221843,,India;Bihar;Madhubani
1496,Paraiya,IN-BR,24.696793,84.934254,,India;Bihar;Gaya
1389,Parbalpur,IN-BR,25.219052,85.450164,,India;Bihar;Nalanda
1328,Parbatta,IN-BR,25.511006,86.601532,,India;Bihar;Khagaria
1067,Parihar,IN-BR,26.585083,85.552608,,India;Bihar;Sitamarhi
1201,Paroo,IN-BR,26.152133,85.328539,,India;Bihar;Muzaffarpur
1263,Parsa,IN-BR,25.905685,84.823193,,India;Bihar;Saran
1071,Parsauni,IN-BR,26.585083,85.552608,,India;Bihar;Sitamarhi
211,Pashchim Champaran,IN-BR,27.079822,84.338905,,India;Bihar
1053,Patahi,IN-BR,26.618344,84.921996,,India;Bihar;Purbi Champaran
1176,Patarghat,IN-BR,25.814227,86.590738,,India;Bihar;Saharsa
1274,Patepur,IN-BR,25.763071,85.368195,,India;Bihar;Vaishali
1269,Paterhi Belsar,IN-BR,25.763071,85.368195,,India;Bihar;Vaishali
7447,Patliputra,IN-BR,25.455947,85.223570,,India;Bihar;Patna
212,Patna,IN-BR,25.455947,85.223570,,India;Bihar
7448,Patna City,IN-BR,25.455947,85.223570,,India;Bihar;Patna
1400,Patna Rural,IN-BR,25.455947,85.223570,,India;Bihar;Patna
1292,Patori,IN-BR,25.772996,85.865723,,India;Bihar;Samastipur
1054,Phenhara,IN-BR,26.618344,84.921996,,India;Bihar;Purbi Champaran
1351,Phulidumar,IN-BR,24.854081,86.837107,,India;Bihar;Banka
1087,Phulparas,IN-BR,26.402234,86.221843,,India;Bihar;Madhubani
1402,Phulwari,IN-BR,25.455947,85.223570,,India;Bihar;Patna
1220,Phulwaria,IN-BR,26.443845,84.373836,,India;Bihar;Gopalganj
1366,Pipariya,IN-BR,25.161234,86.136725,,India;Bihar;Lakhisarai
1110,Pipra,IN-BR,26.245094,86.808186,,India;Bihar;Supaul
1050,Piprakothi,IN-BR,26.618344,84.921996,,India;Bihar;Purbi Champaran
1059,Piprarhi,IN-BR,26.497836,85.301880,,India;Bihar;Sheohar
1020,Piprasi,IN-BR,27.079822,84.338905,,India;Bihar;Pashchim Champaran
1429,Piro,IN-BR,25.470829,84.542485,,India;Bihar;Bhojpur
1335,Pirpainti,IN-BR,25.269569,87.082847,,India;Bihar;Bhagalpur
1124,Pothia,IN-BR,26.296361,87.935551,,India;Bihar;Kishanganj
1149,Pranpur,IN-BR,25.548653,87.640579,,India;Bihar;Katihar
1104,Pratapganj,IN-BR,26.245094,86.808186,,India;Bihar;Supaul
1410,Punpun,IN-BR,25.455947,85.223570,,India;Bihar;Patna
1077,Pupri,IN-BR,26.585083,85.552608,,India;Bihar;Sitamarhi
1168,Puraini,IN-BR,25.822712,86.898913,,India;Bihar;Madhepura
213,Purbi Champaran,IN-BR,26.618344,84.921996,,India;Bihar
1058,Purnahiya,IN-BR,26.497836,85.301880,,India;Bihar;Sheohar
214,Purnia,IN-BR,25.815393,87.405089,,India;Bihar
1134,Purnia East,IN-BR,25.815393,87.405089,,India;Bihar;Purnia
1289,Pusa,IN-BR,25.772996,85.865723,,India;Bihar;Samastipur
1479,Rafiganj,IN-BR,24.790895,84.408740,,India;Bihar;Aurangabad
1279,Raghopur,IN-BR,25.763071,85.368195,,India;Bihar;Vaishali
1105,Raghopur,IN-BR,26.245094,86.808186,,India;Bihar;Supaul
1244,Raghunathpur,IN-BR,26.161266,84.386962,,India;Bihar;Siwan
1382,Rahui,IN-BR,25.219052,85.450164,,India;Bihar;Nalanda
1277,Raja Pakar,IN-BR,25.763071,85.368195,,India;Bihar;Vaishali
1524,Rajauli,IN-BR,24.811001,85.589668,,India;Bihar;Nawada
1347,Rajaun,IN-BR,24.854081,86.837107,,India;Bihar;Banka
1394,Rajgir,IN-BR,25.219052,85.450164,,India;Bihar;Nalanda
1095,Rajnagar,IN-BR,26.402234,86.221843,,India;Bihar;Madhubani
1443,Rajpur,IN-BR,25.491965,84.099685,,India;Bihar;Buxar
1464,Rajpur,IN-BR,24.979822,84.025967,,India;Bihar;Rohtas
1446,Ramgarh,IN-BR,24.991849,83.605603,,India;Bihar;Kaimur (Bhabua)
1370,Ramgarh Chowk,IN-BR,25.161234,86.136725,,India;Bihar;Lakhisarai
1033,Ramgarhwa,IN-BR,26.618344,84.921996,,India;Bihar;Purbi Champaran
1014,Ramnagar,IN-BR,27.079822,84.338905,,India;Bihar;Pashchim Champaran
1454,Rampur,IN-BR,24.991849,83.605603,,India;Bihar;Kaimur (Bhabua)
1333,Rangra Chowk,IN-BR,25.269569,87.082847,,India;Bihar;Bhagalpur
1115,Raniganj,IN-BR,26.198668,87.363318,,India;Bihar;Araria
1535,Ratni Faridpur,IN-BR,25.155070,85.016832,,India;Bihar;Jehanabad
1031,Raxaul,IN-BR,26.618344,84.921996,,India;Bihar;Purbi Champaran
1257,Revelganj,IN-BR,25.905685,84.823193,,India;Bihar;Saran
1070,Riga,IN-BR,26.585083,85.552608,,India;Bihar;Sitamarhi
1517,Roh,IN-BR,24.811001,85.589668,,India;Bihar;Nawada
215,Rohtas,IN-BR,24.979822,84.025967,,India;Bihar
1475,Rohtas,IN-BR,24.979822,84.025967,,India;Bihar;Rohtas
1300,Rosera,IN-BR,25.772996,85.865723,,India;Bihar;Samastipur
1073,Runisaidpur,IN-BR,26.585083,85.552608,,India;Bihar;Sitamarhi
1131,Rupauli,IN-BR,25.815393,87.405089,,India;Bihar;Purnia
1338,Sabour,IN-BR,25.269569,87.082847,,India;Bihar;Bhagalpur
1434,Sahar,IN-BR,25.470829,84.542485,,India;Bihar;Bhojpur
216,Saharsa,IN-BR,25.814227,86.590738,,India;Bihar
1282,Sahdai Buzurg,IN-BR,25.763071,85.368195,,India;Bihar;Vaishali
1199,Sahebganj,IN-BR,26.152133,85.328539,,India;Bihar;Muzaffarpur
1318,Sahebpur Kamal,IN-BR,25.496664,86.129714,,India;Bihar;Begusarai
1214,Sakra,IN-BR,26.152133,85.328539,,India;Bihar;Muzaffarpur
1179,Salkhua,IN-BR,25.814227,86.590738,,India;Bihar;Saharsa
217,Samastipur,IN-BR,25.772996,85.865723,,India;Bihar
1288,Samastipur,IN-BR,25.772996,85.865723,,India;Bihar;Samastipur
1154,Sameli,IN-BR,25.548653,87.640579,,India;Bihar;Katihar
1401,Sampatchak,IN-BR,25.455947,85.223570,,India;Bihar;Patna
1425,Sandesh,IN-BR,25.470829,84.542485,,India;Bihar;Bhojpur
1046,Sangrampur,IN-BR,26.618344,84.921996,,India;Bihar;Purbi Champaran
1364,Sangrampur,IN-BR,25.210030,86.526055,,India;Bihar;Munger
1465,Sanjhauli,IN-BR,24.979822,84.025967,,India;Bihar;Rohtas
1106,Saraigarh Bhaptiyahi,IN-BR,26.245094,86.808186,,India;Bihar;Supaul
1295,Sarairanjan,IN-BR,25.772996,85.865723,,India;Bihar;Samastipur
1202,Saraiya,IN-BR,26.152133,85.328539,,India;Bihar;Muzaffarpur
218,Saran,IN-BR,25.905685,84.823193,,India;Bihar
1384,Sarmera,IN-BR,25.219052,85.450164,,India;Bihar;Nalanda
1471,Sasaram,IN-BR,24.979822,84.025967,,India;Bihar;Rohtas
1172,Satar Kataiya,IN-BR,25.814227,86.590738,,India;Bihar;Saharsa
1175,Saur Bazar,IN-BR,25.814227,86.590738,,India;Bihar;Saharsa
1341,Shahkund,IN-BR,25.269569,87.082847,,India;Bihar;Bhagalpur
1421,Shahpur,IN-BR,25.470829,84.542485,,India;Bihar;Bhojpur
1345,Shambhuganj,IN-BR,24.854081,86.837107,,India;Bihar;Banka
1321,Shamho Akha Kurha,IN-BR,25.496664,86.129714,,India;Bihar;Begusarai
1162,Shankarpur,IN-BR,25.822712,86.898913,,India;Bihar;Madhepura
219,Sheikhpura,IN-BR,25.123650,85.838344,,India;Bihar
1374,Sheikhpura,IN-BR,25.123650,85.838344,,India;Bihar;Sheikhpura
1373,Shekhopur Sarai,IN-BR,25.123650,85.838344,,India;Bihar;Sheikhpura
220,Sheohar,IN-BR,26.497836,85.301880,,India;Bihar
1060,Sheohar,IN-BR,26.497836,85.301880,,India;Bihar;Sheohar
1470,Sheosagar,IN-BR,24.979822,84.025967,,India;Bihar;Rohtas
1503,Sherghati,IN-BR,24.696793,84.934254,,India;Bihar;Gaya
1286,Shivaji Nagar,IN-BR,25.772996,85.865723,,India;Bihar;Samastipur
1013,Sidhaw,IN-BR,27.079822,84.338905,,India;Bihar;Pashchim Champaran
1227,Sidhwalia,IN-BR,26.443845,84.373836,,India;Bihar;Gopalganj
1526,Sikandra,IN-BR,24.783624,86.293785,,India;Bihar;Jamui
1026,Sikta,IN-BR,27.079822,84.338905,,India;Bihar;Pashchim Champaran
1118,Sikti,IN-BR,26.198668,87.363318,,India;Bihar;Araria
1395,Silao,IN-BR,25.219052,85.450164,,India;Bihar;Nalanda
1435,Simri,IN-BR,25.491965,84.099685,,India;Bihar;Buxar
1178,Simri Bakhtiarpur,IN-BR,25.814227,86.590738,,India;Bihar;Saharsa
1159,Singheshwar,IN-BR,25.822712,86.898913,,India;Bihar;Madhepura
1301,Singhia,IN-BR,25.772996,85.865723,,India;Bihar;Samastipur
1182,Singhwara,IN-BR,26.084387,86.054245,,India;Bihar;Darbhanga
1523,Sirdala,IN-BR,24.811001,85.589668,,India;Bihar;Nawada
1247,Siswan,IN-BR,26.161266,84.386962,,India;Bihar;Siwan
221,Sitamarhi,IN-BR,26.585083,85.552608,,India;Bihar
222,Siwan,IN-BR,26.161266,84.386962,,India;Bihar
1230,Siwan,IN-BR,26.161266,84.386962,,India;Bihar;Siwan
1177,Sonbarsa,IN-BR,25.814227,86.590738,,India;Bihar;Saharsa
1066,Sonbarsa,IN-BR,26.585083,85.552608,,India;Bihar;Sitamarhi
1545,Sonbhadra Banshi Suryapur,IN-BR,25.163235,84.677455,,India;Bihar;Arwal
1267,Sonepur,IN-BR,25.905685,84.823193,,India;Bihar;Saran
1344,Sonhaula,IN-BR,25.269569,87.082847,,India;Bihar;Bhagalpur
1533,Sono,IN-BR,24.783624,86.293785,,India;Bihar;Jamui
1136,Srinagar,IN-BR,25.815393,87.405089,,India;Bihar;Purnia
1034,Sugauli,IN-BR,26.618344,84.921996,,India;Bihar;Purbi Champaran
1340,Sultanganj,IN-BR,25.269569,87.082847,,India;Bihar;Bhagalpur
223,Supaul,IN-BR,26.245094,86.808186,,India;Bihar
1109,Supaul,IN-BR,26.245094,86.808186,,India;Bihar;Supaul
1064,Suppi,IN-BR,26.585083,85.552608,,India;Bihar;Sitamarhi
1367,Surajgarha,IN-BR,25.161234,86.136725,,India;Bihar;Lakhisarai
1068,Sursand,IN-BR,26.585083,85.552608,,India;Bihar;Sitamarhi
1460,Suryapura,IN-BR,24.979822,84.025967,,India;Bihar;Rohtas
1290,Tajpur,IN-BR,25.772996,85.865723,,India;Bihar;Samastipur
1506,Tan Kuppa,IN-BR,24.696793,84.934254,,India;Bihar;Gaya
1250,Taraiya,IN-BR,25.905685,84.823193,,India;Bihar;Saran
1362,Tarapur,IN-BR,25.210030,86.526055,,India;Bihar;Munger
1433,Tarari,IN-BR,25.470829,84.542485,,India;Bihar;Bhojpur
1186,Tardih,IN-BR,26.084387,86.054245,,India;Bihar;Darbhanga
1062,Tariani Chowk,IN-BR,26.497836,85.301880,,India;Bihar;Sheohar
1311,Teghra,IN-BR,25.496664,86.129714,,India;Bihar;Begusarai
1121,Terhagachh,IN-BR,26.296361,87.935551,,India;Bihar;Kishanganj
1056,Tetaria,IN-BR,26.618344,84.921996,,India;Bihar;Purbi Champaran
1363,Tetiha Bambor,IN-BR,25.210030,86.526055,,India;Bihar;Munger
1023,Thakrahan,IN-BR,27.079822,84.338905,,India;Bihar;Pashchim Champaran
1123,Thakurganj,IN-BR,26.296361,87.935551,,India;Bihar;Kishanganj
1388,Tharthari,IN-BR,25.219052,85.450164,,India;Bihar;Nalanda
1223,Thawe,IN-BR,26.443845,84.373836,,India;Bihar;Gopalganj
1488,Tikari,IN-BR,24.696793,84.934254,,India;Bihar;Gaya
1474,Tilouthu,IN-BR,24.979822,84.025967,,India;Bihar;Rohtas
1111,Tribeniganj,IN-BR,26.245094,86.808186,,India;Bihar;Supaul
1042,Turkaulia,IN-BR,26.618344,84.921996,,India;Bihar;Purbi Champaran
1222,Uchkagaon,IN-BR,26.443845,84.373836,,India;Bihar;Gopalganj
1426,Udwant Nagar,IN-BR,25.470829,84.542485,,India;Bihar;Bhojpur
1298,Ujiarpur,IN-BR,25.772996,85.865723,,India;Bihar;Samastipur
224,Vaishali,IN-BR,25.763071,85.368195,,India;Bihar
1268,Vaishali,IN-BR,25.763071,85.368195,,India;Bihar;Vaishali
1296,Vidyapati Nagar,IN-BR,25.772996,85.865723,,India;Bihar;Samastipur
1513,Warisaliganj,IN-BR,24.811001,85.589668,,India;Bihar;Nawada
1285,Warisnagar,IN-BR,25.772996,85.865723,,India;Bihar;Samastipur
1507,Wazirganj,IN-BR,24.696793,84.934254,,India;Bihar;Gaya
1239,Ziradei,IN-BR,26.161266,84.386962,,India;Bihar;Siwan
44,Chandigarh,IN-CH,30.729350,76.780565,,India;Chandigarh
277,Chandigarh,IN-CH,30.729350,76.780565,,India;Chandigarh;Chandigarh
7346,Aamabeda,IN-CT,20.137568,81.122709,,India;Chhattisgarh;Uttar Bastar Kanker
3331,Abhanpur,IN-CT,21.285804,81.820087,,India;Chhattisgarh;Raipur
7255,Adbhar,IN-CT,21.265915,82.041059,,India;Chhattisgarh;Sakti
7331,Ahiwara,IN-CT,21.220343,81.383275,,India;Chhattisgarh;Durg
7241,Ajgarbahar,IN-CT,22.534684,82.608204,,India;Chhattisgarh;Korba
3278,Akaltara,IN-CT,21.921350,82.592276,,India;Chhattisgarh;Janjgir-Champa
3310,Ambagarh Chouki,IN-CT,21.265915,82.041059,,India;Chhattisgarh;Mohla-Manpur-Ambagarh Chouki
3247,Ambikapur,IN-CT,22.928368,83.227178,,India;Chhattisgarh;Surguja
7307,Amlipadar,IN-CT,20.448083,82.235234,,India;Chhattisgarh;Gariyaband
3353,Antagarh,IN-CT,20.137568,81.122709,,India;Chhattisgarh;Uttar Bastar Kanker
3330,Arang,IN-CT,21.285804,81.820087,,India;Chhattisgarh;Raipur
7253,Arjunda,IN-CT,20.741641,81.188372,,India;Chhattisgarh;Balod
7278,Aundhi,IN-CT,21.265915,82.041059,,India;Chhattisgarh;Mohla-Manpur-Ambagarh Chouki
6509,Bade Bacheli,IN-CT,18.804749,81.390283,,India;Chhattisgarh;Dakshin Bastar Dantewada
3356,Baderajpur,IN-CT,19.745701,81.664919,,India;Chhattisgarh;Kondagaon
7347,Bagbahar,IN-CT,22.801105,83.862511,,India;Chhattisgarh;Jashpur
3343,Bagbahra,IN-CT,21.207969,82.608312,,India;Chhattisgarh;Mahasamund
3255,Bagicha,IN-CT,22.801105,83.862511,,India;Chhattisgarh;Jashpur
3232,Baikunthpur,IN-CT,23.469802,82.235279,,India;Chhattisgarh;Korea
3364,Bakavand,IN-CT,19.095835,81.867804,,India;Chhattisgarh;Bastar
646,Balod,IN-CT,20.741641,81.188372,,India;Chhattisgarh
3321,Balod,IN-CT,20.741641,81.188372,,India;Chhattisgarh;Balod
3279,Baloda,IN-CT,21.921350,82.592276,,India;Chhattisgarh;Janjgir-Champa
3326,Balodabazar,IN-CT,21.582031,82.327512,,India;Chhattisgarh;Balodabazar-Bhatapara
644,Balodabazar-Bhatapara,IN-CT,21.582031,82.327512,,India;Chhattisgarh
3237,Balrampur,IN-CT,23.592678,83.501241,,India;Chhattisgarh;Balrampur-Ramanujganj
649,Balrampur-Ramanujganj,IN-CT,23.592678,83.501241,,India;Chhattisgarh
7265,Bamhnidih,IN-CT,21.921350,82.592276,,India;Chhattisgarh;Janjgir-Champa
7353,Bande,IN-CT,20.137568,81.122709,,India;Chhattisgarh;Uttar Bastar Kanker
3271,Baramkela,IN-CT,21.265915,82.041059,,India;Chhattisgarh;Sarangarh-Bilaigarh
7233,Barpali,IN-CT,22.534684,82.608204,,India;Chhattisgarh;Korba
7232,Barsur,IN-CT,18.804749,81.390283,,India;Chhattisgarh;Dakshin Bastar Dantewada
3339,Basna,IN-CT,21.207969,82.608312,,India;Chhattisgarh;Mahasamund
3362,Bastanar,IN-CT,19.095835,81.867804,,India;Chhattisgarh;Bastar
374,Bastar,IN-CT,19.095835,81.867804,,India;Chhattisgarh
3363,Bastar,IN-CT,19.095835,81.867804,,India;Chhattisgarh;Bastar
3253,Batouli,IN-CT,22.928368,83.227178,,India;Chhattisgarh;Surguja
7316,Belargaon,IN-CT,20.555245,81.808854,,India;Chhattisgarh;Dhamtari
7243,Belgahna,IN-CT,22.179960,82.115906,,India;Chhattisgarh;Bilaspur
7281,Beltara,IN-CT,22.179960,82.115906,,India;Chhattisgarh;Bilaspur
650,Bemetara,IN-CT,21.660879,81.469869,,India;Chhattisgarh
3312,Bemetara,IN-CT,21.660879,81.469869,,India;Chhattisgarh;Bemetara
3315,Berla,IN-CT,21.660879,81.469869,,India;Chhattisgarh;Bemetara
3379,Bhairamgarh,IN-CT,18.860867,80.800554,,India;Chhattisgarh;Bijapur
7328,Bhaisma,IN-CT,22.534684,82.608204,,India;Chhattisgarh;Korba
3244,Bhaiyathan,IN-CT,23.401996,82.883600,,India;Chhattisgarh;Surajpur
7315,Bhakhara,IN-CT,20.555245,81.808854,,India;Chhattisgarh;Dhamtari
7312,Bhanpuri,IN-CT,19.095835,81.867804,,India;Chhattisgarh;Bastar
3349,Bhanupratappur,IN-CT,20.137568,81.122709,,India;Chhattisgarh;Uttar Bastar Kanker
3231,Bharatpur,IN-CT,21.265915,82.041059,,India;Chhattisgarh;Manendragarh-Chirmiri-Bharatpur(M C B)
3325,Bhatapara,IN-CT,21.582031,82.327512,,India;Chhattisgarh;Balodabazar-Bhatapara
7276,Bhatgaon,IN-CT,21.265915,82.041059,,India;Chhattisgarh;Sarangarh-Bilaigarh
7310,Bhatgaon,IN-CT,23.401996,82.883600,,India;Chhattisgarh;Surajpur
7329,Bhilai-3,IN-CT,21.220343,81.383275,,India;Chhattisgarh;Durg
7299,Bhimbhauri,IN-CT,21.660879,81.469869,,India;Chhattisgarh;Bemetara
3376,Bhopalpattnam,IN-CT,18.860867,80.800554,,India;Chhattisgarh;Bijapur
7400,Bhothiya,IN-CT,21.265915,82.041059,,India;Chhattisgarh;Sakti
7245,Biharpur,IN-CT,23.401996,82.883600,,India;Chhattisgarh;Surajpur
636,Bijapur,IN-CT,18.860867,80.800554,,India;Chhattisgarh
3378,Bijapur,IN-CT,18.860867,80.800554,,India;Chhattisgarh;Bijapur
3329,Bilaigarh,IN-CT,21.265915,82.041059,,India;Chhattisgarh;Sarangarh-Bilaigarh
375,Bilaspur,IN-CT,22.179960,82.115906,,India;Chhattisgarh
3295,Bilaspur,IN-CT,22.179960,82.115906,,India;Chhattisgarh;Bilaspur
3297,Bilha,IN-CT,22.179960,82.115906,,India;Chhattisgarh;Bilaspur
3299,Bodla,IN-CT,22.092525,81.222508,,India;Chhattisgarh;Kabeerdham
7250,Bodri,IN-CT,22.179960,82.115906,,India;Chhattisgarh;Bilaspur
7330,Bori,IN-CT,21.220343,81.383275,,India;Chhattisgarh;Durg
7340,Chalgali,IN-CT,23.592678,83.501241,,India;Chhattisgarh;Balrampur-Ramanujganj
3281,Champa,IN-CT,21.921350,82.592276,,India;Chhattisgarh;Janjgir-Champa
7254,Chando,IN-CT,23.592678,83.501241,,India;Chhattisgarh;Balrampur-Ramanujganj
7354,Chandrapur,IN-CT,21.265915,82.041059,,India;Chhattisgarh;Sakti
3348,Charama,IN-CT,20.137568,81.122709,,India;Chhattisgarh;Uttar Bastar Kanker
7240,Chhal,IN-CT,22.085227,83.303068,,India;Chhattisgarh;Raigarh
3374,Chhindgarh,IN-CT,18.272188,81.365650,,India;Chhattisgarh;Sukma
7318,Chhotedongar,IN-CT,19.570198,81.085072,,India;Chhattisgarh;Narayanpur
3302,Chhuikhadan,IN-CT,21.265915,82.041059,,India;Chhattisgarh;Khairagarh-Chhuikhadan-Gandai
3336,Chhura,IN-CT,20.448083,82.235234,,India;Chhattisgarh;Gariyaband
3306,Chhuriya,IN-CT,21.039397,80.820053,,India;Chhattisgarh;Rajnandgaon
7268,Chirmiri,IN-CT,21.265915,82.041059,,India;Chhattisgarh;Manendragarh-Chirmiri-Bharatpur(M C B)
3284,Dabhra,IN-CT,21.265915,82.041059,,India;Chhattisgarh;Sakti
376,Dakshin Bastar Dantewada,IN-CT,18.804749,81.390283,,India;Chhattisgarh
3369,Dantewada,IN-CT,18.804749,81.390283,,India;Chhattisgarh;Dakshin Bastar Dantewada
3366,Darbha,IN-CT,19.095835,81.867804,,India;Chhattisgarh;Bastar
7357,Darhi,IN-CT,21.660879,81.469869,,India;Chhattisgarh;Bemetara
7261,Darima,IN-CT,22.928368,83.227178,,India;Chhattisgarh;Surguja
7266,Darri,IN-CT,22.534684,82.608204,,India;Chhattisgarh;Korba
3322,Daundi,IN-CT,20.741641,81.188372,,India;Chhattisgarh;Balod
3320,Daundilohara,IN-CT,20.741641,81.188372,,India;Chhattisgarh;Balod
7251,Daura-Kochali,IN-CT,23.592678,83.501241,,India;Chhattisgarh;Balrampur-Ramanujganj
3338,Devbhog,IN-CT,20.448083,82.235234,,India;Chhattisgarh;Gariyaband
7298,Devkar,IN-CT,21.660879,81.469869,,India;Chhattisgarh;Bemetara
3316,Dhamdha,IN-CT,21.220343,81.383275,,India;Chhattisgarh;Durg
377,Dhamtari,IN-CT,20.555245,81.808854,,India;Chhattisgarh
3346,Dhamtari,IN-CT,20.555245,81.808854,,India;Chhattisgarh;Dhamtari
7320,Dhanora,IN-CT,19.745701,81.664919,,India;Chhattisgarh;Kondagaon
3263,Dharamjaigarh,IN-CT,22.085227,83.303068,,India;Chhattisgarh;Raigarh
7292,Dharsiwa,IN-CT,21.285804,81.820087,,India;Chhattisgarh;Raipur
7293,Dipka,IN-CT,22.534684,82.608204,,India;Chhattisgarh;Korba
3307,Dongargaon,IN-CT,21.039397,80.820053,,India;Chhattisgarh;Rajnandgaon
3304,Dongargarh,IN-CT,21.039397,80.820053,,India;Chhattisgarh;Rajnandgaon
7355,Dornapal,IN-CT,18.272188,81.365650,,India;Chhattisgarh;Sukma
3260,Duldula,IN-CT,22.801105,83.862511,,India;Chhattisgarh;Jashpur
378,Durg,IN-CT,21.220343,81.383275,,India;Chhattisgarh
3317,Durg,IN-CT,21.220343,81.383275,,India;Chhattisgarh;Durg
3350,Durgkondal,IN-CT,20.137568,81.122709,,India;Chhattisgarh;Uttar Bastar Kanker
3261,Farsabahar,IN-CT,22.801105,83.862511,,India;Chhattisgarh;Jashpur
7343,Fingeshwar,IN-CT,20.448083,82.235234,,India;Chhattisgarh;Gariyaband
7273,Gadiras,IN-CT,18.272188,81.365650,,India;Chhattisgarh;Sukma
7264,Gandai,IN-CT,21.265915,82.041059,,India;Chhattisgarh;Khairagarh-Chhuikhadan-Gandai
7263,Gangaloor,IN-CT,18.860867,80.800554,,India;Chhattisgarh;Bijapur
645,Gariyaband,IN-CT,20.448083,82.235234,,India;Chhattisgarh
3335,Gariyaband,IN-CT,20.448083,82.235234,,India;Chhattisgarh;Gariyaband
734,Gaurela-Pendra-Marwahi,IN-CT,22.804965,81.998854,,India;Chhattisgarh
3265,Gharghoda,IN-CT,22.085227,83.303068,,India;Chhattisgarh;Raigarh
7352,Ghumka,IN-CT,21.039397,80.820053,,India;Chhattisgarh;Rajnandgaon
3370,Gidam,IN-CT,18.804749,81.390283,,India;Chhattisgarh;Dakshin Bastar Dantewada
7259,Gobra Nawapara,IN-CT,21.285804,81.820087,,India;Chhattisgarh;Raipur
3319,Gunderdehi,IN-CT,20.741641,81.188372,,India;Chhattisgarh;Balod
3323,Gurur,IN-CT,20.741641,81.188372,,India;Chhattisgarh;Balod
7271,Hardibazar,IN-CT,22.534684,82.608204,,India;Chhattisgarh;Korba
7327,Hasoud,IN-CT,21.265915,82.041059,,India;Chhattisgarh;Sakti
7356,Jagargunda,IN-CT,18.272188,81.365650,,India;Chhattisgarh;Sukma
3360,Jagdalpur,IN-CT,19.095835,81.867804,,India;Chhattisgarh;Bastar
3286,Jaijaipur,IN-CT,21.265915,82.041059,,India;Chhattisgarh;Sakti
3277,Janjgir,IN-CT,21.921350,82.592276,,India;Chhattisgarh;Janjgir-Champa
379,Janjgir-Champa,IN-CT,21.921350,82.592276,,India;Chhattisgarh
7311,Jarhagaon,IN-CT,22.240399,81.730560,,India;Chhattisgarh;Mungeli
380,Jashpur,IN-CT,22.801105,83.862511,,India;Chhattisgarh
3257,Jashpur,IN-CT,22.801105,83.862511,,India;Chhattisgarh;Jashpur
382,Kabeerdham,IN-CT,22.092525,81.222508,,India;Chhattisgarh
3351,Kanker,IN-CT,20.137568,81.122709,,India;Chhattisgarh;Uttar Bastar Kanker
3256,Kansabel,IN-CT,22.801105,83.862511,,India;Chhattisgarh;Jashpur
7348,Kapu,IN-CT,22.085227,83.303068,,India;Chhattisgarh;Raigarh
7344,Karpawand,IN-CT,19.095835,81.867804,,India;Chhattisgarh;Bastar
3276,Kartala,IN-CT,22.534684,82.608204,,India;Chhattisgarh;Korba
3328,Kasdol,IN-CT,21.582031,82.327512,,India;Chhattisgarh;Balodabazar-Bhatapara
3371,Katekalyan,IN-CT,18.804749,81.390283,,India;Chhattisgarh;Dakshin Bastar Dantewada
3272,Katghora,IN-CT,22.534684,82.608204,,India;Chhattisgarh;Korba
3298,Kawardha,IN-CT,22.092525,81.222508,,India;Chhattisgarh;Kabeerdham
7269,Kelhari,IN-CT,21.265915,82.041059,,India;Chhattisgarh;Manendragarh-Chirmiri-Bharatpur(M C B)
3355,Keshkal,IN-CT,19.745701,81.664919,,India;Chhattisgarh;Kondagaon
3235,Khadganva,IN-CT,21.265915,82.041059,,India;Chhattisgarh;Manendragarh-Chirmiri-Bharatpur(M C B)
7277,Khadgaon,IN-CT,21.265915,82.041059,,India;Chhattisgarh;Mohla-Manpur-Ambagarh Chouki
3303,Khairagarh,IN-CT,21.265915,82.041059,,India;Chhattisgarh;Khairagarh-Chhuikhadan-Gandai
759,Khairagarh-Chhuikhadan-Gandai,IN-CT,21.265915,82.041059,,India;Chhattisgarh
7262,Kharora,IN-CT,21.285804,81.820087,,India;Chhattisgarh;Raipur
3269,Kharsia,IN-CT,22.085227,83.303068,,India;Chhattisgarh;Raigarh
7321,Kohkameta,IN-CT,19.570198,81.085072,,India;Chhattisgarh;Narayanpur
7322,Komakhan,IN-CT,21.207969,82.608312,,India;Chhattisgarh;Mahasamund
643,Kondagaon,IN-CT,19.745701,81.664919,,India;Chhattisgarh
3357,Kondagaon,IN-CT,19.745701,81.664919,,India;Chhattisgarh;Kondagaon
3373,Konta,IN-CT,18.272188,81.365650,,India;Chhattisgarh;Sukma
383,Korba,IN-CT,22.534684,82.608204,,India;Chhattisgarh
3275,Korba,IN-CT,22.534684,82.608204,,India;Chhattisgarh;Korba
384,Korea,IN-CT,23.469802,82.235279,,India;Chhattisgarh
3291,Kota,IN-CT,22.179960,82.115906,,India;Chhattisgarh;Bilaspur
7275,Kotadol,IN-CT,21.265915,82.041059,,India;Chhattisgarh;Manendragarh-Chirmiri-Bharatpur(M C B)
7345,Koylibeda,IN-CT,20.137568,81.122709,,India;Chhattisgarh;Uttar Bastar Kanker
3372,Kuakonda,IN-CT,18.804749,81.390283,,India;Chhattisgarh;Dakshin Bastar Dantewada
7351,Kukdur,IN-CT,22.092525,81.222508,,India;Chhattisgarh;Kabeerdham
7314,Kukrel,IN-CT,20.555245,81.808854,,India;Chhattisgarh;Dhamtari
7350,Kumarda,IN-CT,21.039397,80.820053,,India;Chhattisgarh;Rajnandgaon
7323,Kunda,IN-CT,22.092525,81.222508,,India;Chhattisgarh;Kabeerdham
3259,Kunkuri,IN-CT,22.801105,83.862511,,India;Chhattisgarh;Jashpur
3344,Kurud,IN-CT,20.555245,81.808854,,India;Chhattisgarh;Dhamtari
3240,Kusmi(Samri),IN-CT,23.592678,83.501241,,India;Chhattisgarh;Balrampur-Ramanujganj
7260,Kutru,IN-CT,18.860867,80.800554,,India;Chhattisgarh;Bijapur
3264,Lailunga,IN-CT,22.085227,83.303068,,India;Chhattisgarh;Raigarh
3248,Lakhanpur,IN-CT,22.928368,83.227178,,India;Chhattisgarh;Surguja
7301,Lal Bahadur Nagar,IN-CT,21.039397,80.820053,,India;Chhattisgarh;Rajnandgaon
7258,Lalpur Thana,IN-CT,22.240399,81.730560,,India;Chhattisgarh;Mungeli
7236,Latori,IN-CT,23.401996,82.883600,,India;Chhattisgarh;Surajpur
7246,Lavan,IN-CT,21.582031,82.327512,,India;Chhattisgarh;Balodabazar-Bhatapara
3361,Lohandiguda,IN-CT,19.095835,81.867804,,India;Chhattisgarh;Bastar
3290,Lormi,IN-CT,22.240399,81.730560,,India;Chhattisgarh;Mungeli
3251,Lundra,IN-CT,22.928368,83.227178,,India;Chhattisgarh;Surguja
3345,Magarlod,IN-CT,20.555245,81.808854,,India;Chhattisgarh;Dhamtari
385,Mahasamund,IN-CT,21.207969,82.608312,,India;Chhattisgarh
3341,Mahasamund,IN-CT,21.207969,82.608312,,India;Chhattisgarh;Mahasamund
3254,Mainpat,IN-CT,22.928368,83.227178,,India;Chhattisgarh;Surguja
3337,Mainpur,IN-CT,20.448083,82.235234,,India;Chhattisgarh;Gariyaband
3358,Makdi,IN-CT,19.745701,81.664919,,India;Chhattisgarh;Kondagaon
3285,Malkharoda,IN-CT,21.265915,82.041059,,India;Chhattisgarh;Sakti
7308,Mandir Hasoud,IN-CT,21.285804,81.820087,,India;Chhattisgarh;Raipur
3234,Manendragarh,IN-CT,21.265915,82.041059,,India;Chhattisgarh;Manendragarh-Chirmiri-Bharatpur(M C B)
760,Manendragarh-Chirmiri-Bharatpur(M C B),IN-CT,21.265915,82.041059,,India;Chhattisgarh
3258,Manora,IN-CT,22.801105,83.862511,,India;Chhattisgarh;Jashpur
3309,Manpur,IN-CT,21.265915,82.041059,,India;Chhattisgarh;Mohla-Manpur-Ambagarh Chouki
7319,Mardapal,IN-CT,19.745701,81.664919,,India;Chhattisgarh;Kondagaon
7297,Marri Bangla(Deori),IN-CT,20.741641,81.188372,,India;Chhattisgarh;Balod
3288,Marwahi,IN-CT,22.804965,81.998854,,India;Chhattisgarh;Gaurela-Pendra-Marwahi
3296,Masturi,IN-CT,22.179960,82.115906,,India;Chhattisgarh;Bilaspur
3308,Mohla,IN-CT,21.265915,82.041059,,India;Chhattisgarh;Mohla-Manpur-Ambagarh Chouki
761,Mohla-Manpur-Ambagarh Chouki,IN-CT,21.265915,82.041059,,India;Chhattisgarh
7300,Mukdega,IN-CT,22.085227,83.303068,,India;Chhattisgarh;Raigarh
647,Mungeli,IN-CT,22.240399,81.730560,,India;Chhattisgarh
3292,Mungeli,IN-CT,22.240399,81.730560,,India;Chhattisgarh;Mungeli
3347,Nagri,IN-CT,20.555245,81.808854,,India;Chhattisgarh;Dhamtari
7248,Nandghat,IN-CT,21.660879,81.469869,,India;Chhattisgarh;Bemetara
7313,Nangur,IN-CT,19.095835,81.867804,,India;Chhattisgarh;Bastar
637,Narayanpur,IN-CT,19.570198,81.085072,,India;Chhattisgarh
3367,Narayanpur,IN-CT,19.570198,81.085072,,India;Chhattisgarh;Narayanpur
3352,Narharpur,IN-CT,20.137568,81.122709,,India;Chhattisgarh;Uttar Bastar Kanker
3280,Nawagarh,IN-CT,21.921350,82.592276,,India;Chhattisgarh;Janjgir-Champa
3311,Nawagarh,IN-CT,21.660879,81.469869,,India;Chhattisgarh;Bemetara
7267,Naya Baradwar,IN-CT,21.265915,82.041059,,India;Chhattisgarh;Sakti
3243,Odgi,IN-CT,23.401996,82.883600,,India;Chhattisgarh;Surajpur
3368,Orchha,IN-CT,19.570198,81.085072,,India;Chhattisgarh;Narayanpur
7349,Pachpedi,IN-CT,22.179960,82.115906,,India;Chhattisgarh;Bilaspur
3354,Pakhanjur,IN-CT,20.137568,81.122709,,India;Chhattisgarh;Uttar Bastar Kanker
3327,Palari,IN-CT,21.582031,82.327512,,India;Chhattisgarh;Balodabazar-Bhatapara
3274,Pali,IN-CT,22.534684,82.608204,,India;Chhattisgarh;Korba
3283,Pamgarh,IN-CT,21.921350,82.592276,,India;Chhattisgarh;Janjgir-Champa
3301,Pandariya,IN-CT,22.092525,81.222508,,India;Chhattisgarh;Kabeerdham
7237,Pasan,IN-CT,22.534684,82.608204,,India;Chhattisgarh;Korba
3318,Patan,IN-CT,21.220343,81.383275,,India;Chhattisgarh;Durg
3262,Pathalgaon,IN-CT,22.801105,83.862511,,India;Chhattisgarh;Jashpur
3293,Pathariya,IN-CT,22.240399,81.730560,,India;Chhattisgarh;Mungeli
7309,Patna,IN-CT,23.469802,82.235279,,India;Chhattisgarh;Korea
3289,Pendra,IN-CT,22.804965,81.998854,,India;Chhattisgarh;Gaurela-Pendra-Marwahi
3287,Pendra Road,IN-CT,22.804965,81.998854,,India;Chhattisgarh;Gaurela-Pendra-Marwahi
3359,Pharasgaon,IN-CT,19.745701,81.664919,,India;Chhattisgarh;Kondagaon
7324,Pipariya,IN-CT,22.092525,81.222508,,India;Chhattisgarh;Kabeerdham
3342,Pithora,IN-CT,21.207969,82.608312,,India;Chhattisgarh;Mahasamund
7270,Pondi(Bachra),IN-CT,23.469802,82.235279,,India;Chhattisgarh;Korea
3273,Poundi-Uproda,IN-CT,22.534684,82.608204,,India;Chhattisgarh;Korba
3239,Pratappur,IN-CT,23.401996,82.883600,,India;Chhattisgarh;Surajpur
3246,Premnagar,IN-CT,23.401996,82.883600,,India;Chhattisgarh;Surajpur
3268,Pusour,IN-CT,22.085227,83.303068,,India;Chhattisgarh;Raigarh
7257,Raghunathnagar,IN-CT,23.592678,83.501241,,India;Chhattisgarh;Balrampur-Ramanujganj
386,Raigarh,IN-CT,22.085227,83.303068,,India;Chhattisgarh
3267,Raigarh,IN-CT,22.085227,83.303068,,India;Chhattisgarh;Raigarh
387,Raipur,IN-CT,21.285804,81.820087,,India;Chhattisgarh
3332,Raipur,IN-CT,21.285804,81.820087,,India;Chhattisgarh;Raipur
3333,Rajim,IN-CT,20.448083,82.235234,,India;Chhattisgarh;Gariyaband
388,Rajnandgaon,IN-CT,21.039397,80.820053,,India;Chhattisgarh
3305,Rajnandgaon,IN-CT,21.039397,80.820053,,India;Chhattisgarh;Rajnandgaon
3250,Rajpur,IN-CT,23.592678,83.501241,,India;Chhattisgarh;Balrampur-Ramanujganj
3236,Ramanujganj,IN-CT,23.592678,83.501241,,India;Chhattisgarh;Balrampur-Ramanujganj
3245,Ramanujnagar,IN-CT,23.401996,82.883600,,India;Chhattisgarh;Surajpur
7238,Ramchandrapur,IN-CT,23.592678,83.501241,,India;Chhattisgarh;Balrampur-Ramanujganj
7239,Ratanpur,IN-CT,22.179960,82.115906,,India;Chhattisgarh;Bilaspur
7272,Rengakharkala,IN-CT,22.092525,81.222508,,India;Chhattisgarh;Kabeerdham
3300,Sahaspur Lohara,IN-CT,22.092525,81.222508,,India;Chhattisgarh;Kabeerdham
3313,Saja,IN-CT,21.660879,81.469869,,India;Chhattisgarh;Bemetara
7252,Sakola,IN-CT,22.804965,81.998854,,India;Chhattisgarh;Gaurela-Pendra-Marwahi
762,Sakti,IN-CT,21.265915,82.041059,,India;Chhattisgarh
3282,Sakti,IN-CT,21.265915,82.041059,,India;Chhattisgarh;Sakti
7294,Salhewara,IN-CT,21.265915,82.041059,,India;Chhattisgarh;Khairagarh-Chhuikhadan-Gandai
7242,Samri,IN-CT,23.592678,83.501241,,India;Chhattisgarh;Balrampur-Ramanujganj
7235,Sankari,IN-CT,22.179960,82.115906,,India;Chhattisgarh;Bilaspur
7234,Sanna,IN-CT,22.801105,83.862511,,India;Chhattisgarh;Jashpur
7274,Saragaon,IN-CT,21.921350,82.592276,,India;Chhattisgarh;Janjgir-Champa
3340,Saraipali,IN-CT,21.207969,82.608312,,India;Chhattisgarh;Mahasamund
3270,Sarangarh,IN-CT,21.265915,82.041059,,India;Chhattisgarh;Sarangarh-Bilaigarh
763,Sarangarh-Bilaigarh,IN-CT,21.265915,82.041059,,India;Chhattisgarh
7326,Sargaon,IN-CT,22.240399,81.730560,,India;Chhattisgarh;Mungeli
7244,Sariya,IN-CT,21.265915,82.041059,,India;Chhattisgarh;Sarangarh-Bilaigarh
7325,Sarona,IN-CT,20.137568,81.122709,,India;Chhattisgarh;Uttar Bastar Kanker
7401,Sarsiwa,IN-CT,21.265915,82.041059,,India;Chhattisgarh;Sarangarh-Bilaigarh
7247,Seepat,IN-CT,22.179960,82.115906,,India;Chhattisgarh;Bilaspur
3241,Shankargarh,IN-CT,23.592678,83.501241,,India;Chhattisgarh;Balrampur-Ramanujganj
7256,Shivrinarayan,IN-CT,21.921350,82.592276,,India;Chhattisgarh;Janjgir-Champa
3324,Simga,IN-CT,21.582031,82.327512,,India;Chhattisgarh;Balodabazar-Bhatapara
3252,Sitapur,IN-CT,22.928368,83.227178,,India;Chhattisgarh;Surguja
7296,Sonakhan,IN-CT,21.582031,82.327512,,India;Chhattisgarh;Balodabazar-Bhatapara
3233,Sonhat,IN-CT,23.469802,82.235279,,India;Chhattisgarh;Korea
7249,Suhela,IN-CT,21.582031,82.327512,,India;Chhattisgarh;Balodabazar-Bhatapara
642,Sukma,IN-CT,18.272188,81.365650,,India;Chhattisgarh
3375,Sukma,IN-CT,18.272188,81.365650,,India;Chhattisgarh;Sukma
648,Surajpur,IN-CT,23.401996,82.883600,,India;Chhattisgarh
3242,Surajpur,IN-CT,23.401996,82.883600,,India;Chhattisgarh;Surajpur
389,Surguja,IN-CT,22.928368,83.227178,,India;Chhattisgarh
3294,Takhatpur,IN-CT,22.179960,82.115906,,India;Chhattisgarh;Bilaspur
3266,Tamnar,IN-CT,22.085227,83.303068,,India;Chhattisgarh;Raigarh
7603,Tapkara,IN-CT,22.801105,83.862511,,India;Chhattisgarh;Jashpur
3314,Thankhamariya,IN-CT,21.660879,81.469869,,India;Chhattisgarh;Bemetara
3334,Tilda,IN-CT,21.285804,81.820087,,India;Chhattisgarh;Raipur
3365,Tokapal,IN-CT,19.095835,81.867804,,India;Chhattisgarh;Bastar
7317,Tongpal,IN-CT,18.272188,81.365650,,India;Chhattisgarh;Sukma
7295,Tundara,IN-CT,21.582031,82.327512,,India;Chhattisgarh;Balodabazar-Bhatapara
3249,Udaypur,IN-CT,22.928368,83.227178,,India;Chhattisgarh;Surguja
3377,Usur,IN-CT,18.860867,80.800554,,India;Chhattisgarh;Bijapur
381,Uttar Bastar Kanker,IN-CT,20.137568,81.122709,,India;Chhattisgarh
3238,Wadrafnagar,IN-CT,23.592678,83.501241,,India;Chhattisgarh;Balrampur-Ramanujganj
7571,Adarsh Nagar,IN-DL,28.793505,77.107739,,India;Delhi;North
7573,Badarpur,IN-DL,28.542227,77.272944,,India;Delhi;South East
7570,Badli,IN-DL,28.793505,77.107739,,India;Delhi;North
7582,Bawana,IN-DL,28.643370,77.115437,,India;Delhi;Outer North
7580,Bijwasan,IN-DL,28.576241,76.967730,,India;Delhi;South West
7569,Burari,IN-DL,28.793505,77.107739,,India;Delhi;North
77,Central,IN-DL,28.681583,77.224161,,India;Delhi
796,Central North,IN-DL,28.643370,77.115437,,India;Delhi
7574,Chandni Chowk,IN-DL,28.643370,77.115437,,India;Delhi;Old Delhi
7587,Chhatarpur,IN-DL,28.481463,77.190717,,India;Delhi;South
452,Delhi Cantonment,IN-DL,28.577155,77.148588,,India;Delhi;New Delhi
7588,Deoli,IN-DL,28.481463,77.190717,,India;Delhi;South
7592,Dwarka,IN-DL,28.576241,76.967730,,India;Delhi;South West
78,East,IN-DL,28.622088,77.304590,,India;Delhi
439,Gandhi Nagar,IN-DL,28.622088,77.304590,,India;Delhi;East
7584,Gokalpur,IN-DL,28.722615,77.256547,,India;Delhi;North East
7590,Janakpuri,IN-DL,28.655426,77.063965,,India;Delhi;West
7572,Jangpura,IN-DL,28.542227,77.272944,,India;Delhi;South East
456,Kalkaji,IN-DL,28.542227,77.272944,,India;Delhi;South East
6083,Karawal Nagar,IN-DL,28.722615,77.256547,,India;Delhi;North East
447,Karol Bagh,IN-DL,28.681583,77.224161,,India;Delhi;Central
7594,Kirari,IN-DL,28.725251,77.043125,,India;Delhi;North West
7589,Malviya Nagar,IN-DL,28.481463,77.190717,,India;Delhi;South
7581,Matiala,IN-DL,28.576241,76.967730,,India;Delhi;South West
6080,Mehrauli,IN-DL,28.481463,77.190717,,India;Delhi;South
432,Model Town,IN-DL,28.643370,77.115437,,India;Delhi;Central North
7583,Mundka,IN-DL,28.643370,77.115437,,India;Delhi;Outer North
451,Najafgarh,IN-DL,28.576241,76.967730,,India;Delhi;South West
7595,Nangloi Jat,IN-DL,28.725251,77.043125,,India;Delhi;North West
430,Narela,IN-DL,28.643370,77.115437,,India;Delhi;Outer North
79,New Delhi,IN-DL,28.577155,77.148588,,India;Delhi
7593,New Delhi,IN-DL,28.577155,77.148588,,India;Delhi;New Delhi
80,North,IN-DL,28.793505,77.107739,,India;Delhi
81,North East,IN-DL,28.722615,77.256547,,India;Delhi
82,North West,IN-DL,28.725251,77.043125,,India;Delhi
795,Old Delhi,IN-DL,28.643370,77.115437,,India;Delhi
794,Outer North,IN-DL,28.643370,77.115437,,India;Delhi
448,Patel Nagar,IN-DL,28.681583,77.224161,,India;Delhi;Central
7585,Patparganj,IN-DL,28.622088,77.304590,,India;Delhi;East
449,Rajouri Garden,IN-DL,28.655426,77.063965,,India;Delhi;West
6077,Rohini,IN-DL,28.725251,77.043125,,India;Delhi;North West
7575,Sadar Bazar,IN-DL,28.643370,77.115437,,India;Delhi;Old Delhi
437,Shahdara,IN-DL,28.722615,77.256547,,India;Delhi;North East
7578,Shakur Basti,IN-DL,28.643370,77.115437,,India;Delhi;Central North
7579,Shalimar Bagh,IN-DL,28.643370,77.115437,,India;Delhi;Central North
83,South,IN-DL,28.481463,77.190717,,India;Delhi
670,South East,IN-DL,28.542227,77.272944,,India;Delhi
84,South West,IN-DL,28.576241,76.967730,,India;Delhi
7591,Vikaspuri,IN-DL,28.655426,77.063965,,India;Delhi;West
7586,Vishwas Nagar,IN-DL,28.622088,77.304590,,India;Delhi;East
85,West,IN-DL,28.655426,77.063965,,India;Delhi
6082,Yamuna Vihar,IN-DL,28.722615,77.256547,,India;Delhi;North East
3949,Dadra & Nagar Haveli,IN-DN,20.191077,73.058434,,India;The Dadra And Nagar Haveli And Daman And Diu;Dadra And Nagar Haveli
465,Dadra And Nagar Haveli,IN-DN,20.191077,73.058434,,India;The Dadra And Nagar Haveli And Daman And Diu
463,Daman,IN-DN,20.414235,72.852713,,India;The Dadra And Nagar Haveli And Daman And Diu
3948,Daman,IN-DN,20.414235,72.852713,,India;The Dadra And Nagar Haveli And Daman And Diu;Daman
464,Diu,IN-DN,20.721261,70.937137,,India;The Dadra And Nagar Haveli And Daman And Diu
3947,Diu,IN-DN,20.721261,70.937137,,India;The Dadra And Nagar Haveli And Daman And Diu;Diu
5610,Bardez,IN-GA,15.549741,73.976654,,India;Goa;North Goa
5612,Bicholim,IN-GA,15.549741,73.976654,,India;Goa;North Goa
5619,Canacona,IN-GA,15.365280,74.049474,,India;Goa;Kushavati
5931,Dharbandora,IN-GA,15.365280,74.049474,,India;Goa;Kushavati
793,Kushavati,IN-GA,15.365280,74.049474,,India;Goa
5615,Mormugao,IN-GA,15.200426,74.114554,,India;Goa;South Goa
551,North Goa,IN-GA,15.549741,73.976654,Panjim;Panaji,India;Goa
5609,Pernem,IN-GA,15.549741,73.976654,,India;Goa;North Goa
5614,Ponda,IN-GA,15.200426,74.114554,,India;Goa;South Goa
5617,Quepem,IN-GA,15.365280,74.049474,,India;Goa;Kushavati
5616,Salcete,IN-GA,15.200426,74.114554,,India;Goa;South Goa
5618,Sanguem,IN-GA,15.365280,74.049474,,India;Goa;Kushavati
5613,Satari,IN-GA,15.549741,73.976654,,India;Goa;North Goa
552,South Goa,IN-GA,15.200426,74.114554,,India;Goa
5611,Tiswadi,IN-GA,15.549741,73.976654,,India;Goa;North Goa
3728,Abdasa,IN-GJ,23.649743,69.939927,,India;Gujarat;Kachchh
7600,Abrama,IN-GJ,21.268923,73.071114,,India;Gujarat;Surat
6518,Adajan,IN-GJ,21.268923,73.071114,,India;Gujarat;Surat
438,Ahmedabad,IN-GJ,22.756916,72.243635,,India;Gujarat
3921,Ahwa,IN-GJ,20.804932,73.700704,,India;Gujarat;Dangs
7552,Ambika,IN-GJ,21.268923,73.071114,,India;Gujarat;Surat
3736,Amirgadh,IN-GJ,24.287309,72.023840,,India;Gujarat;Banas Kantha
3914,Amod,IN-GJ,21.781624,72.940813,,India;Gujarat;Bharuch
439,Amreli,IN-GJ,21.425061,71.242250,,India;Gujarat
3843,Amreli,IN-GJ,21.425061,71.242250,,India;Gujarat;Amreli
7432,Amreli-City,IN-GJ,21.425061,71.242250,,India;Gujarat;Amreli
440,Anand,IN-GJ,22.426788,72.750860,,India;Gujarat
6530,Anand City,IN-GJ,22.426788,72.750860,,India;Gujarat;Anand
3864,Anand Rural,IN-GJ,22.426788,72.750860,,India;Gujarat;Anand
3725,Anjar,IN-GJ,23.649743,69.939927,,India;Gujarat;Kachchh
3868,Anklav,IN-GJ,22.426788,72.750860,,India;Gujarat;Anand
3918,Anklesvar,IN-GJ,21.781624,72.940813,,India;Gujarat;Bharuch
7553,Areth,IN-GJ,21.268923,73.071114,,India;Gujarat;Surat
672,Arvalli,IN-GJ,23.460770,73.333057,,India;Gujarat
6512,Asarva,IN-GJ,22.756916,72.243635,,India;Gujarat;Ahmedabad
3840,Babra,IN-GJ,21.425061,71.242250,,India;Gujarat;Amreli
3844,Bagasara,IN-GJ,21.425061,71.242250,,India;Gujarat;Amreli
3871,Balasinor,IN-GJ,23.187631,73.647054,,India;Gujarat;Mahisagar
441,Banas Kantha,IN-GJ,24.287309,72.023840,,India;Gujarat
3926,Bansda,IN-GJ,20.815302,73.092556,,India;Gujarat;Navsari
3940,Bardoli,IN-GJ,21.268923,73.071114,,India;Gujarat;Surat
3786,Barwala,IN-GJ,22.111237,71.675173,,India;Gujarat;Botad
3784,Bavla,IN-GJ,22.756916,72.243635,,India;Gujarat;Ahmedabad
3772,Bayad,IN-GJ,23.460770,73.333057,,India;Gujarat;Arvalli
3758,Becharaji,IN-GJ,23.609492,72.466734,,India;Gujarat;Mahesana
3742,Bhabhar,IN-GJ,22.692625,71.595166,,India;Gujarat;Vav-Tharad
3724,Bhachau,IN-GJ,23.649743,69.939927,,India;Gujarat;Kachchh
3820,Bhanvad,IN-GJ,22.123915,69.460359,,India;Gujarat;Devbhumi Dwarka
442,Bharuch,IN-GJ,21.781624,72.940813,,India;Gujarat
3916,Bharuch,IN-GJ,21.781624,72.940813,,India;Gujarat;Bharuch
7597,Bharuch City,IN-GJ,21.781624,72.940813,,India;Gujarat;Bharuch
443,Bhavnagar,IN-GJ,21.567255,71.890807,,India;Gujarat
3854,Bhavnagar,IN-GJ,21.567255,71.890807,,India;Gujarat;Bhavnagar
7444,Bhavnagar City,IN-GJ,21.567255,71.890807,,India;Gujarat;Bhavnagar
3828,Bhesan,IN-GJ,21.322204,70.484799,,India;Gujarat;Junagadh
3764,Bhiloda,IN-GJ,23.460770,73.333057,,India;Gujarat;Arvalli
3726,Bhuj,IN-GJ,23.649743,69.939927,,India;Gujarat;Kachchh
6020,Bodeli,IN-GJ,22.219363,73.873322,,India;Gujarat;Chhotaudepur
3867,Borsad,IN-GJ,22.426788,72.750860,,India;Gujarat;Anand
676,Botad,IN-GJ,22.111237,71.675173,,India;Gujarat
3850,Botad,IN-GJ,22.111237,71.675173,,India;Gujarat;Botad
7435,Botad City,IN-GJ,22.111237,71.675173,,India;Gujarat;Botad
3750,Chanasma,IN-GJ,23.770377,71.758662,,India;Gujarat;Patan
3901,Chhota Udaipur,IN-GJ,22.219363,73.873322,,India;Gujarat;Chhotaudepur
668,Chhotaudepur,IN-GJ,22.219363,73.873322,,India;Gujarat
7545,Chikada,IN-GJ,21.736946,73.644961,,India;Gujarat;Narmada
3925,Chikhli,IN-GJ,20.815302,73.092556,,India;Gujarat;Navsari
3938,Chorasi,IN-GJ,21.268923,73.071114,,India;Gujarat;Surat
3794,Chotila,IN-GJ,22.765832,71.593076,,India;Gujarat;Surendranagar
3796,Chuda,IN-GJ,22.765832,71.593076,,India;Gujarat;Surendranagar
3905,Dabhoi,IN-GJ,22.248056,73.239088,,India;Gujarat;Vadodara
445,Dahod,IN-GJ,22.860252,74.112368,,India;Gujarat
444,Dangs,IN-GJ,20.804932,73.700704,,India;Gujarat
3737,Danta,IN-GJ,24.287309,72.023840,,India;Gujarat;Banas Kantha
3735,Dantiwada,IN-GJ,24.287309,72.023840,,India;Gujarat;Banas Kantha
3790,Dasada,IN-GJ,22.765832,71.593076,,India;Gujarat;Surendranagar
3782,Daskroi,IN-GJ,22.756916,72.243635,,India;Gujarat;Ahmedabad
3911,Dediapada,IN-GJ,21.736946,73.644961,,India;Gujarat;Narmada
3740,Deesa,IN-GJ,24.287309,72.023840,,India;Gujarat;Banas Kantha
7437,Deesa City,IN-GJ,24.287309,72.023840,,India;Gujarat;Banas Kantha
3776,Dehgam,IN-GJ,23.255060,72.691828,,India;Gujarat;Gandhinagar
3741,Deodar,IN-GJ,22.692625,71.595166,,India;Gujarat;Vav-Tharad
6035,Desar,IN-GJ,22.248056,73.239088,,India;Gujarat;Vadodara
3778,Detroj-Rampura,IN-GJ,22.756916,72.243635,,India;Gujarat;Ahmedabad
674,Devbhumi Dwarka,IN-GJ,22.123915,69.460359,,India;Gujarat
3895,Devgadbaria,IN-GJ,22.860252,74.112368,,India;Gujarat;Dahod
3787,Dhandhuka,IN-GJ,22.756916,72.243635,,India;Gujarat;Ahmedabad
3734,Dhanera,IN-GJ,24.287309,72.023840,,India;Gujarat;Banas Kantha
3896,Dhanpur,IN-GJ,22.860252,74.112368,,India;Gujarat;Dahod
3770,Dhansura,IN-GJ,23.460770,73.333057,,India;Gujarat;Arvalli
3928,Dharampur,IN-GJ,20.418149,73.120123,,India;Gujarat;Valsad
3845,Dhari,IN-GJ,21.425061,71.242250,,India;Gujarat;Amreli
7544,Dharnidhar,IN-GJ,22.692625,71.595166,,India;Gujarat;Vav-Tharad
6167,Dholera,IN-GJ,22.756916,72.243635,,India;Gujarat;Ahmedabad
3783,Dholka,IN-GJ,22.756916,72.243635,,India;Gujarat;Ahmedabad
3810,Dhoraji,IN-GJ,22.025462,70.744479,,India;Gujarat;Rajkot
3789,Dhrangadhra,IN-GJ,22.765832,71.593076,,India;Gujarat;Surendranagar
3816,Dhrol,IN-GJ,22.284992,70.195152,,India;Gujarat;Jamnagar
3893,Dohad,IN-GJ,22.860252,74.112368,,India;Gujarat;Dahod
6200,Dolvan,IN-GJ,21.191623,73.626694,,India;Gujarat;Tapi
7558,Fagvel,IN-GJ,22.837464,72.950496,,India;Gujarat;Kheda
3890,Fatepura,IN-GJ,22.860252,74.112368,,India;Gujarat;Dahod
3852,Gadhada,IN-GJ,22.111237,71.675173,,India;Gujarat;Botad
6025,Galteshwar,IN-GJ,22.837464,72.950496,,India;Gujarat;Kheda
3924,Gandevi,IN-GJ,20.815302,73.092556,,India;Gujarat;Navsari
3731,Gandhidham,IN-GJ,23.649743,69.939927,,India;Gujarat;Kachchh
446,Gandhinagar,IN-GJ,23.255060,72.691828,,India;Gujarat
3775,Gandhinagar,IN-GJ,23.255060,72.691828,,India;Gujarat;Gandhinagar
3894,Garbada,IN-GJ,22.860252,74.112368,,India;Gujarat;Dahod
3857,Gariadhar,IN-GJ,21.567255,71.890807,,India;Gujarat;Bhavnagar
6029,Garudeshwar,IN-GJ,21.736946,73.644961,,India;Gujarat;Narmada
6513,Ghatlodiya,IN-GJ,22.756916,72.243635,,India;Gujarat;Ahmedabad
3855,Ghogha,IN-GJ,21.567255,71.890807,,India;Gujarat;Bhavnagar
3887,Ghoghamba,IN-GJ,22.719962,73.625560,,India;Gujarat;Panch Mahals
6199,Gir Gadhda,IN-GJ,20.904305,70.754896,,India;Gujarat;Gir Somnath
675,Gir Somnath,IN-GJ,20.904305,70.754896,,India;Gujarat
7546,Godhar,IN-GJ,23.187631,73.647054,,India;Gujarat;Mahisagar
7598,Godharacity,IN-GJ,22.719962,73.625560,,India;Gujarat;Panch Mahals
3885,Godhra,IN-GJ,22.719962,73.625560,,India;Gujarat;Panch Mahals
3807,Gondal,IN-GJ,22.025462,70.744479,,India;Gujarat;Rajkot
7439,Gondal City,IN-GJ,22.025462,70.744479,,India;Gujarat;Rajkot
7554,Govindguru Limdi,IN-GJ,22.860252,74.112368,,India;Gujarat;Dahod
7555,Hadad,IN-GJ,24.287309,72.023840,,India;Gujarat;Banas Kantha
3888,Halol,IN-GJ,22.719962,73.625560,,India;Gujarat;Panch Mahals
3788,Halvad,IN-GJ,22.834967,70.903505,,India;Gujarat;Morbi
3919,Hansot,IN-GJ,21.781624,72.940813,,India;Gujarat;Bharuch
3748,Harij,IN-GJ,23.770377,71.758662,,India;Gujarat;Patan
3766,Himatnagar,IN-GJ,23.804138,73.036193,,India;Gujarat;Sabar Kantha
3763,Idar,IN-GJ,23.804138,73.036193,,India;Gujarat;Sabar Kantha
3848,Jafrabad,IN-GJ,21.425061,71.242250,,India;Gujarat;Amreli
3923,Jalalpore,IN-GJ,20.815302,73.092556,,India;Gujarat;Navsari
3889,Jambughoda,IN-GJ,22.719962,73.625560,,India;Gujarat;Panch Mahals
3913,Jambusar,IN-GJ,21.781624,72.940813,,India;Gujarat;Bharuch
3821,Jamjodhpur,IN-GJ,22.284992,70.195152,,India;Gujarat;Jamnagar
3808,Jamkandorna,IN-GJ,22.025462,70.744479,,India;Gujarat;Rajkot
447,Jamnagar,IN-GJ,22.284992,70.195152,,India;Gujarat
6525,Jamnagar City,IN-GJ,22.284992,70.195152,,India;Gujarat;Jamnagar
3814,Jamnagar Rural,IN-GJ,22.284992,70.195152,,India;Gujarat;Jamnagar
3806,Jasdan,IN-GJ,22.025462,70.744479,,India;Gujarat;Rajkot
6203,Jesar,IN-GJ,21.567255,71.890807,,India;Gujarat;Bhavnagar
3811,Jetpur,IN-GJ,22.025462,70.744479,,India;Gujarat;Rajkot
7440,Jetpur City,IN-GJ,22.025462,70.744479,,India;Gujarat;Rajkot
3900,Jetpur Pavi,IN-GJ,22.219363,73.873322,,India;Gujarat;Chhotaudepur
3917,Jhagadia,IN-GJ,21.781624,72.940813,,India;Gujarat;Bharuch
3891,Jhalod,IN-GJ,22.860252,74.112368,,India;Gujarat;Dahod
3815,Jodiya,IN-GJ,22.284992,70.195152,,India;Gujarat;Jamnagar
6021,Jotana,IN-GJ,23.609492,72.466734,,India;Gujarat;Mahesana
448,Junagadh,IN-GJ,21.322204,70.484799,,India;Gujarat
3827,Junagadh,IN-GJ,21.322204,70.484799,,India;Gujarat;Junagadh
6517,Junagadh City,IN-GJ,21.322204,70.484799,,India;Gujarat;Junagadh
449,Kachchh,IN-GJ,23.649743,69.939927,,India;Gujarat
3880,Kadana,IN-GJ,23.187631,73.647054,,India;Gujarat;Mahisagar
3759,Kadi,IN-GJ,23.609492,72.466734,,India;Gujarat;Mahesana
7551,Kadval,IN-GJ,22.219363,73.873322,,India;Gujarat;Chhotaudepur
3817,Kalavad,IN-GJ,22.284992,70.195152,,India;Gujarat;Jamnagar
3886,Kalol,IN-GJ,22.719962,73.625560,,India;Gujarat;Panch Mahals
7438,Kalol City,IN-GJ,23.255060,72.691828,,India;Gujarat;Gandhinagar
3773,Kalol Gandhinagar,IN-GJ,23.255060,72.691828,,India;Gujarat;Gandhinagar
3819,Kalyanpur,IN-GJ,22.123915,69.460359,,India;Gujarat;Devbhumi Dwarka
3936,Kamrej,IN-GJ,21.268923,73.071114,,India;Gujarat;Surat
3743,Kankrej,IN-GJ,24.287309,72.023840,,India;Gujarat;Banas Kantha
3869,Kapadvanj,IN-GJ,22.837464,72.950496,,India;Gujarat;Kheda
3930,Kaprada,IN-GJ,20.418149,73.120123,,India;Gujarat;Valsad
3907,Karjan,IN-GJ,22.248056,73.239088,,India;Gujarat;Vadodara
6519,Katargam,IN-GJ,21.268923,73.071114,,India;Gujarat;Surat
3872,Kathlal,IN-GJ,22.837464,72.950496,,India;Gujarat;Kheda
3902,Kavant,IN-GJ,22.219363,73.873322,,India;Gujarat;Chhotaudepur
3831,Keshod,IN-GJ,21.322204,70.484799,,India;Gujarat;Junagadh
3847,Khambha,IN-GJ,21.425061,71.242250,,India;Gujarat;Amreli
3813,Khambhalia,IN-GJ,22.123915,69.460359,,India;Gujarat;Devbhumi Dwarka
3866,Khambhat,IN-GJ,22.426788,72.750860,,India;Gujarat;Anand
3879,Khanpur,IN-GJ,23.187631,73.647054,,India;Gujarat;Mahisagar
450,Kheda,IN-GJ,22.837464,72.950496,,India;Gujarat
3874,Kheda,IN-GJ,22.837464,72.950496,,India;Gujarat;Kheda
3760,Khedbrahma,IN-GJ,23.804138,73.036193,,India;Gujarat;Sabar Kantha
3752,Kheralu,IN-GJ,23.609492,72.466734,,India;Gujarat;Mahesana
6195,Khergam,IN-GJ,20.815302,73.092556,,India;Gujarat;Navsari
3837,Kodinar,IN-GJ,20.904305,70.754896,,India;Gujarat;Gir Somnath
3805,Kotda Sangani,IN-GJ,22.025462,70.744479,,India;Gujarat;Rajkot
7556,Kothmba,IN-GJ,23.187631,73.647054,,India;Gujarat;Mahisagar
6169,Kukarmunda,IN-GJ,21.191623,73.626694,,India;Gujarat;Tapi
3839,Kunkavav Vadia,IN-GJ,21.425061,71.242250,,India;Gujarat;Amreli
3824,Kutiyana,IN-GJ,21.654830,69.777118,,India;Gujarat;Porbandar
6168,Lakhani,IN-GJ,22.692625,71.595166,,India;Gujarat;Vav-Tharad
3722,Lakhpat,IN-GJ,23.649743,69.939927,,India;Gujarat;Kachchh
3791,Lakhtar,IN-GJ,22.765832,71.593076,,India;Gujarat;Surendranagar
3818,Lalpur,IN-GJ,22.284992,70.195152,,India;Gujarat;Jamnagar
3841,Lathi,IN-GJ,21.425061,71.242250,,India;Gujarat;Amreli
3842,Lilia,IN-GJ,21.425061,71.242250,,India;Gujarat;Amreli
3797,Limbdi,IN-GJ,22.765832,71.593076,,India;Gujarat;Surendranagar
3892,Limkheda,IN-GJ,22.860252,74.112368,,India;Gujarat;Dahod
3804,Lodhika,IN-GJ,22.025462,70.744479,,India;Gujarat;Rajkot
3882,Lunawada,IN-GJ,23.187631,73.647054,,India;Gujarat;Mahisagar
451,Mahesana,IN-GJ,23.609492,72.466734,,India;Gujarat
3757,Mahesana,IN-GJ,23.609492,72.466734,,India;Gujarat;Mahesana
7441,Mahesana City,IN-GJ,23.609492,72.466734,,India;Gujarat;Mahesana
669,Mahisagar,IN-GJ,23.187631,73.647054,,India;Gujarat
3877,Mahudha,IN-GJ,22.837464,72.950496,,India;Gujarat;Kheda
3941,Mahuva,IN-GJ,21.268923,73.071114,,India;Gujarat;Surat
3860,Mahuva,IN-GJ,21.567255,71.890807,,India;Gujarat;Bhavnagar
3937,Majura,IN-GJ,21.268923,73.071114,,India;Gujarat;Surat
3833,Malia Hatina,IN-GJ,21.322204,70.484799,,India;Gujarat;Junagadh
3798,Maliya,IN-GJ,22.834967,70.903505,,India;Gujarat;Morbi
3771,Malpur,IN-GJ,23.460770,73.333057,,India;Gujarat;Arvalli
3825,Manavadar,IN-GJ,21.322204,70.484799,,India;Gujarat;Junagadh
3777,Mandal,IN-GJ,22.756916,72.243635,,India;Gujarat;Ahmedabad
3729,Mandvi,IN-GJ,23.649743,69.939927,,India;Gujarat;Kachchh
3935,Mandvi,IN-GJ,21.268923,73.071114,,India;Gujarat;Surat
3832,Mangrol,IN-GJ,21.322204,70.484799,,India;Gujarat;Junagadh
3933,Mangrol,IN-GJ,21.268923,73.071114,,India;Gujarat;Surat
6515,Maninagar,IN-GJ,22.756916,72.243635,,India;Gujarat;Ahmedabad
3774,Mansa,IN-GJ,23.255060,72.691828,,India;Gujarat;Gandhinagar
3875,Matar,IN-GJ,22.837464,72.950496,,India;Gujarat;Kheda
3765,Meghraj,IN-GJ,23.460770,73.333057,,India;Gujarat;Arvalli
3873,Mehmedabad,IN-GJ,22.837464,72.950496,,India;Gujarat;Kheda
3830,Mendarda,IN-GJ,21.322204,70.484799,,India;Gujarat;Junagadh
3769,Modasa,IN-GJ,23.460770,73.333057,,India;Gujarat;Arvalli
673,Morbi,IN-GJ,22.834967,70.903505,,India;Gujarat
7443,Morbi City,IN-GJ,22.834967,70.903505,,India;Gujarat;Morbi
3799,Morvi,IN-GJ,22.834967,70.903505,,India;Gujarat;Morbi
3884,Morwa (Hadaf),IN-GJ,22.719962,73.625560,,India;Gujarat;Panch Mahals
3793,Muli,IN-GJ,22.765832,71.593076,,India;Gujarat;Surendranagar
3730,Mundra,IN-GJ,23.649743,69.939927,,India;Gujarat;Kachchh
3876,Nadiad,IN-GJ,22.837464,72.950496,,India;Gujarat;Kheda
6531,Nadiad City,IN-GJ,22.837464,72.950496,,India;Gujarat;Kheda
3727,Nakhatrana,IN-GJ,23.649743,69.939927,,India;Gujarat;Kachchh
7547,Nanapodha,IN-GJ,20.418149,73.120123,,India;Gujarat;Valsad
3910,Nandod,IN-GJ,21.736946,73.644961,,India;Gujarat;Narmada
452,Narmada,IN-GJ,21.736946,73.644961,,India;Gujarat
3903,Nasvadi,IN-GJ,22.219363,73.873322,,India;Gujarat;Chhotaudepur
453,Navsari,IN-GJ,20.815302,73.092556,,India;Gujarat
3922,Navsari,IN-GJ,20.815302,73.092556,,India;Gujarat;Navsari
6170,Netrang,IN-GJ,21.781624,72.940813,,India;Gujarat;Bharuch
3942,Nizar,IN-GJ,21.191623,73.626694,,India;Gujarat;Tapi
7557,Ogad,IN-GJ,24.287309,72.023840,,India;Gujarat;Banas Kantha
3812,Okhamandal,IN-GJ,22.123915,69.460359,,India;Gujarat;Devbhumi Dwarka
3932,Olpad,IN-GJ,21.268923,73.071114,,India;Gujarat;Surat
3802,Paddhari,IN-GJ,22.025462,70.744479,,India;Gujarat;Rajkot
3906,Padra,IN-GJ,22.248056,73.239088,,India;Gujarat;Vadodara
3739,Palanpur,IN-GJ,24.287309,72.023840,,India;Gujarat;Banas Kantha
7436,Palanpur City,IN-GJ,24.287309,72.023840,,India;Gujarat;Banas Kantha
3858,Palitana,IN-GJ,21.567255,71.890807,,India;Gujarat;Bhavnagar
3939,Palsana,IN-GJ,21.268923,73.071114,,India;Gujarat;Surat
454,Panch Mahals,IN-GJ,22.719962,73.625560,,India;Gujarat
7601,Pardi,IN-GJ,20.418149,73.120123,,India;Gujarat;Valsad
455,Patan,IN-GJ,23.770377,71.758662,,India;Gujarat
3747,Patan,IN-GJ,23.770377,71.758662,,India;Gujarat;Patan
7433,Patan City,IN-GJ,23.770377,71.758662,,India;Gujarat;Patan
3835,Patan-Veraval,IN-GJ,20.904305,70.754896,,India;Gujarat;Gir Somnath
3865,Petlad,IN-GJ,22.426788,72.750860,,India;Gujarat;Anand
7445,Porabandar City,IN-GJ,21.654830,69.777118,,India;Gujarat;Porbandar
456,Porbandar,IN-GJ,21.654830,69.777118,,India;Gujarat
3822,Porbandar,IN-GJ,21.654830,69.777118,,India;Gujarat;Porbandar
6088,Poshina,IN-GJ,23.804138,73.036193,,India;Gujarat;Sabar Kantha
3767,Prantij,IN-GJ,23.804138,73.036193,,India;Gujarat;Sabar Kantha
6521,Puna,IN-GJ,21.268923,73.071114,,India;Gujarat;Surat
7543,Raah,IN-GJ,22.692625,71.595166,,India;Gujarat;Vav-Tharad
3745,Radhanpur,IN-GJ,23.770377,71.758662,,India;Gujarat;Patan
457,Rajkot,IN-GJ,22.025462,70.744479,,India;Gujarat
3803,Rajkot,IN-GJ,22.025462,70.744479,,India;Gujarat;Rajkot
6520,Rajkot East,IN-GJ,22.025462,70.744479,,India;Gujarat;Rajkot
6524,Rajkot South,IN-GJ,22.025462,70.744479,,India;Gujarat;Rajkot
6523,Rajkot West,IN-GJ,22.025462,70.744479,,India;Gujarat;Rajkot
3849,Rajula,IN-GJ,21.425061,71.242250,,India;Gujarat;Amreli
3823,Ranavav,IN-GJ,21.654830,69.777118,,India;Gujarat;Porbandar
3785,Ranpur,IN-GJ,22.111237,71.675173,,India;Gujarat;Botad
3723,Rapar,IN-GJ,23.649743,69.939927,,India;Gujarat;Kachchh
458,Sabar Kantha,IN-GJ,23.804138,73.036193,,India;Gujarat
3781,Sabarmati,IN-GJ,22.756916,72.243635,,India;Gujarat;Ahmedabad
3912,Sagbara,IN-GJ,21.736946,73.644961,,India;Gujarat;Narmada
3749,Sami,IN-GJ,23.770377,71.758662,,India;Gujarat;Patan
3780,Sanand,IN-GJ,22.756916,72.243635,,India;Gujarat;Ahmedabad
6204,Sanjeli,IN-GJ,22.860252,74.112368,,India;Gujarat;Dahod
3904,Sankheda,IN-GJ,22.219363,73.873322,,India;Gujarat;Chhotaudepur
3744,Santalpur,IN-GJ,23.770377,71.758662,,India;Gujarat;Patan
3881,Santrampur,IN-GJ,23.187631,73.647054,,India;Gujarat;Mahisagar
6196,Saraswati,IN-GJ,23.770377,71.758662,,India;Gujarat;Patan
7559,Sathamba,IN-GJ,23.460770,73.333057,,India;Gujarat;Arvalli
3751,Satlasana,IN-GJ,23.609492,72.466734,,India;Gujarat;Mahesana
3846,Savar Kundla,IN-GJ,21.425061,71.242250,,India;Gujarat;Amreli
3897,Savli,IN-GJ,22.248056,73.239088,,India;Gujarat;Vadodara
3795,Sayla,IN-GJ,22.765832,71.593076,,India;Gujarat;Surendranagar
7548,Shamlaji,IN-GJ,23.460770,73.333057,,India;Gujarat;Arvalli
6197,Shankheshvar,IN-GJ,23.770377,71.758662,,India;Gujarat;Patan
3883,Shehera,IN-GJ,22.719962,73.625560,,India;Gujarat;Panch Mahals
3746,Sidhpur,IN-GJ,23.770377,71.758662,,India;Gujarat;Patan
3856,Sihor,IN-GJ,21.567255,71.890807,,India;Gujarat;Bhavnagar
6480,Singvad,IN-GJ,22.860252,74.112368,,India;Gujarat;Dahod
3908,Sinor,IN-GJ,22.248056,73.239088,,India;Gujarat;Vadodara
3862,Sojitra,IN-GJ,22.426788,72.750860,,India;Gujarat;Anand
3944,Songadh,IN-GJ,21.191623,73.626694,,India;Gujarat;Tapi
6024,Subir,IN-GJ,20.804932,73.700704,,India;Gujarat;Dangs
6166,Suigam,IN-GJ,22.692625,71.595166,,India;Gujarat;Vav-Tharad
7549,Sukhsar,IN-GJ,22.860252,74.112368,,India;Gujarat;Dahod
459,Surat,IN-GJ,21.268923,73.071114,,India;Gujarat
460,Surendranagar,IN-GJ,22.765832,71.593076,,India;Gujarat
7442,Surendranagar City,IN-GJ,22.765832,71.593076,,India;Gujarat;Surendranagar
3836,Sutrapada,IN-GJ,20.904305,70.754896,,India;Gujarat;Gir Somnath
3859,Talaja,IN-GJ,21.567255,71.890807,,India;Gujarat;Bhavnagar
3834,Talala,IN-GJ,20.904305,70.754896,,India;Gujarat;Gir Somnath
3768,Talod,IN-GJ,23.804138,73.036193,,India;Gujarat;Sabar Kantha
3800,Tankara,IN-GJ,22.834967,70.903505,,India;Gujarat;Morbi
641,Tapi,IN-GJ,21.191623,73.626694,,India;Gujarat
3861,Tarapur,IN-GJ,22.426788,72.750860,,India;Gujarat;Anand
6037,Thangadh,IN-GJ,22.765832,71.593076,,India;Gujarat;Surendranagar
3733,Tharad,IN-GJ,22.692625,71.595166,,India;Gujarat;Vav-Tharad
3878,Thasra,IN-GJ,22.837464,72.950496,,India;Gujarat;Kheda
3909,Tilakwada,IN-GJ,21.736946,73.644961,,India;Gujarat;Narmada
3943,Uchchhal,IN-GJ,21.191623,73.626694,,India;Gujarat;Tapi
6522,Udhna,IN-GJ,21.268923,73.071114,,India;Gujarat;Surat
7550,Ukai,IN-GJ,21.191623,73.626694,,India;Gujarat;Tapi
3934,Umarpada,IN-GJ,21.268923,73.071114,,India;Gujarat;Surat
3931,Umbergaon,IN-GJ,20.418149,73.120123,,India;Gujarat;Valsad
3853,Umrala,IN-GJ,21.567255,71.890807,,India;Gujarat;Bhavnagar
3863,Umreth,IN-GJ,22.426788,72.750860,,India;Gujarat;Anand
3838,Una,IN-GJ,20.904305,70.754896,,India;Gujarat;Gir Somnath
3753,Unjha,IN-GJ,23.609492,72.466734,,India;Gujarat;Mahesana
3809,Upleta,IN-GJ,22.025462,70.744479,,India;Gujarat;Rajkot
3762,Vadali,IN-GJ,23.804138,73.036193,,India;Gujarat;Sabar Kantha
3738,Vadgam,IN-GJ,24.287309,72.023840,,India;Gujarat;Banas Kantha
3755,Vadnagar,IN-GJ,23.609492,72.466734,,India;Gujarat;Mahesana
461,Vadodara,IN-GJ,22.248056,73.239088,Baroda,India;Gujarat
6529,Vadodara East,IN-GJ,22.248056,73.239088,,India;Gujarat;Vadodara
6527,Vadodara North,IN-GJ,22.248056,73.239088,,India;Gujarat;Vadodara
3898,Vadodara Rural,IN-GJ,22.248056,73.239088,,India;Gujarat;Vadodara
6526,Vadodara South,IN-GJ,22.248056,73.239088,,India;Gujarat;Vadodara
6528,Vadodara West,IN-GJ,22.248056,73.239088,,India;Gujarat;Vadodara
3899,Vaghodia,IN-GJ,22.248056,73.239088,,India;Gujarat;Vadodara
3915,Vagra,IN-GJ,21.781624,72.940813,,India;Gujarat;Bharuch
3920,Valia,IN-GJ,21.781624,72.940813,,India;Gujarat;Bharuch
3851,Vallabhipur,IN-GJ,21.567255,71.890807,,India;Gujarat;Bhavnagar
3946,Valod,IN-GJ,21.191623,73.626694,,India;Gujarat;Tapi
462,Valsad,IN-GJ,20.418149,73.120123,,India;Gujarat
3927,Valsad,IN-GJ,20.418149,73.120123,,India;Gujarat;Valsad
7599,Valsad City,IN-GJ,20.418149,73.120123,,India;Gujarat;Valsad
3826,Vanthali,IN-GJ,21.322204,70.484799,,India;Gujarat;Junagadh
6031,Vapi,IN-GJ,20.418149,73.120123,,India;Gujarat;Valsad
7596,Vapi City,IN-GJ,20.418149,73.120123,,India;Gujarat;Valsad
6034,Vaso,IN-GJ,22.837464,72.950496,,India;Gujarat;Kheda
6516,Vatva,IN-GJ,22.756916,72.243635,,India;Gujarat;Ahmedabad
3732,Vav,IN-GJ,22.692625,71.595166,,India;Gujarat;Vav-Tharad
789,Vav-Tharad,IN-GJ,22.692625,71.595166,,India;Gujarat
6514,Vejalpur,IN-GJ,22.756916,72.243635,,India;Gujarat;Ahmedabad
7446,Veraval City,IN-GJ,20.904305,70.754896,,India;Gujarat;Gir Somnath
3756,Vijapur,IN-GJ,23.609492,72.466734,,India;Gujarat;Mahesana
3761,Vijaynagar,IN-GJ,23.804138,73.036193,,India;Gujarat;Sabar Kantha
6198,Vinchchiya,IN-GJ,22.025462,70.744479,,India;Gujarat;Rajkot
3779,Viramgam,IN-GJ,22.756916,72.243635,,India;Gujarat;Ahmedabad
3870,Virpur,IN-GJ,23.187631,73.647054,,India;Gujarat;Mahisagar
3829,Visavadar,IN-GJ,21.322204,70.484799,,India;Gujarat;Junagadh
3754,Visnagar,IN-GJ,23.609492,72.466734,,India;Gujarat;Mahesana
3945,Vyara,IN-GJ,21.191623,73.626694,,India;Gujarat;Tapi
3792,Wadhwan,IN-GJ,22.765832,71.593076,,India;Gujarat;Surendranagar
6023,Waghai,IN-GJ,20.804932,73.700704,,India;Gujarat;Dangs
3801,Wankaner,IN-GJ,22.834967,70.903505,,India;Gujarat;Morbi
6900,Alampur,IN-HP,32.108262,76.315594,,India;Himachal Pradesh;Kangra
148,Amb,IN-HP,31.579300,76.209866,,India;Himachal Pradesh;Una
121,Ani,IN-HP,31.902180,77.398851,,India;Himachal Pradesh;Kullu
158,Arki,IN-HP,31.045294,76.909556,,India;Himachal Pradesh;Solan
134,Aut,IN-HP,31.636785,76.991568,,India;Himachal Pradesh;Mandi
162,Baddi,IN-HP,31.045294,76.909556,,India;Himachal Pradesh;Solan
186,Bagachnogi,IN-HP,31.636785,76.991568,,India;Himachal Pradesh;Mandi
7174,Bagshad,IN-HP,31.636785,76.991568,,India;Himachal Pradesh;Mandi
112,Baijnath,IN-HP,32.108262,76.315594,,India;Himachal Pradesh;Kangra
131,Baldwara,IN-HP,31.636785,76.991568,,India;Himachal Pradesh;Mandi
6947,Balh,IN-HP,31.636785,76.991568,,India;Himachal Pradesh;Mandi
135,Bali Chowki,IN-HP,31.636785,76.991568,,India;Himachal Pradesh;Mandi
149,Bangana,IN-HP,31.579300,76.209866,,India;Himachal Pradesh;Una
120,Banjar,IN-HP,31.902180,77.398851,,India;Himachal Pradesh;Kullu
102,Baroh,IN-HP,32.108262,76.315594,,India;Himachal Pradesh;Kangra
144,Barsar,IN-HP,31.667072,76.525513,,India;Himachal Pradesh;Hamirpur
130,Bhadrota,IN-HP,31.636785,76.991568,,India;Himachal Pradesh;Mandi
86,Bhalai,IN-HP,32.674760,76.348210,,India;Himachal Pradesh;Chamba
153,Bharari,IN-HP,31.370997,76.670218,,India;Himachal Pradesh;Bilaspur
92,Bharmour,IN-HP,32.674760,76.348210,,India;Himachal Pradesh;Chamba
7414,Bharoli,IN-HP,32.108262,76.315594,,India;Himachal Pradesh;Kangra
147,Bharwain,IN-HP,31.579300,76.209866,,India;Himachal Pradesh;Una
88,Bhattiyat,IN-HP,32.674760,76.348210,,India;Himachal Pradesh;Chamba
6939,Bhawarna,IN-HP,32.108262,76.315594,,India;Himachal Pradesh;Kangra
146,Bhoranj,IN-HP,31.667072,76.525513,,India;Himachal Pradesh;Hamirpur
6885,Bhota,IN-HP,31.667072,76.525513,,India;Himachal Pradesh;Hamirpur
6887,Bhuntar,IN-HP,31.902180,77.398851,,India;Himachal Pradesh;Kullu
15,Bilaspur,IN-HP,31.370997,76.670218,,India;Himachal Pradesh
156,Bilaspur Sadar,IN-HP,31.370997,76.670218,,India;Himachal Pradesh;Bilaspur
6892,Birhu Kalan,IN-HP,31.579300,76.209866,,India;Himachal Pradesh;Una
7560,Chachian,IN-HP,32.108262,76.315594,,India;Himachal Pradesh;Kangra
137,Chachyot,IN-HP,31.636785,76.991568,,India;Himachal Pradesh;Mandi
6897,Chadiyar,IN-HP,32.108262,76.315594,,India;Himachal Pradesh;Kangra
16,Chamba,IN-HP,32.674760,76.348210,,India;Himachal Pradesh
90,Chamba,IN-HP,32.674760,76.348210,,India;Himachal Pradesh;Chamba
185,Chaupal,IN-HP,31.197358,77.632010,,India;Himachal Pradesh;Shimla
6950,Chhatri,IN-HP,31.636785,76.991568,,India;Himachal Pradesh;Mandi
192,Chirgaon,IN-HP,31.197358,77.632010,,India;Himachal Pradesh;Shimla
84,Churah,IN-HP,32.674760,76.348210,,India;Himachal Pradesh;Chamba
171,Dadahu,IN-HP,30.666819,77.430921,,India;Himachal Pradesh;Sirmaur
6918,Dadasiba,IN-HP,32.108262,76.315594,,India;Himachal Pradesh;Kangra
87,Dalhousie,IN-HP,32.674760,76.348210,,India;Himachal Pradesh;Chamba
6901,Dareeni,IN-HP,32.108262,76.315594,,India;Himachal Pradesh;Kangra
159,Darlaghat,IN-HP,31.045294,76.909556,,India;Himachal Pradesh;Solan
6958,Deha,IN-HP,31.197358,77.632010,,India;Himachal Pradesh;Shimla
6949,Dehar,IN-HP,31.636785,76.991568,,India;Himachal Pradesh;Mandi
103,Dehra Gopipur,IN-HP,32.108262,76.315594,,India;Himachal Pradesh;Kangra
7175,Dhalwan,IN-HP,31.636785,76.991568,,India;Himachal Pradesh;Mandi
6964,Dhami,IN-HP,31.197358,77.632010,,India;Himachal Pradesh;Shimla
7577,Dhamwari,IN-HP,31.197358,77.632010,,India;Himachal Pradesh;Shimla
127,Dharmpur,IN-HP,31.636785,76.991568,,India;Himachal Pradesh;Mandi
99,Dharmsala,IN-HP,32.108262,76.315594,,India;Himachal Pradesh;Kangra
6944,Dharwala,IN-HP,32.674760,76.348210,,India;Himachal Pradesh;Chamba
145,Dhatwal,IN-HP,31.667072,76.525513,,India;Himachal Pradesh;Hamirpur
109,Dhira,IN-HP,32.108262,76.315594,,India;Himachal Pradesh;Kangra
193,Dodra Kwar,IN-HP,31.197358,77.632010,,India;Himachal Pradesh;Shimla
6891,Dulahar,IN-HP,31.579300,76.209866,,India;Himachal Pradesh;Una
95,Fatehpur,IN-HP,32.108262,76.315594,,India;Himachal Pradesh;Kangra
6893,Gagret,IN-HP,31.579300,76.209866,,India;Himachal Pradesh;Una
142,Galore,IN-HP,31.667072,76.525513,,India;Himachal Pradesh;Hamirpur
6921,Gangath,IN-HP,32.108262,76.315594,,India;Himachal Pradesh;Kangra
6888,Ghanari,IN-HP,31.579300,76.209866,,India;Himachal Pradesh;Una
152,Ghumarwin,IN-HP,31.370997,76.670218,,India;Himachal Pradesh;Bilaspur
17,Hamirpur,IN-HP,31.667072,76.525513,,India;Himachal Pradesh
143,Hamirpur,IN-HP,31.667072,76.525513,,India;Himachal Pradesh;Hamirpur
194,Hangrang,IN-HP,31.595321,78.413983,,India;Himachal Pradesh;Kinnaur
97,Harchakian,IN-HP,32.108262,76.315594,,India;Himachal Pradesh;Kangra
6920,Haripur,IN-HP,32.108262,76.315594,,India;Himachal Pradesh;Kangra
6953,Haripurdhar,IN-HP,30.666819,77.430921,,India;Himachal Pradesh;Sirmaur
151,Haroli,IN-HP,31.579300,76.209866,,India;Himachal Pradesh;Una
91,Holi,IN-HP,32.674760,76.348210,,India;Himachal Pradesh;Chamba
94,Indora,IN-HP,32.108262,76.315594,,India;Himachal Pradesh;Kangra
6889,Ispur,IN-HP,31.579300,76.209866,,India;Himachal Pradesh;Una
7413,Jahu,IN-HP,31.667072,76.525513,,India;Himachal Pradesh;Hamirpur
110,Jaisinghpur,IN-HP,32.108262,76.315594,,India;Himachal Pradesh;Kangra
6961,Jalog,IN-HP,31.197358,77.632010,,India;Himachal Pradesh;Shimla
6957,Jangla,IN-HP,31.197358,77.632010,,India;Himachal Pradesh;Shimla
7283,Jari,IN-HP,31.902180,77.398851,,India;Himachal Pradesh;Kullu
105,Jaswan,IN-HP,32.108262,76.315594,,India;Himachal Pradesh;Kangra
104,Jawalamukhi,IN-HP,32.108262,76.315594,,India;Himachal Pradesh;Kangra
96,Jawali,IN-HP,32.108262,76.315594,,India;Himachal Pradesh;Kangra
154,Jhanduta,IN-HP,31.370997,76.670218,,India;Himachal Pradesh;Bilaspur
124,Jogindarnagar,IN-HP,31.636785,76.991568,,India;Himachal Pradesh;Mandi
6890,Jol,IN-HP,31.579300,76.209866,,India;Himachal Pradesh;Una
188,Jubbal,IN-HP,31.197358,77.632010,,India;Himachal Pradesh;Shimla
183,Junga,IN-HP,31.197358,77.632010,,India;Himachal Pradesh;Shimla
6943,Kakira,IN-HP,32.674760,76.348210,,India;Himachal Pradesh;Chamba
7284,Kalbog,IN-HP,31.197358,77.632010,,India;Himachal Pradesh;Shimla
6938,Kalol,IN-HP,31.370997,76.670218,,India;Himachal Pradesh;Bilaspur
197,Kalpa,IN-HP,31.595321,78.413983,,India;Himachal Pradesh;Kinnaur
174,Kamrau,IN-HP,30.666819,77.430921,,India;Himachal Pradesh;Sirmaur
166,Kandaghat,IN-HP,31.045294,76.909556,,India;Himachal Pradesh;Solan
6884,Kangoo,IN-HP,31.667072,76.525513,,India;Himachal Pradesh;Hamirpur
18,Kangra,IN-HP,32.108262,76.315594,,India;Himachal Pradesh
100,Kangra,IN-HP,32.108262,76.315594,,India;Himachal Pradesh;Kangra
139,Karsog,IN-HP,31.636785,76.991568,,India;Himachal Pradesh;Mandi
164,Kasauli,IN-HP,31.045294,76.909556,,India;Himachal Pradesh;Solan
6945,Katoula,IN-HP,31.636785,76.991568,,India;Himachal Pradesh;Mandi
107,Khundian,IN-HP,32.108262,76.315594,,India;Himachal Pradesh;Kangra
19,Kinnaur,IN-HP,31.595321,78.413983,,India;Himachal Pradesh
6956,Kotgarh,IN-HP,31.197358,77.632010,,India;Himachal Pradesh;Shimla
189,Kotkhai,IN-HP,31.197358,77.632010,,India;Himachal Pradesh;Shimla
6896,Kotla,IN-HP,32.108262,76.315594,,India;Himachal Pradesh;Kangra
128,Kotli,IN-HP,31.636785,76.991568,,India;Himachal Pradesh;Mandi
163,Krishangarh,IN-HP,31.045294,76.909556,,India;Himachal Pradesh;Solan
20,Kullu,IN-HP,31.902180,77.398851,,India;Himachal Pradesh
118,Kullu,IN-HP,31.902180,77.398851,,India;Himachal Pradesh;Kullu
179,Kumarsain,IN-HP,31.197358,77.632010,,India;Himachal Pradesh;Shimla
7056,Kunihar,IN-HP,31.045294,76.909556,,India;Himachal Pradesh;Solan
6962,Kupvi,IN-HP,31.197358,77.632010,,India;Himachal Pradesh;Shimla
125,Lad Bharol,IN-HP,31.636785,76.991568,,India;Himachal Pradesh;Mandi
6902,Lagru,IN-HP,32.108262,76.315594,,India;Himachal Pradesh;Kangra
21,Lahaul And Spiti,IN-HP,32.480058,77.616702,,India;Himachal Pradesh
115,Lahul,IN-HP,32.480058,77.616702,,India;Himachal Pradesh;Lahaul And Spiti
7285,Lambloo,IN-HP,31.667072,76.525513,,India;Himachal Pradesh;Hamirpur
7450,Loharghat,IN-HP,31.045294,76.909556,,India;Himachal Pradesh;Solan
6919,Majheen,IN-HP,32.108262,76.315594,,India;Himachal Pradesh;Kangra
7121,Majra,IN-HP,30.666819,77.430921,,India;Himachal Pradesh;Sirmaur
6969,Makridi,IN-HP,31.636785,76.991568,,India;Himachal Pradesh;Mandi
6967,Mamlig,IN-HP,31.045294,76.909556,,India;Himachal Pradesh;Solan
117,Manali,IN-HP,31.902180,77.398851,,India;Himachal Pradesh;Kullu
6970,Mandap,IN-HP,31.636785,76.991568,,India;Himachal Pradesh;Mandi
22,Mandi,IN-HP,31.636785,76.991568,,India;Himachal Pradesh
133,Mandi,IN-HP,31.636785,76.991568,,India;Himachal Pradesh;Mandi
6894,Mehatpur,IN-HP,31.579300,76.209866,,India;Himachal Pradesh;Una
196,Morang,IN-HP,31.595321,78.413983,,India;Himachal Pradesh;Kinnaur
113,Multhan,IN-HP,32.108262,76.315594,,India;Himachal Pradesh;Kangra
141,Nadaun,IN-HP,31.667072,76.525513,,India;Himachal Pradesh;Hamirpur
101,Nagrota Bagwan,IN-HP,32.108262,76.315594,,India;Himachal Pradesh;Kangra
6895,Nagrota Surian,IN-HP,32.108262,76.315594,,India;Himachal Pradesh;Kangra
172,Nahan,IN-HP,30.666819,77.430921,,India;Himachal Pradesh;Sirmaur
155,Naina Devi,IN-HP,31.370997,76.670218,,India;Himachal Pradesh;Bilaspur
161,Nalagarh,IN-HP,31.045294,76.909556,,India;Himachal Pradesh;Solan
157,Namhol,IN-HP,31.370997,76.670218,,India;Himachal Pradesh;Bilaspur
178,Nankhari,IN-HP,31.197358,77.632010,,India;Himachal Pradesh;Shimla
6954,Narag,IN-HP,30.666819,77.430921,,India;Himachal Pradesh;Sirmaur
187,Nerwa,IN-HP,31.197358,77.632010,,India;Himachal Pradesh;Shimla
198,Nichar,IN-HP,31.595321,78.413983,,India;Himachal Pradesh;Kinnaur
138,Nihri,IN-HP,31.636785,76.991568,,India;Himachal Pradesh;Mandi
122,Nirmand,IN-HP,31.902180,77.398851,,India;Himachal Pradesh;Kullu
6886,Nither,IN-HP,31.902180,77.398851,,India;Himachal Pradesh;Kullu
168,Nohra,IN-HP,30.666819,77.430921,,India;Himachal Pradesh;Sirmaur
93,Nurpur,IN-HP,32.108262,76.315594,,India;Himachal Pradesh;Kangra
169,Pachhad,IN-HP,30.666819,77.430921,,India;Himachal Pradesh;Sirmaur
123,Padhar,IN-HP,31.636785,76.991568,,India;Himachal Pradesh;Mandi
6955,Pajhota,IN-HP,30.666819,77.430921,,India;Himachal Pradesh;Sirmaur
111,Palampur,IN-HP,32.108262,76.315594,,India;Himachal Pradesh;Kangra
6899,Panchrukhi,IN-HP,32.108262,76.315594,,India;Himachal Pradesh;Kangra
83,Pangi,IN-HP,32.674760,76.348210,,India;Himachal Pradesh;Chamba
6951,Pangna,IN-HP,31.636785,76.991568,,India;Himachal Pradesh;Mandi
6940,Panjehra,IN-HP,31.045294,76.909556,,India;Himachal Pradesh;Solan
173,Paonta Sahib,IN-HP,30.666819,77.430921,,India;Himachal Pradesh;Sirmaur
7126,Parwanoo,IN-HP,31.045294,76.909556,,India;Himachal Pradesh;Solan
195,Poo,IN-HP,31.595321,78.413983,,India;Himachal Pradesh;Kinnaur
6905,Pragpur,IN-HP,32.108262,76.315594,,India;Himachal Pradesh;Kangra
6942,Pukhri,IN-HP,32.674760,76.348210,,India;Himachal Pradesh;Chamba
7288,Raja Ka Talab,IN-HP,32.108262,76.315594,,India;Himachal Pradesh;Kangra
167,Rajgarh,IN-HP,30.666819,77.430921,,India;Himachal Pradesh;Sirmaur
106,Rakkar,IN-HP,32.108262,76.315594,,India;Himachal Pradesh;Kangra
177,Rampur,IN-HP,31.197358,77.632010,,India;Himachal Pradesh;Shimla
160,Ramshahr,IN-HP,31.045294,76.909556,,India;Himachal Pradesh;Solan
170,Renuka,IN-HP,30.666819,77.430921,,India;Himachal Pradesh;Sirmaur
6952,Rewalsar,IN-HP,31.636785,76.991568,,India;Himachal Pradesh;Mandi
7287,Rey,IN-HP,32.108262,76.315594,,India;Himachal Pradesh;Kangra
191,Rohru,IN-HP,31.197358,77.632010,,India;Himachal Pradesh;Shimla
176,Ronhat,IN-HP,30.666819,77.430921,,India;Himachal Pradesh;Sirmaur
7561,Saach,IN-HP,32.674760,76.348210,,India;Himachal Pradesh;Chamba
7291,Sadwan,IN-HP,32.108262,76.315594,,India;Himachal Pradesh;Kangra
7451,Saho,IN-HP,32.674760,76.348210,,India;Himachal Pradesh;Chamba
119,Sainj,IN-HP,31.902180,77.398851,,India;Himachal Pradesh;Kullu
85,Saluni,IN-HP,32.674760,76.348210,,India;Himachal Pradesh;Chamba
126,Sandhol,IN-HP,31.636785,76.991568,,India;Himachal Pradesh;Mandi
199,Sangla,IN-HP,31.595321,78.413983,,India;Himachal Pradesh;Kinnaur
6959,Sarahan,IN-HP,31.197358,77.632010,,India;Himachal Pradesh;Shimla
6960,Sarawati Nagar,IN-HP,31.197358,77.632010,,India;Himachal Pradesh;Shimla
129,Sarkaghat,IN-HP,31.636785,76.991568,,India;Himachal Pradesh;Mandi
98,Shahpur,IN-HP,32.108262,76.315594,,India;Himachal Pradesh;Kangra
175,Shillai,IN-HP,30.666819,77.430921,,India;Himachal Pradesh;Sirmaur
23,Shimla,IN-HP,31.197358,77.632010,Simla,India;Himachal Pradesh
181,Shimla ( Rural ),IN-HP,31.197358,77.632010,,India;Himachal Pradesh;Shimla
182,Shimla (Urban),IN-HP,31.197358,77.632010,,India;Himachal Pradesh;Shimla
89,Sihunta,IN-HP,32.674760,76.348210,,India;Himachal Pradesh;Chamba
24,Sirmaur,IN-HP,30.666819,77.430921,,India;Himachal Pradesh
25,Solan,IN-HP,31.045294,76.909556,,India;Himachal Pradesh
165,Solan,IN-HP,31.045294,76.909556,,India;Himachal Pradesh;Solan
116,Spiti,IN-HP,32.480058,77.616702,,India;Himachal Pradesh;Lahaul And Spiti
7048,Sulah,IN-HP,32.108262,76.315594,,India;Himachal Pradesh;Kangra
132,Sundarnagar,IN-HP,31.636785,76.991568,,India;Himachal Pradesh;Mandi
180,Sunni,IN-HP,31.197358,77.632010,,India;Himachal Pradesh;Shimla
6963,Taklech,IN-HP,31.197358,77.632010,,India;Himachal Pradesh;Shimla
6941,Tapri,IN-HP,31.595321,78.413983,,India;Himachal Pradesh;Kinnaur
6883,Tauni Devi Bamson,IN-HP,31.667072,76.525513,,India;Himachal Pradesh;Hamirpur
7286,Telka,IN-HP,32.674760,76.348210,,India;Himachal Pradesh;Chamba
7184,Thachi,IN-HP,31.636785,76.991568,,India;Himachal Pradesh;Mandi
7289,Thakurdwara,IN-HP,32.108262,76.315594,,India;Himachal Pradesh;Kangra
184,Theog,IN-HP,31.197358,77.632010,,India;Himachal Pradesh;Shimla
136,Thunag,IN-HP,31.636785,76.991568,,India;Himachal Pradesh;Mandi
108,Thural,IN-HP,32.108262,76.315594,,India;Himachal Pradesh;Kangra
6946,Tihra,IN-HP,31.636785,76.991568,,India;Himachal Pradesh;Mandi
190,Tikar,IN-HP,31.197358,77.632010,,India;Himachal Pradesh;Shimla
6948,Tikken,IN-HP,31.636785,76.991568,,India;Himachal Pradesh;Mandi
140,Tira Sujanpur,IN-HP,31.667072,76.525513,,India;Himachal Pradesh;Hamirpur
114,Udaipur,IN-HP,32.480058,77.616702,,India;Himachal Pradesh;Lahaul And Spiti
26,Una,IN-HP,31.579300,76.209866,,India;Himachal Pradesh
150,Una,IN-HP,31.579300,76.209866,,India;Himachal Pradesh;Una
393,Adampur,IN-HR,29.211695,75.822441,,India;Haryana;Hisar
6409,Alewa,IN-HR,29.435165,76.303632,,India;Haryana;Jind
58,Ambala,IN-HR,30.328333,76.938819,,India;Haryana
359,Ambala,IN-HR,30.328333,76.938819,,India;Haryana;Ambala
6406,Ambala Cantonment,IN-HR,30.328333,76.938819,,India;Haryana;Ambala
373,Assandh,IN-HR,29.688952,76.887790,,India;Haryana;Karnal
6457,Ateli,IN-HR,28.171027,76.138339,,India;Haryana;Mahendragarh
6454,Babain St,IN-HR,30.038696,76.784940,,India;Haryana;Kurukshetra
403,Badhra,IN-HR,28.576821,76.153473,,India;Haryana;Charkhi Dadri
6407,Badkhal,IN-HR,28.352029,77.342381,,India;Haryana;Faridabad
6444,Badli,IN-HR,28.604827,76.648173,,India;Haryana;Jhajjar
6421,Badshahpur St,IN-HR,28.369140,76.939969,,India;Haryana;Gurugram
408,Bahadurgarh,IN-HR,28.604827,76.648173,,India;Haryana;Jhajjar
6432,Bahal St,IN-HR,28.779986,75.890362,,India;Haryana;Bhiwani
6479,Bahin St,IN-HR,28.062991,77.334914,,India;Haryana;Palwal
426,Ballabgarh,IN-HR,28.352029,77.342381,,India;Haryana;Faridabad
6452,Ballah St,IN-HR,29.688952,76.887790,,India;Haryana;Karnal
6442,Balsamand St,IN-HR,29.211695,75.822441,,India;Haryana;Hisar
6462,Bapoli,IN-HR,29.337959,76.928109,,India;Haryana;Panipat
360,Barara,IN-HR,30.328333,76.938819,,India;Haryana;Ambala
6440,Barwala,IN-HR,29.211695,75.822441,,India;Haryana;Hisar
6460,Barwala St,IN-HR,30.686460,76.977506,,India;Haryana;Panchkula
6408,Bass,IN-HR,29.197675,76.340342,,India;Haryana;Hansi
415,Bawal,IN-HR,28.240787,76.536358,,India;Haryana;Rewari
397,Bawani Khera,IN-HR,28.779986,75.890362,,India;Haryana;Bhiwani
407,Beri,IN-HR,28.604827,76.648173,,India;Haryana;Jhajjar
6436,Bhattukalan St,IN-HR,29.568879,75.576977,,India;Haryana;Fatehabad
59,Bhiwani,IN-HR,28.779986,75.890362,,India;Haryana
398,Bhiwani,IN-HR,28.779986,75.890362,,India;Haryana;Bhiwani
6437,Bhuna St,IN-HR,29.568879,75.576977,,India;Haryana;Fatehabad
362,Bilaspur,IN-HR,30.234263,77.302286,,India;Haryana;Yamunanagar
6433,Bondkalan St,IN-HR,28.576821,76.153473,,India;Haryana;Charkhi Dadri
701,Charkhi Dadri,IN-HR,28.576821,76.153473,,India;Haryana
363,Chhachhrauli,IN-HR,30.234263,77.302286,,India;Haryana;Yamunanagar
389,Dabwali,IN-HR,29.615601,74.900793,,India;Haryana;Sirsa
402,Dadri,IN-HR,28.576821,76.153473,,India;Haryana;Charkhi Dadri
6464,Dahina St,IN-HR,28.240787,76.536358,,India;Haryana;Rewari
6415,Dayalpur St,IN-HR,28.352029,77.342381,,India;Haryana;Faridabad
6448,Dhand St,IN-HR,29.811241,76.413852,,India;Haryana;Kaithal
6463,Dharuhera St,IN-HR,28.240787,76.536358,,India;Haryana;Rewari
6414,Dhauj St,IN-HR,28.352029,77.342381,,India;Haryana;Faridabad
392,Ellenabad,IN-HR,29.615601,74.900793,,India;Haryana;Sirsa
60,Faridabad,IN-HR,28.352029,77.342381,,India;Haryana
425,Faridabad,IN-HR,28.352029,77.342381,,India;Haryana;Faridabad
418,Farrukhnagar,IN-HR,28.369140,76.939969,,India;Haryana;Gurugram
61,Fatehabad,IN-HR,29.568879,75.576977,,India;Haryana
388,Fatehabad,IN-HR,29.568879,75.576977,,India;Haryana;Fatehabad
369,Fatehpur Pundri,IN-HR,29.811241,76.413852,,India;Haryana;Kaithal
423,Ferozepur Jhirka,IN-HR,27.985194,77.050196,,India;Haryana;Nuh
379,Ganaur,IN-HR,29.056549,76.874796,,India;Haryana;Sonipat
6416,Gaunchi St,IN-HR,28.352029,77.342381,,India;Haryana;Faridabad
374,Gharaunda,IN-HR,29.688952,76.887790,,India;Haryana;Karnal
378,Gohana,IN-HR,29.056549,76.874796,,India;Haryana;Sonipat
6471,Goriwala St,IN-HR,29.615601,74.900793,,India;Haryana;Sirsa
367,Guhla,IN-HR,29.811241,76.413852,,India;Haryana;Kaithal
417,Gurgaon,IN-HR,28.369140,76.939969,,India;Haryana;Gurugram
62,Gurugram,IN-HR,28.369140,76.939969,Gurgaon,India;Haryana
792,Hansi,IN-HR,29.197675,76.340342,,India;Haryana
396,Hansi,IN-HR,29.197675,76.340342,,India;Haryana;Hansi
6423,Harsaru St,IN-HR,28.369140,76.939969,,India;Haryana;Gurugram
6478,Hassanpur St,IN-HR,28.062991,77.334914,,India;Haryana;Palwal
428,Hathin,IN-HR,28.062991,77.334914,,India;Haryana;Palwal
63,Hisar,IN-HR,29.211695,75.822441,,India;Haryana
394,Hisar,IN-HR,29.211695,75.822441,,India;Haryana;Hisar
429,Hodal,IN-HR,28.062991,77.334914,,India;Haryana;Palwal
371,Indri,IN-HR,29.688952,76.887790,,India;Haryana;Karnal
7172,Indri,IN-HR,27.985194,77.050196,,India;Haryana;Nuh
6453,Ismailabad St,IN-HR,30.038696,76.784940,,India;Haryana;Kurukshetra
376,Israna,IN-HR,29.337959,76.928109,,India;Haryana;Panipat
361,Jagadhri,IN-HR,30.234263,77.302286,,India;Haryana;Yamunanagar
6438,Jakhal St,IN-HR,29.568879,75.576977,,India;Haryana;Fatehabad
64,Jhajjar,IN-HR,28.604827,76.648173,,India;Haryana
409,Jhajjar,IN-HR,28.604827,76.648173,,India;Haryana;Jhajjar
65,Jind,IN-HR,29.435165,76.303632,,India;Haryana
383,Jind,IN-HR,29.435165,76.303632,,India;Haryana;Jind
384,Julana,IN-HR,29.435165,76.303632,,India;Haryana;Jind
6422,Kadipur St,IN-HR,28.369140,76.939969,,India;Haryana;Gurugram
66,Kaithal,IN-HR,29.811241,76.413852,,India;Haryana
368,Kaithal,IN-HR,29.811241,76.413852,,India;Haryana;Kaithal
6467,Kalanaur,IN-HR,28.912077,76.530277,,India;Haryana;Rohtak
6469,Kalanwali,IN-HR,29.615601,74.900793,,India;Haryana;Sirsa
6446,Kalayat,IN-HR,29.811241,76.413852,,India;Haryana;Kaithal
356,Kalka,IN-HR,30.686460,76.977506,,India;Haryana;Panchkula
6458,Kanina,IN-HR,28.171027,76.138339,,India;Haryana;Mahendragarh
67,Karnal,IN-HR,29.688952,76.887790,,India;Haryana
372,Karnal,IN-HR,29.688952,76.887790,,India;Haryana;Karnal
6472,Khanpur St,IN-HR,29.056549,76.874796,,India;Haryana;Sonipat
381,Kharkhoda,IN-HR,29.056549,76.874796,,India;Haryana;Sonipat
6419,Kheri Jalab St,IN-HR,29.197675,76.340342,,India;Haryana;Hansi
413,Kosli,IN-HR,28.240787,76.536358,,India;Haryana;Rewari
6439,Kulan St,IN-HR,29.568879,75.576977,,India;Haryana;Fatehabad
68,Kurukshetra,IN-HR,30.038696,76.784940,,India;Haryana
6410,Ladwa,IN-HR,30.038696,76.784940,,India;Haryana;Kurukshetra
6468,Lakhan Majra St,IN-HR,28.912077,76.530277,,India;Haryana;Rohtak
401,Loharu,IN-HR,28.779986,75.890362,,India;Haryana;Bhiwani
404,Maham,IN-HR,28.912077,76.530277,,India;Haryana;Rohtak
69,Mahendragarh,IN-HR,28.171027,76.138339,,India;Haryana
411,Mahendragarh,IN-HR,28.171027,76.138339,,India;Haryana;Mahendragarh
419,Manesar,IN-HR,28.369140,76.939969,,India;Haryana;Gurugram
6466,Manethi St,IN-HR,28.240787,76.536358,,India;Haryana;Rewari
410,Matenhail,IN-HR,28.604827,76.648173,,India;Haryana;Jhajjar
6412,Matlauda,IN-HR,29.337959,76.928109,,India;Haryana;Panipat
6435,Mohna St,IN-HR,28.352029,77.342381,,India;Haryana;Faridabad
6461,Morni St,IN-HR,30.686460,76.977506,,India;Haryana;Panchkula
6430,Mulana St,IN-HR,30.328333,76.938819,,India;Haryana;Ambala
6477,Nagina St,IN-HR,27.985194,77.050196,,India;Haryana;Nuh
6465,Nahar St,IN-HR,28.240787,76.536358,,India;Haryana;Rewari
6456,Nangal Chawdhary,IN-HR,28.171027,76.138339,,India;Haryana;Mahendragarh
358,Naraingarh,IN-HR,30.328333,76.938819,,India;Haryana;Ambala
412,Narnaul,IN-HR,28.171027,76.138339,,India;Haryana;Mahendragarh
395,Narnaund,IN-HR,29.197675,76.340342,,India;Haryana;Hansi
382,Narwana,IN-HR,29.435165,76.303632,,India;Haryana;Jind
6470,Nathusari Chopta,IN-HR,29.615601,74.900793,,India;Haryana;Sirsa
6451,Nigdu St,IN-HR,29.688952,76.887790,,India;Haryana;Karnal
370,Nilokheri,IN-HR,29.688952,76.887790,,India;Haryana;Karnal
6450,Nising St,IN-HR,29.688952,76.887790,,India;Haryana;Karnal
604,Nuh,IN-HR,27.985194,77.050196,,India;Haryana
422,Nuh,IN-HR,27.985194,77.050196,,India;Haryana;Nuh
6418,Palhawas St,IN-HR,28.240787,76.536358,,India;Haryana;Rewari
619,Palwal,IN-HR,28.062991,77.334914,,India;Haryana
427,Palwal,IN-HR,28.062991,77.334914,,India;Haryana;Palwal
70,Panchkula,IN-HR,30.686460,76.977506,,India;Haryana
357,Panchkula,IN-HR,30.686460,76.977506,,India;Haryana;Panchkula
71,Panipat,IN-HR,29.337959,76.928109,,India;Haryana
375,Panipat,IN-HR,29.337959,76.928109,,India;Haryana;Panipat
416,Pataudi,IN-HR,28.369140,76.939969,,India;Haryana;Gurugram
365,Pehowa,IN-HR,30.038696,76.784940,,India;Haryana;Kurukshetra
6445,Pillukhera St,IN-HR,29.435165,76.303632,,India;Haryana;Jind
6417,Pratap Nagar St,IN-HR,30.234263,77.302286,,India;Haryana;Yamunanagar
424,Punahana,IN-HR,27.985194,77.050196,,India;Haryana;Nuh
6474,Radaur,IN-HR,30.234263,77.302286,,India;Haryana;Yamunanagar
6473,Rai St,IN-HR,29.056549,76.874796,,India;Haryana;Sonipat
6411,Raipur Rani,IN-HR,30.686460,76.977506,,India;Haryana;Panchkula
6447,Rajaund St,IN-HR,29.811241,76.413852,,India;Haryana;Kaithal
391,Rania,IN-HR,29.615601,74.900793,,India;Haryana;Sirsa
386,Ratia,IN-HR,29.568879,75.576977,,India;Haryana;Fatehabad
72,Rewari,IN-HR,28.240787,76.536358,,India;Haryana
414,Rewari,IN-HR,28.240787,76.536358,,India;Haryana;Rewari
73,Rohtak,IN-HR,28.912077,76.530277,,India;Haryana
405,Rohtak,IN-HR,28.912077,76.530277,,India;Haryana;Rohtak
6475,Sadhaura St,IN-HR,30.234263,77.302286,,India;Haryana;Yamunanagar
385,Safidon,IN-HR,29.435165,76.303632,,India;Haryana;Jind
6429,Saha St,IN-HR,30.328333,76.938819,,India;Haryana;Ambala
6443,Salhawas St,IN-HR,28.604827,76.648173,,India;Haryana;Jhajjar
377,Samalkha,IN-HR,29.337959,76.928109,,India;Haryana;Panipat
406,Sampla,IN-HR,28.912077,76.530277,,India;Haryana;Rohtak
6476,Saraswati Nagar St,IN-HR,30.234263,77.302286,,India;Haryana;Yamunanagar
6459,Satnali St,IN-HR,28.171027,76.138339,,India;Haryana;Mahendragarh
364,Shahbad,IN-HR,30.038696,76.784940,,India;Haryana;Kurukshetra
6431,Shahzadpur St,IN-HR,30.328333,76.938819,,India;Haryana;Ambala
74,Sirsa,IN-HR,29.615601,74.900793,,India;Haryana
390,Sirsa,IN-HR,29.615601,74.900793,,India;Haryana;Sirsa
6449,Siwan St,IN-HR,29.811241,76.413852,,India;Haryana;Kaithal
400,Siwani,IN-HR,28.779986,75.890362,,India;Haryana;Bhiwani
420,Sohna,IN-HR,28.369140,76.939969,,India;Haryana;Gurugram
75,Sonipat,IN-HR,29.056549,76.874796,,India;Haryana
380,Sonipat,IN-HR,29.056549,76.874796,,India;Haryana;Sonipat
421,Taoru,IN-HR,27.985194,77.050196,,India;Haryana;Nuh
366,Thanesar,IN-HR,30.038696,76.784940,,India;Haryana;Kurukshetra
6434,Tigaon St,IN-HR,28.352029,77.342381,,India;Haryana;Faridabad
387,Tohana,IN-HR,29.568879,75.576977,,India;Haryana;Fatehabad
399,Tosham,IN-HR,28.779986,75.890362,,India;Haryana;Bhiwani
6413,Uchana,IN-HR,29.435165,76.303632,,India;Haryana;Jind
6441,Uklana St,IN-HR,29.211695,75.822441,,India;Haryana;Hisar
6420,Wazirabad St,IN-HR,28.369140,76.939969,,India;Haryana;Gurugram
76,Yamunanagar,IN-HR,30.234263,77.302286,,India;Haryana
2752,Adityapur(Gamharia),IN-JH,22.847376,85.950299,,India;Jharkhand;Saraikela Kharsawan
2715,Albert Ekka(Jari),IN-JH,23.103200,84.532365,,India;Jharkhand;Gumla
2574,Amrapara,IN-JH,24.564154,87.662615,,India;Jharkhand;Pakur
2734,Anandpur,IN-JH,22.420670,85.518106,,India;Jharkhand;West Singhbhum
2686,Angara,IN-JH,23.328674,85.375279,,India;Jharkhand;Ranchi
2582,Baghmara-Cum-Katras,IN-JH,23.826760,86.472253,,India;Jharkhand;Dhanbad
2541,Bagodar,IN-JH,24.293575,86.110998,,India;Jharkhand;Giridih
2614,Baharagora,IN-JH,22.582489,86.451427,,India;Jharkhand;East Singhbum
2586,Baliapur,IN-JH,23.826760,86.472253,,India;Jharkhand;Dhanbad
2640,Balumath,IN-JH,23.716982,84.444799,,India;Jharkhand;Latehar
2730,Bandgaon,IN-JH,22.420670,85.518106,,India;Jharkhand;West Singhbhum
2727,Bano,IN-JH,22.581800,84.564239,,India;Jharkhand;Simdega
2726,Bansjor,IN-JH,22.581800,84.564239,,India;Jharkhand;Simdega
2500,Bardiha,IN-JH,24.103698,83.698491,,India;Jharkhand;Garhwa
6329,Bargarh,IN-JH,24.103698,83.698491,,India;Jharkhand;Garhwa
2567,Barhait,IN-JH,25.010776,87.678156,,India;Jharkhand;Sahebganj
2572,Barharwa,IN-JH,25.010776,87.678156,,India;Jharkhand;Sahebganj
2645,Barhi,IN-JH,24.062077,85.425876,,India;Jharkhand;Hazaribagh
2641,Bariyatu,IN-JH,23.716982,84.444799,,India;Jharkhand;Latehar
2657,Barkagaon,IN-JH,24.062077,85.425876,,India;Jharkhand;Hazaribagh
2650,Barkatha,IN-JH,24.062077,85.425876,,India;Jharkhand;Hazaribagh
2636,Barwadih,IN-JH,23.716982,84.444799,,India;Jharkhand;Latehar
2560,Bashant Rai*,IN-JH,24.858838,87.308684,,India;Jharkhand;Godda
2711,Basia,IN-JH,23.103200,84.532365,,India;Jharkhand;Gumla
2537,Bengabad,IN-JH,24.293575,86.110998,,India;Jharkhand;Giridih
2590,Bermo,IN-JH,23.694742,85.996538,,India;Jharkhand;Bokaro
2695,Bero,IN-JH,23.328674,85.375279,,India;Jharkhand;Ranchi
2513,Bhandaria,IN-JH,24.103698,83.698491,,India;Jharkhand;Garhwa
2603,Bhandra,IN-JH,23.475720,84.671773,,India;Jharkhand;Lohardaga
2709,Bharno,IN-JH,23.103200,84.532365,,India;Jharkhand;Gumla
2496,Bhawnathpur,IN-JH,24.103698,83.698491,,India;Jharkhand;Garhwa
2540,Birni,IN-JH,24.293575,86.110998,,India;Jharkhand;Giridih
2624,Bishrampur,IN-JH,24.199754,84.168881,,India;Jharkhand;Palamu
2652,Bishungarh,IN-JH,24.062077,85.425876,,India;Jharkhand;Hazaribagh
2706,Bishunpur,IN-JH,23.103200,84.532365,,India;Jharkhand;Gumla
2502,Bishunpura,IN-JH,24.103698,83.698491,,India;Jharkhand;Garhwa
2557,Boarijor,IN-JH,24.858838,87.308684,,India;Jharkhand;Godda
322,Bokaro,IN-JH,23.694742,85.996538,,India;Jharkhand
2722,Bolba,IN-JH,22.581800,84.564239,,India;Jharkhand;Simdega
2605,Boram,IN-JH,22.582489,86.451427,,India;Jharkhand;East Singhbum
2566,Borio,IN-JH,25.010776,87.678156,,India;Jharkhand;Sahebganj
2698,Bundu,IN-JH,23.328674,85.375279,,India;Jharkhand;Ranchi
2682,Burmu,IN-JH,23.328674,85.375279,,India;Jharkhand;Ranchi
2739,Chaibasa,IN-JH,22.420670,85.518106,,India;Jharkhand;West Singhbhum
2713,Chainpur,IN-JH,23.103200,84.532365,,India;Jharkhand;Gumla
2634,Chainpur,IN-JH,24.199754,84.168881,,India;Jharkhand;Palamu
2731,Chakradharpur,IN-JH,22.420670,85.518106,,India;Jharkhand;West Singhbhum
2613,Chakulia,IN-JH,22.582489,86.451427,,India;Jharkhand;East Singhbum
2651,Chalkusa,IN-JH,24.062077,85.425876,,India;Jharkhand;Hazaribagh
2596,Chandankiyari,IN-JH,23.694742,85.996538,,India;Jharkhand;Bokaro
2748,Chandil,IN-JH,22.847376,85.950299,,India;Jharkhand;Saraikela Kharsawan
2589,Chandrapura,IN-JH,23.694742,85.996538,,India;Jharkhand;Bokaro
2643,Chandwa,IN-JH,23.716982,84.444799,,India;Jharkhand;Latehar
2530,Chandwara,IN-JH,24.500046,85.667996,,India;Jharkhand;Koderma
2694,Chanho,IN-JH,23.328674,85.375279,,India;Jharkhand;Ranchi
2595,Chas,IN-JH,23.694742,85.996538,,India;Jharkhand;Bokaro
323,Chatra,IN-JH,24.164478,84.891481,,India;Jharkhand
2518,Chatra,IN-JH,24.164478,84.891481,,India;Jharkhand;Chatra
2644,Chauparan,IN-JH,24.062077,85.425876,,India;Jharkhand;Hazaribagh
2620,Chhatarpur,IN-JH,24.199754,84.168881,,India;Jharkhand;Palamu
2507,Chinia,IN-JH,24.103698,83.698491,,India;Jharkhand;Garhwa
2664,Chitarpur,IN-JH,23.634171,85.564362,,India;Jharkhand;Ramgarh
2658,Churchu,IN-JH,24.062077,85.425876,,India;Jharkhand;Hazaribagh
2659,Dadi,IN-JH,24.062077,85.425876,,India;Jharkhand;Hazaribagh
2510,Danda,IN-JH,24.103698,83.698491,,India;Jharkhand;Garhwa
2506,Dandai,IN-JH,24.103698,83.698491,,India;Jharkhand;Garhwa
2649,Daru,IN-JH,24.062077,85.425876,,India;Jharkhand;Hazaribagh
324,Deoghar,IN-JH,24.328324,86.740210,,India;Jharkhand
2545,Deoghar,IN-JH,24.328324,86.740210,,India;Jharkhand;Deoghar
2534,Deori,IN-JH,24.293575,86.110998,,India;Jharkhand;Giridih
2549,Devipur,IN-JH,24.328324,86.740210,,India;Jharkhand;Deoghar
2611,Dhalbhumgarh,IN-JH,22.582489,86.451427,,India;Jharkhand;East Singhbum
325,Dhanbad,IN-JH,23.826760,86.472253,,India;Jharkhand
2584,Dhanbad-Cum-Kenduadih-Cum-Jagata,IN-JH,23.826760,86.472253,,India;Jharkhand;Dhanbad
2535,Dhanwar,IN-JH,24.293575,86.110998,,India;Jharkhand;Giridih
2504,Dhurki,IN-JH,24.103698,83.698491,,India;Jharkhand;Garhwa
2528,Domchanch,IN-JH,24.500046,85.667996,,India;Jharkhand;Koderma
2663,Dulmi,IN-JH,23.634171,85.564362,,India;Jharkhand;Ramgarh
2610,Dumaria,IN-JH,22.582489,86.451427,,India;Jharkhand;East Singhbum
326,Dumka,IN-JH,24.319558,87.266417,,India;Jharkhand
2673,Dumka,IN-JH,24.319558,87.266417,,India;Jharkhand;Dumka
2543,Dumri,IN-JH,24.293575,86.110998,,India;Jharkhand;Giridih
2714,Dumri,IN-JH,23.103200,84.532365,,India;Jharkhand;Gumla
327,East Singhbum,IN-JH,22.582489,86.451427,,India;Jharkhand
6201,Egarkund,IN-JH,23.826760,86.472253,,India;Jharkhand;Dhanbad
2705,Erki(Tamar Ii),IN-JH,22.994324,85.262599,,India;Jharkhand;Khunti
2680,Fatehpur,IN-JH,23.975652,86.907467,,India;Jharkhand;Jamtara
2538,Gandey,IN-JH,24.293575,86.110998,,India;Jharkhand;Giridih
328,Garhwa,IN-JH,24.103698,83.698491,,India;Jharkhand
2509,Garhwa,IN-JH,24.103698,83.698491,,India;Jharkhand;Garhwa
2638,Garu,IN-JH,23.716982,84.444799,,India;Jharkhand;Latehar
2532,Gawan,IN-JH,24.293575,86.110998,,India;Jharkhand;Giridih
2707,Ghaghra,IN-JH,23.103200,84.532365,,India;Jharkhand;Gumla
2607,Ghatshila,IN-JH,22.582489,86.451427,,India;Jharkhand;East Singhbum
2522,Gidhaur,IN-JH,24.164478,84.891481,,India;Jharkhand;Chatra
329,Giridih,IN-JH,24.293575,86.110998,,India;Jharkhand
2539,Giridih,IN-JH,24.293575,86.110998,,India;Jharkhand;Giridih
2583,Gobindpur,IN-JH,23.826760,86.472253,,India;Jharkhand;Dhanbad
2754,Gobindpur(Rajnagar),IN-JH,22.847376,85.950299,,India;Jharkhand;Saraikela Kharsawan
330,Godda,IN-JH,24.858838,87.308684,,India;Jharkhand
2561,Godda,IN-JH,24.858838,87.308684,,India;Jharkhand;Godda
2733,Goilkera,IN-JH,22.420670,85.518106,,India;Jharkhand;West Singhbhum
2665,Gola,IN-JH,23.634171,85.564362,,India;Jharkhand;Ramgarh
2606,Golmuri-Cum-Jugsalai,IN-JH,22.582489,86.451427,,India;Jharkhand;East Singhbum
2591,Gomia,IN-JH,23.694742,85.996538,,India;Jharkhand;Bokaro
2669,Gopikandar,IN-JH,24.319558,87.266417,,India;Jharkhand;Dumka
2729,Gudri,IN-JH,22.420670,85.518106,,India;Jharkhand;West Singhbhum
331,Gumla,IN-JH,23.103200,84.532365,,India;Jharkhand
2712,Gumla,IN-JH,23.103200,84.532365,,India;Jharkhand;Gumla
2612,Gurbandha,IN-JH,22.582489,86.451427,,India;Jharkhand;East Singhbum
2616,Haidernagar,IN-JH,24.199754,84.168881,,India;Jharkhand;Palamu
2618,Hariharganj,IN-JH,24.199754,84.168881,,India;Jharkhand;Palamu
2738,Hat Gamharia,IN-JH,22.420670,85.518106,,India;Jharkhand;West Singhbhum
2653,Hazaribag,IN-JH,24.062077,85.425876,,India;Jharkhand;Hazaribagh
332,Hazaribagh,IN-JH,24.062077,85.425876,,India;Jharkhand
2642,Herhanj,IN-JH,23.716982,84.444799,,India;Jharkhand;Latehar
2575,Hiranpur,IN-JH,24.564154,87.662615,,India;Jharkhand;Pakur
2615,Hussainabad,IN-JH,24.199754,84.168881,,India;Jharkhand;Palamu
2749,Ichagarh,IN-JH,22.847376,85.950299,,India;Jharkhand;Saraikela Kharsawan
2647,Ichak,IN-JH,24.062077,85.425876,,India;Jharkhand;Hazaribagh
2520,Itkhori,IN-JH,24.164478,84.891481,,India;Jharkhand;Chatra
2696,Itki,IN-JH,23.328674,85.375279,,India;Jharkhand;Ranchi
2743,Jagannathpur,IN-JH,22.420670,85.518106,,India;Jharkhand;West Singhbhum
2529,Jainagar,IN-JH,24.500046,85.667996,,India;Jharkhand;Koderma
2725,Jaldega,IN-JH,22.581800,84.564239,,India;Jharkhand;Simdega
2674,Jama,IN-JH,24.319558,87.266417,,India;Jharkhand;Dumka
333,Jamtara,IN-JH,23.975652,86.907467,,India;Jharkhand
2678,Jamtara,IN-JH,23.975652,86.907467,,India;Jharkhand;Jamtara
2536,Jamua,IN-JH,24.293575,86.110998,,India;Jharkhand;Giridih
2594,Jaridih,IN-JH,23.694742,85.996538,,India;Jharkhand;Bokaro
2667,Jarmundi,IN-JH,24.319558,87.266417,,India;Jharkhand;Dumka
2585,Jharia-Cum-Jorapokhar-Cum-Sindri,IN-JH,23.826760,86.472253,,India;Jharkhand;Dhanbad
2742,Jhinkpani,IN-JH,22.420670,85.518106,,India;Jharkhand;West Singhbhum
2600,Kairo,IN-JH,23.475720,84.671773,,India;Jharkhand;Lohardaga
2710,Kamdara,IN-JH,23.103200,84.532365,,India;Jharkhand;Gumla
2498,Kandi,IN-JH,24.103698,83.698491,,India;Jharkhand;Garhwa
2519,Kanha Chatti,IN-JH,24.164478,84.891481,,India;Jharkhand;Chatra
2684,Kanke,IN-JH,23.328674,85.375279,,India;Jharkhand;Ranchi
6202,Kariasol,IN-JH,23.826760,86.472253,,India;Jharkhand;Dhanbad
2677,Karma Tanr Vidyasagar*,IN-JH,23.975652,86.907467,,India;Jharkhand;Jamtara
2552,Karon,IN-JH,24.328324,86.740210,,India;Jharkhand;Deoghar
2700,Karra,IN-JH,22.994324,85.262599,,India;Jharkhand;Khunti
2593,Kasmar,IN-JH,23.694742,85.996538,,India;Jharkhand;Bokaro
2655,Katamdag,IN-JH,24.062077,85.425876,,India;Jharkhand;Hazaribagh
2670,Kathikund,IN-JH,24.319558,87.266417,,India;Jharkhand;Dumka
2654,Katkamsandi,IN-JH,24.062077,85.425876,,India;Jharkhand;Hazaribagh
2656,Keredari,IN-JH,24.062077,85.425876,,India;Jharkhand;Hazaribagh
2721,Kersai,IN-JH,22.581800,84.564239,,India;Jharkhand;Simdega
2497,Ketar*,IN-JH,24.103698,83.698491,,India;Jharkhand;Garhwa
2495,Kharaundhi,IN-JH,24.103698,83.698491,,India;Jharkhand;Garhwa
2747,Kharsawan,IN-JH,22.847376,85.950299,,India;Jharkhand;Saraikela Kharsawan
2683,Khelari,IN-JH,23.328674,85.375279,,India;Jharkhand;Ranchi
606,Khunti,IN-JH,22.994324,85.262599,,India;Jharkhand
2704,Khunti,IN-JH,22.994324,85.262599,,India;Jharkhand;Khunti
2732,Khuntpani,IN-JH,22.420670,85.518106,,India;Jharkhand;West Singhbhum
2597,Kisko,IN-JH,23.475720,84.671773,,India;Jharkhand;Lohardaga
334,Koderma,IN-JH,24.500046,85.667996,,India;Jharkhand
2527,Koderma,IN-JH,24.500046,85.667996,,India;Jharkhand;Koderma
2724,Kolebira,IN-JH,22.581800,84.564239,,India;Jharkhand;Simdega
2746,Kuchai,IN-JH,22.847376,85.950299,,India;Jharkhand;Saraikela Kharsawan
2750,Kukru,IN-JH,22.847376,85.950299,,India;Jharkhand;Saraikela Kharsawan
2744,Kumardungi,IN-JH,22.420670,85.518106,,India;Jharkhand;West Singhbhum
2516,Kunda,IN-JH,24.164478,84.891481,,India;Jharkhand;Chatra
2681,Kundhit,IN-JH,23.975652,86.907467,,India;Jharkhand;Jamtara
2720,Kurdeg,IN-JH,22.581800,84.564239,,India;Jharkhand;Simdega
2599,Kuru,IN-JH,23.475720,84.671773,,India;Jharkhand;Lohardaga
2697,Lapung,IN-JH,23.328674,85.375279,,India;Jharkhand;Ranchi
335,Latehar,IN-JH,23.716982,84.444799,,India;Jharkhand
2639,Latehar,IN-JH,23.716982,84.444799,,India;Jharkhand;Latehar
2517,Lawalaung,IN-JH,24.164478,84.891481,,India;Jharkhand;Chatra
2573,Litipara,IN-JH,24.564154,87.662615,,India;Jharkhand;Pakur
336,Lohardaga,IN-JH,23.475720,84.671773,,India;Jharkhand
2601,Lohardaga,IN-JH,23.475720,84.671773,,India;Jharkhand;Lohardaga
2550,Madhupur,IN-JH,24.328324,86.740210,,India;Jharkhand;Deoghar
2558,Mahagama,IN-JH,24.858838,87.308684,,India;Jharkhand;Godda
2577,Maheshpur,IN-JH,24.564154,87.662615,,India;Jharkhand;Pakur
2637,Mahuadanr,IN-JH,23.716982,84.444799,,India;Jharkhand;Latehar
2745,Majhgaon,IN-JH,22.420670,85.518106,,India;Jharkhand;West Singhbhum
2499,Majhiaon,IN-JH,24.103698,83.698491,,India;Jharkhand;Garhwa
2628,Manatu,IN-JH,24.199754,84.168881,,India;Jharkhand;Palamu
2693,Mandar,IN-JH,23.328674,85.375279,,India;Jharkhand;Ranchi
2565,Mandro,IN-JH,25.010776,87.678156,,India;Jharkhand;Sahebganj
2661,Mandu,IN-JH,23.634171,85.564362,,India;Jharkhand;Ramgarh
2635,Manika,IN-JH,23.716982,84.444799,,India;Jharkhand;Latehar
2741,Manjhari,IN-JH,22.420670,85.518106,,India;Jharkhand;West Singhbhum
2735,Manoharpur,IN-JH,22.420670,85.518106,,India;Jharkhand;West Singhbhum
2551,Margo Munda,IN-JH,24.328324,86.740210,,India;Jharkhand;Deoghar
2531,Markacho,IN-JH,24.500046,85.667996,,India;Jharkhand;Koderma
2675,Masalia,IN-JH,24.319558,87.266417,,India;Jharkhand;Dumka
2521,Mayur Hand,IN-JH,24.164478,84.891481,,India;Jharkhand;Chatra
2633,Medininagar(Daltonganj),IN-JH,24.199754,84.168881,,India;Jharkhand;Palamu
2555,Meherma,IN-JH,24.858838,87.308684,,India;Jharkhand;Godda
2508,Meral (Pipra Kalan),IN-JH,24.103698,83.698491,,India;Jharkhand;Garhwa
2617,Mohammad Ganj,IN-JH,24.199754,84.168881,,India;Jharkhand;Palamu
2546,Mohanpur,IN-JH,24.328324,86.740210,,India;Jharkhand;Deoghar
2703,Murhu,IN-JH,22.994324,85.262599,,India;Jharkhand;Khunti
2609,Musabani,IN-JH,22.582489,86.451427,,India;Jharkhand;East Singhbum
2503,Nagaruntari,IN-JH,24.103698,83.698491,,India;Jharkhand;Garhwa
2692,Nagri,IN-JH,23.328674,85.375279,,India;Jharkhand;Ranchi
2679,Nala,IN-JH,23.975652,86.907467,,India;Jharkhand;Jamtara
2690,Namkum,IN-JH,23.328674,85.375279,,India;Jharkhand;Ranchi
2676,Narayanpur,IN-JH,23.975652,86.907467,,India;Jharkhand;Jamtara
2625,Nawa Bazar,IN-JH,24.199754,84.168881,,India;Jharkhand;Palamu
2588,Nawadih,IN-JH,23.694742,85.996538,,India;Jharkhand;Bokaro
2621,Nawadiha Bazar/Nawadiha*,IN-JH,24.199754,84.168881,,India;Jharkhand;Palamu
2632,Nilambar-Pitambarpur(Lesliganj),IN-JH,24.199754,84.168881,,India;Jharkhand;Palamu
2751,Nimdih,IN-JH,22.847376,85.950299,,India;Jharkhand;Saraikela Kharsawan
2587,Nirsa-Cum-Chirkunda,IN-JH,23.826760,86.472253,,India;Jharkhand;Dhanbad
2736,Noamundi,IN-JH,22.420670,85.518106,,India;Jharkhand;West Singhbhum
2685,Ormanjhi,IN-JH,23.328674,85.375279,,India;Jharkhand;Ranchi
2646,Padma,IN-JH,24.062077,85.425876,,India;Jharkhand;Hazaribagh
2627,Padwa,IN-JH,24.199754,84.168881,,India;Jharkhand;Palamu
2719,Pakar Tanr,IN-JH,22.581800,84.564239,,India;Jharkhand;Simdega
2576,Pakaur,IN-JH,24.564154,87.662615,,India;Jharkhand;Pakur
337,Pakur,IN-JH,24.564154,87.662615,,India;Jharkhand
2578,Pakuria,IN-JH,24.564154,87.662615,,India;Jharkhand;Pakur
338,Palamu,IN-JH,24.199754,84.168881,,India;Jharkhand
2717,Palkot,IN-JH,23.103200,84.532365,,India;Jharkhand;Gumla
2554,Palojori,IN-JH,24.328324,86.740210,,India;Jharkhand;Deoghar
2622,Pandu,IN-JH,24.199754,84.168881,,India;Jharkhand;Palamu
2630,Panki,IN-JH,24.199754,84.168881,,India;Jharkhand;Palamu
2604,Patamda,IN-JH,22.582489,86.451427,,India;Jharkhand;East Singhbum
2626,Patan,IN-JH,24.199754,84.168881,,India;Jharkhand;Palamu
2523,Pathalgora,IN-JH,24.164478,84.891481,,India;Jharkhand;Chatra
2559,Pathargama,IN-JH,24.858838,87.308684,,India;Jharkhand;Godda
2571,Pathna,IN-JH,25.010776,87.678156,,India;Jharkhand;Sahebganj
2660,Patratu,IN-JH,23.634171,85.564362,,India;Jharkhand;Ramgarh
2598,Peshrar,IN-JH,23.475720,84.671773,,India;Jharkhand;Lohardaga
2592,Peterwar,IN-JH,23.694742,85.996538,,India;Jharkhand;Bokaro
2619,Pipra,IN-JH,24.199754,84.168881,,India;Jharkhand;Palamu
2544,Pirtanr,IN-JH,24.293575,86.110998,,India;Jharkhand;Giridih
2562,Poreyahat,IN-JH,24.858838,87.308684,,India;Jharkhand;Godda
2608,Potka,IN-JH,22.582489,86.451427,,India;Jharkhand;East Singhbum
2515,Pratappur,IN-JH,24.164478,84.891481,,India;Jharkhand;Chatra
2580,Purbi Tundi*,IN-JH,23.826760,86.472253,,India;Jharkhand;Dhanbad
2687,Rahe,IN-JH,23.328674,85.375279,,India;Jharkhand;Ranchi
2716,Raidih,IN-JH,23.103200,84.532365,,India;Jharkhand;Gumla
2569,Rajmahal,IN-JH,25.010776,87.678156,,India;Jharkhand;Sahebganj
607,Ramgarh,IN-JH,23.634171,85.564362,,India;Jharkhand
2662,Ramgarh,IN-JH,23.634171,85.564362,,India;Jharkhand;Ramgarh
6325,Ramgarh,IN-JH,24.199754,84.168881,,India;Jharkhand;Palamu
2668,Ramgarh,IN-JH,24.319558,87.266417,,India;Jharkhand;Dumka
2512,Ramkanda,IN-JH,24.103698,83.698491,,India;Jharkhand;Garhwa
2501,Ramna,IN-JH,24.103698,83.698491,,India;Jharkhand;Garhwa
339,Ranchi,IN-JH,23.328674,85.375279,,India;Jharkhand
2702,Rania,IN-JH,22.994324,85.262599,,India;Jharkhand;Khunti
2672,Ranishwar,IN-JH,24.319558,87.266417,,India;Jharkhand;Dumka
2511,Ranka,IN-JH,24.103698,83.698491,,India;Jharkhand;Garhwa
2691,Ratu,IN-JH,23.328674,85.375279,,India;Jharkhand;Ranchi
2505,Sagma,IN-JH,24.103698,83.698491,,India;Jharkhand;Garhwa
340,Sahebganj,IN-JH,25.010776,87.678156,,India;Jharkhand
2564,Sahibganj,IN-JH,25.010776,87.678156,,India;Jharkhand;Sahebganj
2753,Saraikela,IN-JH,22.847376,85.950299,,India;Jharkhand;Saraikela Kharsawan
341,Saraikela Kharsawan,IN-JH,22.847376,85.950299,,India;Jharkhand
2666,Saraiyahat,IN-JH,24.319558,87.266417,,India;Jharkhand;Dumka
2553,Sarath,IN-JH,24.328324,86.740210,,India;Jharkhand;Deoghar
2547,Sarwan,IN-JH,24.328324,86.740210,,India;Jharkhand;Deoghar
2631,Satbarwa,IN-JH,24.199754,84.168881,,India;Jharkhand;Palamu
2526,Satgawan,IN-JH,24.500046,85.667996,,India;Jharkhand;Koderma
2602,Senha,IN-JH,23.475720,84.671773,,India;Jharkhand;Lohardaga
2514,Shaligram Ram Narayanpur(Hunterganj),IN-JH,24.164478,84.891481,,India;Jharkhand;Chatra
2671,Shikaripara,IN-JH,24.319558,87.266417,,India;Jharkhand;Dumka
2688,Silli,IN-JH,23.328674,85.375279,,India;Jharkhand;Ranchi
2524,Simaria,IN-JH,24.164478,84.891481,,India;Jharkhand;Chatra
342,Simdega,IN-JH,22.581800,84.564239,,India;Jharkhand
2718,Simdega,IN-JH,22.581800,84.564239,,India;Jharkhand;Simdega
2708,Sisai,IN-JH,23.103200,84.532365,,India;Jharkhand;Gumla
2548,Sona Rai Tharhi,IN-JH,24.328324,86.740210,,India;Jharkhand;Deoghar
2689,Sonahatu,IN-JH,23.328674,85.375279,,India;Jharkhand;Ranchi
2728,Sonua,IN-JH,22.420670,85.518106,,India;Jharkhand;West Singhbhum
2563,Sundarpahari,IN-JH,24.858838,87.308684,,India;Jharkhand;Godda
2542,Suriya,IN-JH,24.293575,86.110998,,India;Jharkhand;Giridih
2568,Taljhari,IN-JH,25.010776,87.678156,,India;Jharkhand;Sahebganj
2699,Tamar I,IN-JH,23.328674,85.375279,,India;Jharkhand;Ranchi
2525,Tandwa,IN-JH,24.164478,84.891481,,India;Jharkhand;Chatra
2740,Tantnagar,IN-JH,22.420670,85.518106,,India;Jharkhand;West Singhbhum
2629,Tarhasi,IN-JH,24.199754,84.168881,,India;Jharkhand;Palamu
2648,Tati Jhariya,IN-JH,24.062077,85.425876,,India;Jharkhand;Hazaribagh
2556,Thakurgangti,IN-JH,24.858838,87.308684,,India;Jharkhand;Godda
2723,Thethaitangar,IN-JH,22.581800,84.564239,,India;Jharkhand;Simdega
2533,Tisri,IN-JH,24.293575,86.110998,,India;Jharkhand;Giridih
2737,Tonto,IN-JH,22.420670,85.518106,,India;Jharkhand;West Singhbhum
2581,Topchanchi,IN-JH,23.826760,86.472253,,India;Jharkhand;Dhanbad
2701,Torpa,IN-JH,22.994324,85.262599,,India;Jharkhand;Khunti
2579,Tundi,IN-JH,23.826760,86.472253,,India;Jharkhand;Dhanbad
2570,Udhwa,IN-JH,25.010776,87.678156,,India;Jharkhand;Sahebganj
2623,Untari Road,IN-JH,24.199754,84.168881,,India;Jharkhand;Palamu
343,West Singhbhum,IN-JH,22.420670,85.518106,,India;Jharkhand
6810,Ajas,IN-JK,34.587294,74.876122,,India;Jammu And Kashmir;Bandipora
78,Akhnoor,IN-JK,32.804977,74.746861,,India;Jammu And Kashmir;Jammu
6809,Aloosa,IN-JK,34.587294,74.876122,,India;Jammu And Kashmir;Bandipora
1,Anantnag,IN-JK,33.826532,75.324713,,India;Jammu And Kashmir
55,Anantnag,IN-JK,33.826532,75.324713,,India;Jammu And Kashmir;Anantnag
6822,Anantnag East (Mattan),IN-JK,33.826532,75.324713,,India;Jammu And Kashmir;Anantnag
6795,Aripal,IN-JK,33.940691,75.016857,,India;Jammu And Kashmir;Pulwama
6740,Arnas,IN-JK,33.238912,74.831425,,India;Jammu And Kashmir;Reasi
6717,Arnia,IN-JK,32.804977,74.746861,,India;Jammu And Kashmir;Jammu
6752,Assar,IN-JK,33.093287,75.714680,,India;Jammu And Kashmir;Doda
71,Atholi (Paddar),IN-JK,33.549896,75.971004,,India;Jammu And Kashmir;Kishtwar
49,Awantipora,IN-JK,33.940691,75.016857,,India;Jammu And Kashmir;Pulwama
6707,Bahu,IN-JK,32.804977,74.746861,,India;Jammu And Kashmir;Jammu
6778,Balakote,IN-JK,33.783995,74.017819,,India;Jammu And Kashmir;Poonch
623,Bandipora,IN-JK,34.587294,74.876122,,India;Jammu And Kashmir
41,Bandipora,IN-JK,34.587294,74.876122,,India;Jammu And Kashmir;Bandipora
29,Bani,IN-JK,32.574591,75.583408,,India;Jammu And Kashmir;Kathua
66,Banihal,IN-JK,33.307671,75.189864,,India;Jammu And Kashmir;Ramban
3,Baramulla,IN-JK,34.158233,74.302510,,India;Jammu And Kashmir
35,Baramulla,IN-JK,34.158233,74.302510,,India;Jammu And Kashmir;Baramulla
6798,Barbugh Imam Sahib,IN-JK,33.735213,74.818533,,India;Jammu And Kashmir;Shopian
6720,Bari Brahamana,IN-JK,32.581686,75.090492,,India;Jammu And Kashmir;Samba
6736,Basantgarh,IN-JK,32.898827,75.296952,,India;Jammu And Kashmir;Udhampur
28,Basohli,IN-JK,32.574591,75.583408,,India;Jammu And Kashmir;Kathua
6761,Batote,IN-JK,33.307671,75.189864,,India;Jammu And Kashmir;Ramban
5,Beerwah,IN-JK,33.918231,74.634582,,India;Jammu And Kashmir;Budgam
6776,Beri Pattan,IN-JK,33.278226,74.380875,,India;Jammu And Kashmir;Rajouri
65,Bhaderwah,IN-JK,33.093287,75.714680,,India;Jammu And Kashmir;Doda
6747,Bhagwa,IN-JK,33.093287,75.714680,,India;Jammu And Kashmir;Doda
6753,Bhalessa (Gandoh),IN-JK,33.093287,75.714680,,India;Jammu And Kashmir;Doda
6755,Bhalla,IN-JK,33.093287,75.714680,,India;Jammu And Kashmir;Doda
6709,Bhalwal,IN-JK,32.804977,74.746861,,India;Jammu And Kashmir;Jammu
6746,Bharath Bagla,IN-JK,33.093287,75.714680,,India;Jammu And Kashmir;Doda
7203,Bhella,IN-JK,33.093287,75.714680,,India;Jammu And Kashmir;Doda
6744,Bhomag,IN-JK,33.238912,74.831425,,India;Jammu And Kashmir;Reasi
54,Bijbehara,IN-JK,33.826532,75.324713,,India;Jammu And Kashmir;Anantnag
27,Billawar,IN-JK,32.574591,75.583408,,India;Jammu And Kashmir;Kathua
81,Bishnah,IN-JK,32.804977,74.746861,,India;Jammu And Kashmir;Jammu
6815,Bk Pora,IN-JK,33.918231,74.634582,,India;Jammu And Kashmir;Budgam
38,Boniyar,IN-JK,34.158233,74.302510,,India;Jammu And Kashmir;Baramulla
2,Budgam,IN-JK,33.918231,74.634582,,India;Jammu And Kashmir
7,Budgam,IN-JK,33.918231,74.634582,,India;Jammu And Kashmir;Budgam
6770,Bunjwah,IN-JK,33.549896,75.971004,,India;Jammu And Kashmir;Kishtwar
8,Chadoora,IN-JK,33.918231,74.634582,,India;Jammu And Kashmir;Budgam
6802,Channapora/Natipora,IN-JK,34.114653,74.821269,,India;Jammu And Kashmir;Srinagar
9,Charar- E- Shrief,IN-JK,33.918231,74.634582,,India;Jammu And Kashmir;Budgam
6738,Chassana,IN-JK,33.238912,74.831425,,India;Jammu And Kashmir;Reasi
73,Chenani,IN-JK,32.898827,75.296952,,India;Jammu And Kashmir;Udhampur
70,Chhatroo,IN-JK,33.549896,75.971004,,India;Jammu And Kashmir;Kishtwar
6754,Chilly Pingal,IN-JK,33.093287,75.714680,,India;Jammu And Kashmir;Doda
6758,Chiralla,IN-JK,33.093287,75.714680,,India;Jammu And Kashmir;Doda
6799,Chitragam,IN-JK,33.735213,74.818533,,India;Jammu And Kashmir;Shopian
6703,Chowki Choura,IN-JK,32.804977,74.746861,,India;Jammu And Kashmir;Jammu
61,D H Pora,IN-JK,33.606434,74.860001,,India;Jammu And Kashmir;Kulgam
6765,Dachhan,IN-JK,33.549896,75.971004,,India;Jammu And Kashmir;Kishtwar
6827,Dangarpora,IN-JK,34.158233,74.302510,,India;Jammu And Kashmir;Baramulla
6712,Dansal,IN-JK,32.804977,74.746861,,India;Jammu And Kashmir;Jammu
21,Darhal,IN-JK,33.278226,74.380875,,India;Jammu And Kashmir;Rajouri
60,Devsar,IN-JK,33.606434,74.860001,,India;Jammu And Kashmir;Kulgam
6726,Dinga Amb,IN-JK,32.574591,75.583408,,India;Jammu And Kashmir;Kathua
4,Doda,IN-JK,33.093287,75.714680,,India;Jammu And Kashmir
62,Doda,IN-JK,33.093287,75.714680,,India;Jammu And Kashmir;Doda
6824,Dongiwacha,IN-JK,34.158233,74.302510,,India;Jammu And Kashmir;Baramulla
58,Dooru,IN-JK,33.826532,75.324713,,India;Jammu And Kashmir;Anantnag
6769,Drabshala,IN-JK,33.549896,75.971004,,India;Jammu And Kashmir;Kishtwar
6786,Dragmulla,IN-JK,34.521364,74.207221,,India;Jammu And Kashmir;Kupwara
6803,Eidgah,IN-JK,34.114653,74.821269,,India;Jammu And Kashmir;Srinagar
6780,Frisal,IN-JK,33.606434,74.860001,,India;Jammu And Kashmir;Kulgam
626,Ganderbal,IN-JK,34.262056,75.032361,,India;Jammu And Kashmir
47,Ganderbal,IN-JK,34.262056,75.032361,,India;Jammu And Kashmir;Ganderbal
6721,Ghagwal,IN-JK,32.581686,75.090492,,India;Jammu And Kashmir;Samba
6763,Gool,IN-JK,33.307671,75.189864,,India;Jammu And Kashmir;Ramban
6806,Gund,IN-JK,34.262056,75.032361,,India;Jammu And Kashmir;Ganderbal
6749,Gundna,IN-JK,33.093287,75.714680,,India;Jammu And Kashmir;Doda
40,Gurez,IN-JK,34.587294,74.876122,,India;Jammu And Kashmir;Bandipora
6811,Hajin,IN-JK,34.587294,74.876122,,India;Jammu And Kashmir;Bandipora
2,Handwara,IN-JK,34.521364,74.207221,,India;Jammu And Kashmir;Kupwara
6800,Harmain,IN-JK,33.735213,74.818533,,India;Jammu And Kashmir;Shopian
16,Haveli,IN-JK,33.783995,74.017819,,India;Jammu And Kashmir;Poonch
31,Hiranagar,IN-JK,32.574591,75.583408,,India;Jammu And Kashmir;Kathua
5,Jammu,IN-JK,32.804977,74.746861,,India;Jammu And Kashmir
79,Jammu,IN-JK,32.804977,74.746861,,India;Jammu And Kashmir;Jammu
6708,Jammu North,IN-JK,32.804977,74.746861,,India;Jammu And Kashmir;Jammu
6706,Jammu South,IN-JK,32.804977,74.746861,,India;Jammu And Kashmir;Jammu
6718,Jammu West,IN-JK,32.804977,74.746861,,India;Jammu And Kashmir;Jammu
6701,Jourian,IN-JK,32.804977,74.746861,,India;Jammu And Kashmir;Jammu
6756,Kahara,IN-JK,33.093287,75.714680,,India;Jammu And Kashmir;Doda
6793,Kakapora,IN-JK,33.940691,75.016857,,India;Jammu And Kashmir;Pulwama
24,Kalakote,IN-JK,33.278226,74.380875,,India;Jammu And Kashmir;Rajouri
46,Kangan,IN-JK,34.262056,75.032361,,India;Jammu And Kashmir;Ganderbal
3,Karnah,IN-JK,34.521364,74.207221,,India;Jammu And Kashmir;Kupwara
6748,Kashtigarh,IN-JK,33.093287,75.714680,,India;Jammu And Kashmir;Doda
7,Kathua,IN-JK,32.574591,75.583408,,India;Jammu And Kashmir
30,Kathua,IN-JK,32.574591,75.583408,,India;Jammu And Kashmir;Kathua
6741,Katra,IN-JK,33.238912,74.831425,,India;Jammu And Kashmir;Reasi
6829,Kawarhama,IN-JK,34.158233,74.302510,,India;Jammu And Kashmir;Baramulla
6092,Keegam,IN-JK,33.735213,74.818533,,India;Jammu And Kashmir;Shopian
6091,Keller,IN-JK,33.735213,74.818533,,India;Jammu And Kashmir;Shopian
6782,Keran,IN-JK,34.521364,74.207221,,India;Jammu And Kashmir;Kupwara
4,Khag,IN-JK,33.918231,74.634582,,India;Jammu And Kashmir;Budgam
6,Khansahib,IN-JK,33.918231,74.634582,,India;Jammu And Kashmir;Budgam
6801,Khanyar,IN-JK,34.114653,74.821269,,India;Jammu And Kashmir;Srinagar
6704,Kharah Balli,IN-JK,32.804977,74.746861,,India;Jammu And Kashmir;Jammu
6759,Khari,IN-JK,33.307671,75.189864,,India;Jammu And Kashmir;Ramban
6771,Khawas,IN-JK,33.278226,74.380875,,India;Jammu And Kashmir;Rajouri
6828,Khoie,IN-JK,34.158233,74.302510,,India;Jammu And Kashmir;Baramulla
6714,Khour,IN-JK,32.804977,74.746861,,India;Jammu And Kashmir;Jammu
620,Kishtwar,IN-JK,33.549896,75.971004,,India;Jammu And Kashmir
68,Kishtwar,IN-JK,33.549896,75.971004,,India;Jammu And Kashmir;Kishtwar
57,Kokernag,IN-JK,33.826532,75.324713,,India;Jammu And Kashmir;Anantnag
6851,Koteranka,IN-JK,33.278226,74.380875,,India;Jammu And Kashmir;Rajouri
6783,Kralpora,IN-JK,34.521364,74.207221,,India;Jammu And Kashmir;Kupwara
36,Kreeri,IN-JK,34.158233,74.302510,,India;Jammu And Kashmir;Baramulla
622,Kulgam,IN-JK,33.606434,74.860001,,India;Jammu And Kashmir
59,Kulgam,IN-JK,33.606434,74.860001,,India;Jammu And Kashmir;Kulgam
6830,Kunzer,IN-JK,34.158233,74.302510,,India;Jammu And Kashmir;Baramulla
8,Kupwara,IN-JK,34.521364,74.207221,,India;Jammu And Kashmir
1,Kupwara,IN-JK,34.521364,74.207221,,India;Jammu And Kashmir;Kupwara
6792,Lalpora,IN-JK,34.521364,74.207221,,India;Jammu And Kashmir;Kupwara
6789,Langate,IN-JK,34.521364,74.207221,,India;Jammu And Kashmir;Kupwara
45,Lar,IN-JK,34.262056,75.032361,,India;Jammu And Kashmir;Ganderbal
6820,Larnoo,IN-JK,33.826532,75.324713,,India;Jammu And Kashmir;Anantnag
6774,Laroka,IN-JK,33.278226,74.380875,,India;Jammu And Kashmir;Rajouri
6737,Latti,IN-JK,32.898827,75.296952,,India;Jammu And Kashmir;Udhampur
6729,Lohai Malhar,IN-JK,32.574591,75.583408,,India;Jammu And Kashmir;Kathua
6791,Lolab (Sogam),IN-JK,34.521364,74.207221,,India;Jammu And Kashmir;Kupwara
6767,Machail,IN-JK,33.549896,75.971004,,India;Jammu And Kashmir;Kishtwar
6785,Machil,IN-JK,34.521364,74.207221,,India;Jammu And Kashmir;Kupwara
6814,Magam,IN-JK,33.918231,74.634582,,India;Jammu And Kashmir;Budgam
6725,Mahanpur,IN-JK,32.574591,75.583408,,India;Jammu And Kashmir;Kathua
6850,Mahore,IN-JK,33.238912,74.831425,,India;Jammu And Kashmir;Reasi
6702,Maira Mandrian,IN-JK,32.804977,74.746861,,India;Jammu And Kashmir;Jammu
75,Majalta,IN-JK,32.898827,75.296952,,India;Jammu And Kashmir;Udhampur
6713,Mandal,IN-JK,32.804977,74.746861,,India;Jammu And Kashmir;Jammu
17,Mandi,IN-JK,33.783995,74.017819,,India;Jammu And Kashmir;Poonch
6772,Manjakote,IN-JK,33.278226,74.380875,,India;Jammu And Kashmir;Rajouri
6779,Mankote,IN-JK,33.783995,74.017819,,India;Jammu And Kashmir;Poonch
6715,Marh,IN-JK,32.804977,74.746861,,India;Jammu And Kashmir;Jammu
6731,Marheen,IN-JK,32.574591,75.583408,,India;Jammu And Kashmir;Kathua
6751,Marmat,IN-JK,33.093287,75.714680,,India;Jammu And Kashmir;Doda
69,Marwah,IN-JK,33.549896,75.971004,,India;Jammu And Kashmir;Kishtwar
18,Mendhar,IN-JK,33.783995,74.017819,,India;Jammu And Kashmir;Poonch
6750,Mohalla,IN-JK,33.093287,75.714680,,India;Jammu And Kashmir;Doda
6734,Moungri,IN-JK,32.898827,75.296952,,India;Jammu And Kashmir;Udhampur
6764,Mugal Maidan,IN-JK,33.549896,75.971004,,India;Jammu And Kashmir;Kishtwar
6727,Nagri Parole,IN-JK,32.574591,75.583408,,India;Jammu And Kashmir;Kathua
6711,Nagrota,IN-JK,32.804977,74.746861,,India;Jammu And Kashmir;Jammu
6768,Nagseni,IN-JK,33.549896,75.971004,,India;Jammu And Kashmir;Kishtwar
6813,Narbal,IN-JK,33.918231,74.634582,,India;Jammu And Kashmir;Budgam
7202,Narwav,IN-JK,34.158233,74.302510,,India;Jammu And Kashmir;Baramulla
25,Nowshera,IN-JK,33.278226,74.380875,,India;Jammu And Kashmir;Rajouri
53,Pahalgam,IN-JK,33.826532,75.324713,,India;Jammu And Kashmir;Anantnag
6194,Pahloo,IN-JK,33.606434,74.860001,,India;Jammu And Kashmir;Kulgam
48,Pampore,IN-JK,33.940691,75.016857,,India;Jammu And Kashmir;Pulwama
6735,Panchari,IN-JK,32.898827,75.296952,,India;Jammu And Kashmir;Udhampur
6804,Pantha Chowk,IN-JK,34.114653,74.821269,,India;Jammu And Kashmir;Srinagar
6705,Pargwal,IN-JK,32.804977,74.746861,,India;Jammu And Kashmir;Jammu
34,Pattan,IN-JK,34.158233,74.302510,,India;Jammu And Kashmir;Baramulla
6757,Phigsoo,IN-JK,33.093287,75.714680,,India;Jammu And Kashmir;Doda
6760,Pogal Paristan,IN-JK,33.307671,75.189864,,India;Jammu And Kashmir;Ramban
10,Poonch,IN-JK,33.783995,74.017819,,India;Jammu And Kashmir
6742,Pouni,IN-JK,33.238912,74.831425,,India;Jammu And Kashmir;Reasi
11,Pulwama,IN-JK,33.940691,75.016857,,India;Jammu And Kashmir
51,Pulwama,IN-JK,33.940691,75.016857,,India;Jammu And Kashmir;Pulwama
7205,Qalamabad,IN-JK,34.521364,74.207221,,India;Jammu And Kashmir;Kupwara
6788,Qaziabad (Kralgund),IN-JK,34.521364,74.207221,,India;Jammu And Kashmir;Kupwara
6817,Qazigund,IN-JK,33.826532,75.324713,,India;Jammu And Kashmir;Anantnag
6773,Qila Darhal,IN-JK,33.278226,74.380875,,India;Jammu And Kashmir;Rajouri
6193,Qoimoh,IN-JK,33.606434,74.860001,,India;Jammu And Kashmir;Kulgam
80,R. S. Pura,IN-JK,32.804977,74.746861,,India;Jammu And Kashmir;Jammu
33,Rafiabad,IN-JK,34.158233,74.302510,,India;Jammu And Kashmir;Baramulla
6762,Rajgarh,IN-JK,33.307671,75.189864,,India;Jammu And Kashmir;Ramban
12,Rajouri,IN-JK,33.278226,74.380875,,India;Jammu And Kashmir
22,Rajouri,IN-JK,33.278226,74.380875,,India;Jammu And Kashmir;Rajouri
6796,Rajpora,IN-JK,33.940691,75.016857,,India;Jammu And Kashmir;Pulwama
6719,Rajpura,IN-JK,32.581686,75.090492,,India;Jammu And Kashmir;Samba
621,Ramban,IN-JK,33.307671,75.189864,,India;Jammu And Kashmir
67,Ramban,IN-JK,33.307671,75.189864,,India;Jammu And Kashmir;Ramban
6724,Ramgarh,IN-JK,32.581686,75.090492,,India;Jammu And Kashmir;Samba
6787,Ramhal (Tarathpora),IN-JK,34.521364,74.207221,,India;Jammu And Kashmir;Kupwara
6728,Ramkote,IN-JK,32.574591,75.583408,,India;Jammu And Kashmir;Kathua
74,Ramnagar,IN-JK,32.898827,75.296952,,India;Jammu And Kashmir;Udhampur
7201,Ramsoo,IN-JK,33.307671,75.189864,,India;Jammu And Kashmir;Ramban
627,Reasi,IN-JK,33.238912,74.831425,,India;Jammu And Kashmir
77,Reasi,IN-JK,33.238912,74.831425,,India;Jammu And Kashmir;Reasi
6818,Sallar,IN-JK,33.826532,75.324713,,India;Jammu And Kashmir;Anantnag
624,Samba,IN-JK,32.581686,75.090492,,India;Jammu And Kashmir
82,Samba,IN-JK,32.581686,75.090492,,India;Jammu And Kashmir;Samba
6816,Shahbad Bala,IN-JK,33.826532,75.324713,,India;Jammu And Kashmir;Anantnag
6794,Shahoora (Litter),IN-JK,33.940691,75.016857,,India;Jammu And Kashmir;Pulwama
56,Shangus,IN-JK,33.826532,75.324713,,India;Jammu And Kashmir;Anantnag
625,Shopian,IN-JK,33.735213,74.818533,,India;Jammu And Kashmir
52,Shopian,IN-JK,33.735213,74.818533,,India;Jammu And Kashmir;Shopian
7204,Singhpora,IN-JK,34.158233,74.302510,,India;Jammu And Kashmir;Baramulla
6777,Siot,IN-JK,33.278226,74.380875,,India;Jammu And Kashmir;Rajouri
42,Sonawari,IN-JK,34.587294,74.876122,,India;Jammu And Kashmir;Bandipora
32,Sopore,IN-JK,34.158233,74.302510,,India;Jammu And Kashmir;Baramulla
6819,Srigufwara,IN-JK,33.826532,75.324713,,India;Jammu And Kashmir;Anantnag
13,Srinagar,IN-JK,34.114653,74.821269,,India;Jammu And Kashmir
6805,Srinagar Central,IN-JK,34.114653,74.821269,,India;Jammu And Kashmir;Srinagar
43,Srinagar North,IN-JK,34.114653,74.821269,,India;Jammu And Kashmir;Srinagar
44,Srinagar South,IN-JK,34.114653,74.821269,,India;Jammu And Kashmir;Srinagar
6716,Suchetgarh,IN-JK,32.804977,74.746861,,India;Jammu And Kashmir;Jammu
26,Sunderbani,IN-JK,33.278226,74.380875,,India;Jammu And Kashmir;Rajouri
19,Surankote,IN-JK,33.783995,74.017819,,India;Jammu And Kashmir;Poonch
39,Tangmarg,IN-JK,34.158233,74.302510,,India;Jammu And Kashmir;Baramulla
6775,Taryath,IN-JK,33.278226,74.380875,,India;Jammu And Kashmir;Rajouri
6745,Thakrakote,IN-JK,33.238912,74.831425,,India;Jammu And Kashmir;Reasi
20,Thana Mandi,IN-JK,33.278226,74.380875,,India;Jammu And Kashmir;Rajouri
63,Thathri,IN-JK,33.093287,75.714680,,India;Jammu And Kashmir;Doda
6739,Thuroo,IN-JK,33.238912,74.831425,,India;Jammu And Kashmir;Reasi
50,Tral,IN-JK,33.940691,75.016857,,India;Jammu And Kashmir;Pulwama
6784,Trehgam,IN-JK,34.521364,74.207221,,India;Jammu And Kashmir;Kupwara
6812,Tulail,IN-JK,34.587294,74.876122,,India;Jammu And Kashmir;Bandipora
6807,Tullamulla Khirbhawani,IN-JK,34.262056,75.032361,,India;Jammu And Kashmir;Ganderbal
14,Udhampur,IN-JK,32.898827,75.296952,,India;Jammu And Kashmir
72,Udhampur,IN-JK,32.898827,75.296952,,India;Jammu And Kashmir;Udhampur
37,Uri,IN-JK,34.158233,74.302510,,India;Jammu And Kashmir;Baramulla
6722,Vijaypur,IN-JK,32.581686,75.090492,,India;Jammu And Kashmir;Samba
7206,Villgam,IN-JK,34.521364,74.207221,,India;Jammu And Kashmir;Kupwara
6823,Wagoora,IN-JK,34.158233,74.302510,,India;Jammu And Kashmir;Baramulla
6808,Wakoora,IN-JK,34.262056,75.032361,,India;Jammu And Kashmir;Ganderbal
6766,Warwan,IN-JK,33.549896,75.971004,,India;Jammu And Kashmir;Kishtwar
6825,Watergam,IN-JK,34.158233,74.302510,,India;Jammu And Kashmir;Baramulla
6781,Yaripora,IN-JK,33.606434,74.860001,,India;Jammu And Kashmir;Kulgam
6790,Zachaldara,IN-JK,34.521364,74.207221,,India;Jammu And Kashmir;Kupwara
6797,Zainapora,IN-JK,33.735213,74.818533,,India;Jammu And Kashmir;Shopian
6826,Zaingeer,IN-JK,34.158233,74.302510,,India;Jammu And Kashmir;Baramulla
5581,Afzalpur,IN-KA,17.260450,76.868950,,India;Karnataka;Kalaburagi
7078,Ajjampura,IN-KA,13.454630,75.690643,,India;Karnataka;Chikkamagaluru
5580,Aland,IN-KA,17.260450,76.868950,,India;Karnataka;Kalaburagi
7123,Almel,IN-KA,16.794485,75.952820,,India;Karnataka;Vijayapura
7081,Alnavar,IN-KA,15.390180,75.152300,,India;Karnataka;Dharwad
5557,Alur,IN-KA,12.996418,76.107830,,India;Karnataka;Hassan
5545,Anekal,IN-KA,12.951773,77.593709,,India;Karnataka;Bengaluru Urban
5484,Ankola,IN-KA,14.791505,74.619576,,India;Karnataka;Uttara Kannada
7080,Annigeri,IN-KA,15.390180,75.152300,,India;Karnataka;Dharwad
7403,Arakera,IN-KA,16.090678,76.891761,,India;Karnataka;Raichur
5558,Arkalgud,IN-KA,12.996418,76.107830,,India;Karnataka;Hassan
5555,Arsikere,IN-KA,12.996418,76.107830,,India;Karnataka;Hassan
5434,Athni,IN-KA,16.120633,74.823078,,India;Karnataka;Belagavi
5456,Aurad,IN-KA,17.952944,77.225064,,India;Karnataka;Bidar
7069,Babaleshwar,IN-KA,16.794485,75.952820,,India;Karnataka;Vijayapura
5446,Badami,IN-KA,16.221360,75.625545,,India;Karnataka;Bagalkote
5447,Bagalkot,IN-KA,16.221360,75.625545,,India;Karnataka;Bagalkote
524,Bagalkote,IN-KA,16.221360,75.625545,,India;Karnataka
5598,Bagepalli,IN-KA,13.578012,77.835250,,India;Karnataka;Chikkaballapura
5440,Bailahongala,IN-KA,16.120633,74.823078,,India;Karnataka;Belagavi
7066,Bainduru,IN-KA,13.498278,74.871960,,India;Karnataka;Udupi
528,Ballari,IN-KA,15.110053,76.532663,Bellary,India;Karnataka
5500,Ballari,IN-KA,15.110053,76.532663,Bellary,India;Karnataka;Ballari
5593,Bangarapet,IN-KA,13.139716,78.217875,,India;Karnataka;Kolar
5562,Bantval,IN-KA,12.853124,75.250904,,India;Karnataka;Dakshina Kannada
5454,Basavakalyan,IN-KA,17.952944,77.225064,,India;Karnataka;Bidar
5452,Basavana Bagevadi,IN-KA,16.794485,75.952820,,India;Karnataka;Vijayapura
527,Belagavi,IN-KA,16.120633,74.823078,Belgaum,India;Karnataka
5438,Belagavi,IN-KA,16.120633,74.823078,Belgaum,India;Karnataka;Belagavi
5563,Beltangadi,IN-KA,12.853124,75.250904,,India;Karnataka;Dakshina Kannada
5554,Belur,IN-KA,12.996418,76.107830,,India;Karnataka;Hassan
5544,Bengaluru East,IN-KA,12.951773,77.593709,,India;Karnataka;Bengaluru Urban
5542,Bengaluru North,IN-KA,12.951773,77.593709,,India;Karnataka;Bengaluru Urban
526,Bengaluru Rural,IN-KA,13.227244,77.574079,,India;Karnataka
631,Bengaluru South,IN-KA,12.679132,77.335368,,India;Karnataka
5543,Bengaluru South,IN-KA,12.951773,77.593709,,India;Karnataka;Bengaluru Urban
525,Bengaluru Urban,IN-KA,12.951773,77.593709,Bangalore;Bangalore City,India;Karnataka
5521,Bhadravati,IN-KA,14.043206,75.220165,,India;Karnataka;Shivamogga
5455,Bhalki,IN-KA,17.952944,77.225064,,India;Karnataka;Bidar
5488,Bhatkal,IN-KA,14.791505,74.619576,,India;Karnataka;Uttara Kannada
529,Bidar,IN-KA,17.952944,77.225064,,India;Karnataka
5457,Bidar,IN-KA,17.952944,77.225064,,India;Karnataka;Bidar
5444,Bilgi,IN-KA,16.221360,75.625545,,India;Karnataka;Bagalkote
7068,Brahmavara,IN-KA,13.498278,74.871960,,India;Karnataka;Udupi
5493,Byadgi,IN-KA,14.738833,75.416481,,India;Karnataka;Haveri
7070,Chadchan,IN-KA,16.794485,75.952820,,India;Karnataka;Vijayapura
5504,Challakere,IN-KA,14.168582,76.515192,,India;Karnataka;Chitradurga
531,Chamarajanagar,IN-KA,11.958215,77.097666,,India;Karnataka
5577,Chamarajanagar,IN-KA,11.958215,77.097666,,India;Karnataka;Chamarajanagar
5514,Channagiri,IN-KA,14.408738,75.954074,,India;Karnataka;Davanagere
5607,Channapatna,IN-KA,12.679132,77.335368,,India;Karnataka;Bengaluru South
5560,Channarayapatna,IN-KA,12.996418,76.107830,,India;Karnataka;Hassan
7407,Chelur,IN-KA,13.578012,77.835250,,India;Karnataka;Chikkaballapura
630,Chikkaballapura,IN-KA,13.578012,77.835250,,India;Karnataka
5596,Chikkaballapura,IN-KA,13.578012,77.835250,,India;Karnataka;Chikkaballapura
532,Chikkamagaluru,IN-KA,13.454630,75.690643,Chikmagalur,India;Karnataka
5530,Chikkamagaluru,IN-KA,13.454630,75.690643,Chikmagalur,India;Karnataka;Chikkamagaluru
5532,Chiknayakanhalli,IN-KA,13.521638,76.946204,,India;Karnataka;Tumakuru
5433,Chikodi,IN-KA,16.120633,74.823078,,India;Karnataka;Belagavi
5583,Chincholi,IN-KA,17.260450,76.868950,,India;Karnataka;Kalaburagi
5600,Chintamani,IN-KA,13.578012,77.835250,,India;Karnataka;Chikkaballapura
7084,Chitaguppa,IN-KA,17.952944,77.225064,,India;Karnataka;Bidar
533,Chitradurga,IN-KA,14.168582,76.515192,,India;Karnataka
5505,Chitradurga,IN-KA,14.168582,76.515192,,India;Karnataka;Chitradurga
5585,Chittapur,IN-KA,17.260450,76.868950,,India;Karnataka;Kalaburagi
534,Dakshina Kannada,IN-KA,12.853124,75.250904,Mangalore,India;Karnataka
7064,Dandeli,IN-KA,14.791505,74.619576,,India;Karnataka;Uttara Kannada
535,Davanagere,IN-KA,14.408738,75.954074,,India;Karnataka
5512,Davanagere,IN-KA,14.408738,75.954074,,India;Karnataka;Davanagere
5460,Devadurga,IN-KA,16.090678,76.891761,,India;Karnataka;Raichur
5603,Devanahalli,IN-KA,13.227244,77.574079,,India;Karnataka;Bengaluru Rural
7071,Devara Hipparagi,IN-KA,16.794485,75.952820,,India;Karnataka;Vijayapura
536,Dharwad,IN-KA,15.390180,75.152300,Hubli,India;Karnataka
5473,Dharwad,IN-KA,15.390180,75.152300,Hubli,India;Karnataka;Dharwad
5602,Doddaballapura,IN-KA,13.227244,77.574079,,India;Karnataka;Bengaluru Rural
537,Gadag,IN-KA,15.431463,75.665251,,India;Karnataka
5470,Gadag,IN-KA,15.431463,75.665251,,India;Karnataka;Gadag
7082,Gajendragad,IN-KA,15.431463,75.665251,,India;Karnataka;Gadag
5466,Gangawati,IN-KA,15.562534,76.221462,,India;Karnataka;Koppal
5595,Gauribidanur,IN-KA,13.578012,77.835250,,India;Karnataka;Chikkaballapura
5436,Gokak,IN-KA,16.120633,74.823078,,India;Karnataka;Belagavi
5538,Gubbi,IN-KA,13.521638,76.946204,,India;Karnataka;Tumakuru
5597,Gudibanda,IN-KA,13.578012,77.835250,,India;Karnataka;Chikkaballapura
7061,Guledgudda,IN-KA,16.221360,75.625545,,India;Karnataka;Bagalkote
5576,Gundlupet,IN-KA,11.958215,77.097666,,India;Karnataka;Chamarajanagar
7094,Gurmitakal,IN-KA,16.626858,76.912489,,India;Karnataka;Yadgir
5496,Hadagalli,IN-KA,14.710573,76.167282,,India;Karnataka;Vijayanagara
5497,Hagaribommanahalli,IN-KA,14.710573,76.167282,,India;Karnataka;Vijayanagara
5480,Haliyal,IN-KA,14.791505,74.619576,,India;Karnataka;Uttara Kannada
5491,Hangal,IN-KA,14.738833,75.416481,,India;Karnataka;Haveri
7077,Hanur,IN-KA,11.958215,77.097666,,India;Karnataka;Chamarajanagar
5510,Harapanahalli,IN-KA,14.710573,76.167282,,India;Karnataka;Vijayanagara
5509,Harihar,IN-KA,14.408738,75.954074,,India;Karnataka;Davanagere
7196,Harohalli,IN-KA,12.679132,77.335368,,India;Karnataka;Bengaluru South
539,Hassan,IN-KA,12.996418,76.107830,,India;Karnataka
5556,Hassan,IN-KA,12.996418,76.107830,,India;Karnataka;Hassan
540,Haveri,IN-KA,14.738833,75.416481,,India;Karnataka
5492,Haveri,IN-KA,14.738833,75.416481,,India;Karnataka;Haveri
7065,Hebri,IN-KA,13.498278,74.871960,,India;Karnataka;Udupi
5573,Heggadadevankote,IN-KA,12.210442,76.440368,,India;Karnataka;Mysuru
5494,Hirekerur,IN-KA,14.738833,75.416481,,India;Karnataka;Haveri
5508,Hiriyur,IN-KA,14.168582,76.515192,,India;Karnataka;Chitradurga
5506,Holalkere,IN-KA,14.168582,76.515192,,India;Karnataka;Chitradurga
5559,Hole Narsipur,IN-KA,12.996418,76.107830,,India;Karnataka;Hassan
5458,Homnabad,IN-KA,17.952944,77.225064,,India;Karnataka;Bidar
5487,Honavar,IN-KA,14.791505,74.619576,,India;Karnataka;Uttara Kannada
5513,Honnali,IN-KA,14.408738,75.954074,,India;Karnataka;Davanagere
5604,Hosakote,IN-KA,13.227244,77.574079,,India;Karnataka;Bengaluru Rural
5518,Hosanagara,IN-KA,14.043206,75.220165,,India;Karnataka;Shivamogga
5498,Hosapete,IN-KA,14.710573,76.167282,,India;Karnataka;Vijayanagara
5507,Hosdurga,IN-KA,14.168582,76.515192,,India;Karnataka;Chitradurga
5475,Hubballi,IN-KA,15.390180,75.152300,,India;Karnataka;Dharwad
7079,Hubballi Urban,IN-KA,15.390180,75.152300,,India;Karnataka;Dharwad
5437,Hukkeri,IN-KA,16.120633,74.823078,,India;Karnataka;Belagavi
7086,Hulsoor,IN-KA,17.952944,77.225064,,India;Karnataka;Bidar
7096,Hunasagi,IN-KA,16.626858,76.912489,,India;Karnataka;Yadgir
5448,Hungund,IN-KA,16.221360,75.625545,,India;Karnataka;Bagalkote
5570,Hunsur,IN-KA,12.210442,76.440368,,India;Karnataka;Mysuru
7062,Ilkal,IN-KA,16.221360,75.625545,,India;Karnataka;Bagalkote
5450,Indi,IN-KA,16.794485,75.952820,,India;Karnataka;Vijayapura
5511,Jagalur,IN-KA,14.408738,75.954074,,India;Karnataka;Davanagere
5443,Jamkhandi,IN-KA,16.221360,75.625545,,India;Karnataka;Bagalkote
5586,Jevargi,IN-KA,17.260450,76.868950,,India;Karnataka;Kalaburagi
7104,Kadaba,IN-KA,12.853124,75.250904,,India;Karnataka;Dakshina Kannada
5529,Kadur,IN-KA,13.454630,75.690643,,India;Karnataka;Chikkamagaluru
7100,Kagwad,IN-KA,16.120633,74.823078,,India;Karnataka;Belagavi
538,Kalaburagi,IN-KA,17.260450,76.868950,Gulbarga,India;Karnataka
5582,Kalaburagi,IN-KA,17.260450,76.868950,Gulbarga,India;Karnataka;Kalaburagi
7087,Kalagi,IN-KA,17.260450,76.868950,,India;Karnataka;Kalaburagi
7194,Kalasa,IN-KA,13.454630,75.690643,,India;Karnataka;Chikkamagaluru
5476,Kalghatgi,IN-KA,15.390180,75.152300,,India;Karnataka;Dharwad
7090,Kamalapur,IN-KA,17.260450,76.868950,,India;Karnataka;Kalaburagi
7085,Kamalnagar,IN-KA,17.952944,77.225064,,India;Karnataka;Bidar
7107,Kampli,IN-KA,15.110053,76.532663,,India;Karnataka;Ballari
7091,Kanakagiri,IN-KA,15.562534,76.221462,,India;Karnataka;Koppal
5608,Kanakapura,IN-KA,12.679132,77.335368,,India;Karnataka;Bengaluru South
7067,Kapu,IN-KA,13.498278,74.871960,,India;Karnataka;Udupi
7092,Karatagi,IN-KA,15.562534,76.221462,,India;Karnataka;Koppal
5524,Karkal,IN-KA,13.498278,74.871960,,India;Karnataka;Udupi
5478,Karwar,IN-KA,14.791505,74.619576,,India;Karnataka;Uttara Kannada
5439,Khanapur,IN-KA,16.120633,74.823078,,India;Karnataka;Belagavi
7043,Kittur,IN-KA,16.120633,74.823078,,India;Karnataka;Belagavi
541,Kodagu,IN-KA,12.325015,75.801291,,India;Karnataka
542,Kolar,IN-KA,13.139716,78.217875,,India;Karnataka
5591,Kolar,IN-KA,13.139716,78.217875,,India;Karnataka;Kolar
7002,Kolar Gold Field,IN-KA,13.139716,78.217875,,India;Karnataka;Kolar
7072,Kolhar,IN-KA,16.794485,75.952820,,India;Karnataka;Vijayapura
5579,Kollegal,IN-KA,11.958215,77.097666,,India;Karnataka;Chamarajanagar
5526,Koppa,IN-KA,13.454630,75.690643,,India;Karnataka;Chikkamagaluru
543,Koppal,IN-KA,15.562534,76.221462,,India;Karnataka
5467,Koppal,IN-KA,15.562534,76.221462,,India;Karnataka;Koppal
5536,Koratagere,IN-KA,13.521638,76.946204,,India;Karnataka;Tumakuru
7108,Kotturu,IN-KA,14.710573,76.167282,,India;Karnataka;Vijayanagara
5571,Krishnarajanagara,IN-KA,12.210442,76.440368,,India;Karnataka;Mysuru
5546,Krishnarajpet,IN-KA,12.611423,76.797236,,India;Karnataka;Mandya
5502,Kudligi,IN-KA,14.710573,76.167282,,India;Karnataka;Vijayanagara
7093,Kukanoor,IN-KA,15.562534,76.221462,,India;Karnataka;Koppal
5485,Kumta,IN-KA,14.791505,74.619576,,India;Karnataka;Uttara Kannada
5522,Kundapura,IN-KA,13.498278,74.871960,,India;Karnataka;Udupi
5477,Kundgol,IN-KA,15.390180,75.152300,,India;Karnataka;Dharwad
5541,Kunigal,IN-KA,13.521638,76.946204,,India;Karnataka;Tumakuru
7109,Kurugodu,IN-KA,15.110053,76.532663,,India;Karnataka;Ballari
7124,Kushalnagar,IN-KA,12.325015,75.801291,,India;Karnataka;Kodagu
5465,Kushtagi,IN-KA,15.562534,76.221462,,India;Karnataka;Koppal
7083,Laxmeshwar,IN-KA,15.431463,75.665251,,India;Karnataka;Gadag
5459,Lingasugur,IN-KA,16.090678,76.891761,,India;Karnataka;Raichur
5551,Maddur,IN-KA,12.611423,76.797236,,India;Karnataka;Mandya
5535,Madhugiri,IN-KA,13.521638,76.946204,,India;Karnataka;Tumakuru
5566,Madikeri,IN-KA,12.325015,75.801291,,India;Karnataka;Kodagu
5605,Magadi,IN-KA,12.679132,77.335368,,India;Karnataka;Bengaluru South
5552,Malavalli,IN-KA,12.611423,76.797236,,India;Karnataka;Mandya
5592,Malur,IN-KA,13.139716,78.217875,,India;Karnataka;Kolar
7404,Manchenahalli,IN-KA,13.578012,77.835250,,India;Karnataka;Chikkaballapura
544,Mandya,IN-KA,12.611423,76.797236,,India;Karnataka
5550,Mandya,IN-KA,12.611423,76.797236,,India;Karnataka;Mandya
5561,Mangaluru,IN-KA,12.853124,75.250904,,India;Karnataka;Dakshina Kannada
5462,Manvi,IN-KA,16.090678,76.891761,,India;Karnataka;Raichur
7101,Maski,IN-KA,16.090678,76.891761,,India;Karnataka;Raichur
5503,Molakalmuru,IN-KA,14.168582,76.515192,,India;Karnataka;Chitradurga
7102,Moodubidire,IN-KA,12.853124,75.250904,,India;Karnataka;Dakshina Kannada
7099,Mudalgi,IN-KA,16.120633,74.823078,,India;Karnataka;Belagavi
5453,Muddebihal,IN-KA,16.794485,75.952820,,India;Karnataka;Vijayapura
5445,Mudhol,IN-KA,16.221360,75.625545,,India;Karnataka;Bagalkote
5531,Mudigere,IN-KA,13.454630,75.690643,,India;Karnataka;Chikkamagaluru
5594,Mulbagal,IN-KA,13.139716,78.217875,,India;Karnataka;Kolar
7198,Mulki,IN-KA,12.853124,75.250904,,India;Karnataka;Dakshina Kannada
5472,Mundargi,IN-KA,15.431463,75.665251,,India;Karnataka;Gadag
5482,Mundgod,IN-KA,14.791505,74.619576,,India;Karnataka;Uttara Kannada
545,Mysuru,IN-KA,12.210442,76.440368,Mysore,India;Karnataka
5572,Mysuru,IN-KA,12.210442,76.440368,Mysore,India;Karnataka;Mysuru
5547,Nagamangala,IN-KA,12.611423,76.797236,,India;Karnataka;Mandya
5574,Nanjangud,IN-KA,12.210442,76.440368,,India;Karnataka;Mysuru
5527,Narasimharajapura,IN-KA,13.454630,75.690643,,India;Karnataka;Chikkamagaluru
5468,Nargund,IN-KA,15.431463,75.665251,,India;Karnataka;Gadag
5474,Navalgund,IN-KA,15.390180,75.152300,,India;Karnataka;Dharwad
5601,Nelamangala,IN-KA,13.227244,77.574079,,India;Karnataka;Bengaluru Rural
7075,Nidagundi,IN-KA,16.794485,75.952820,,India;Karnataka;Vijayapura
7105,Nippani,IN-KA,16.120633,74.823078,,India;Karnataka;Belagavi
7076,Nyamathi,IN-KA,14.408738,75.954074,,India;Karnataka;Davanagere
5548,Pandavapura,IN-KA,12.611423,76.797236,,India;Karnataka;Mandya
5534,Pavagada,IN-KA,13.521638,76.946204,,India;Karnataka;Tumakuru
5569,Piriyapatna,IN-KA,12.210442,76.440368,,India;Karnataka;Mysuru
7125,Ponnampet,IN-KA,12.325015,75.801291,,India;Karnataka;Kodagu
5564,Puttur,IN-KA,12.853124,75.250904,,India;Karnataka;Dakshina Kannada
7063,Rabakavi Banahatti,IN-KA,16.221360,75.625545,,India;Karnataka;Bagalkote
546,Raichur,IN-KA,16.090678,76.891761,,India;Karnataka
5461,Raichur,IN-KA,16.090678,76.891761,,India;Karnataka;Raichur
5606,Ramanagara,IN-KA,12.679132,77.335368,,India;Karnataka;Bengaluru South
5442,Ramdurg,IN-KA,16.120633,74.823078,,India;Karnataka;Belagavi
5495,Ranibennur,IN-KA,14.738833,75.416481,,India;Karnataka;Haveri
7106,Rattihalli,IN-KA,14.738833,75.416481,,India;Karnataka;Haveri
5435,Raybag,IN-KA,16.120633,74.823078,,India;Karnataka;Belagavi
5469,Ron,IN-KA,15.431463,75.665251,,India;Karnataka;Gadag
5515,Sagar,IN-KA,14.043206,75.220165,,India;Karnataka;Shivamogga
5553,Sakleshpur,IN-KA,12.996418,76.107830,,India;Karnataka;Hassan
7230,Saligrama,IN-KA,12.210442,76.440368,,India;Karnataka;Mysuru
5501,Sandur,IN-KA,15.110053,76.532663,,India;Karnataka;Ballari
7098,Saraguru,IN-KA,12.210442,76.440368,,India;Karnataka;Mysuru
5441,Savadatti,IN-KA,16.120633,74.823078,,India;Karnataka;Belagavi
5490,Savanur,IN-KA,14.738833,75.416481,,India;Karnataka;Haveri
5584,Sedam,IN-KA,17.260450,76.868950,,India;Karnataka;Kalaburagi
7088,Shahabad,IN-KA,17.260450,76.868950,,India;Karnataka;Kalaburagi
5588,Shahpur,IN-KA,16.626858,76.912489,,India;Karnataka;Yadgir
5489,Shiggaon,IN-KA,14.738833,75.416481,,India;Karnataka;Haveri
5517,Shikarpur,IN-KA,14.043206,75.220165,,India;Karnataka;Shivamogga
5471,Shirahatti,IN-KA,15.431463,75.665251,,India;Karnataka;Gadag
547,Shivamogga,IN-KA,14.043206,75.220165,Shimoga,India;Karnataka
5520,Shivamogga,IN-KA,14.043206,75.220165,Shimoga,India;Karnataka;Shivamogga
5587,Shorapur,IN-KA,16.626858,76.912489,,India;Karnataka;Yadgir
5549,Shrirangapattana,IN-KA,12.611423,76.797236,,India;Karnataka;Mandya
5486,Siddapur,IN-KA,14.791505,74.619576,,India;Karnataka;Uttara Kannada
5599,Sidlaghatta,IN-KA,13.578012,77.835250,,India;Karnataka;Chikkaballapura
5451,Sindgi,IN-KA,16.794485,75.952820,,India;Karnataka;Vijayapura
5463,Sindhnur,IN-KA,16.090678,76.891761,,India;Karnataka;Raichur
5533,Sira,IN-KA,13.521638,76.946204,,India;Karnataka;Tumakuru
5483,Sirsi,IN-KA,14.791505,74.619576,,India;Karnataka;Uttara Kannada
5499,Siruguppa,IN-KA,15.110053,76.532663,,India;Karnataka;Ballari
7097,Sirwar,IN-KA,16.090678,76.891761,,India;Karnataka;Raichur
5567,Somvarpet,IN-KA,12.325015,75.801291,,India;Karnataka;Kodagu
5516,Sorab,IN-KA,14.043206,75.220165,,India;Karnataka;Shivamogga
5525,Sringeri,IN-KA,13.454630,75.690643,,India;Karnataka;Chikkamagaluru
5590,Srinivaspur,IN-KA,13.139716,78.217875,,India;Karnataka;Kolar
5565,Sulya,IN-KA,12.853124,75.250904,,India;Karnataka;Dakshina Kannada
5479,Supa,IN-KA,14.791505,74.619576,,India;Karnataka;Uttara Kannada
7073,Talikoti,IN-KA,16.794485,75.952820,,India;Karnataka;Vijayapura
5528,Tarikere,IN-KA,13.454630,75.690643,,India;Karnataka;Chikkamagaluru
7398,Terdal,IN-KA,16.221360,75.625545,,India;Karnataka;Bagalkote
7074,Tikota,IN-KA,16.794485,75.952820,,India;Karnataka;Vijayapura
5539,Tiptur,IN-KA,13.521638,76.946204,,India;Karnataka;Tumakuru
5519,Tirthahalli,IN-KA,14.043206,75.220165,,India;Karnataka;Shivamogga
5575,Tirumakudal - Narsipur,IN-KA,12.210442,76.440368,,India;Karnataka;Mysuru
548,Tumakuru,IN-KA,13.521638,76.946204,Tumkur,India;Karnataka
5537,Tumakuru,IN-KA,13.521638,76.946204,Tumkur,India;Karnataka;Tumakuru
5540,Turuvekere,IN-KA,13.521638,76.946204,,India;Karnataka;Tumakuru
549,Udupi,IN-KA,13.498278,74.871960,,India;Karnataka
5523,Udupi,IN-KA,13.498278,74.871960,,India;Karnataka;Udupi
7197,Ullala,IN-KA,12.853124,75.250904,,India;Karnataka;Dakshina Kannada
550,Uttara Kannada,IN-KA,14.791505,74.619576,,India;Karnataka
738,Vijayanagara,IN-KA,14.710573,76.167282,Hospet,India;Karnataka
530,Vijayapura,IN-KA,16.794485,75.952820,,India;Karnataka
5449,Vijayapura,IN-KA,16.794485,75.952820,,India;Karnataka;Vijayapura
5568,Virajpet,IN-KA,12.325015,75.801291,,India;Karnataka;Kodagu
7095,Wadagera,IN-KA,16.626858,76.912489,,India;Karnataka;Yadgir
635,Yadgir,IN-KA,16.626858,76.912489,,India;Karnataka
5589,Yadgir,IN-KA,16.626858,76.912489,,India;Karnataka;Yadgir
7089,Yadrami,IN-KA,17.260450,76.868950,,India;Karnataka;Kalaburagi
7195,Yaragatti,IN-KA,16.120633,74.823078,,India;Karnataka;Belagavi
7103,Yelahanka,IN-KA,12.951773,77.593709,,India;Karnataka;Bengaluru Urban
5578,Yelandur,IN-KA,11.958215,77.097666,,India;Karnataka;Chamarajanagar
5464,Yelbarga,IN-KA,15.562534,76.221462,,India;Karnataka;Koppal
5481,Yellapur,IN-KA,14.791505,74.619576,,India;Karnataka;Uttara Kannada
5683,Adoor,IN-KL,9.284934,76.926426,,India;Kerala;Pathanamthitta
554,Alappuzha,IN-KL,9.428387,76.447041,Alleppey,India;Kerala
5651,Alathur,IN-KL,10.795647,76.556398,,India;Kerala;Palakkad
5658,Aluva,IN-KL,10.084494,76.546013,,India;Kerala;Ernakulam
5674,Ambalappuzha,IN-KL,9.428387,76.447041,,India;Kerala;Alappuzha
5939,Chalakkudy,IN-KL,10.471945,76.314555,,India;Kerala;Thrissur
5671,Changanassery,IN-KL,9.637751,76.650700,,India;Kerala;Kottayam
5653,Chavakkad,IN-KL,10.471945,76.314555,,India;Kerala;Thrissur
5677,Chengannur,IN-KL,9.428387,76.447041,,India;Kerala;Alappuzha
5673,Cherthala,IN-KL,9.428387,76.447041,,India;Kerala;Alappuzha
5689,Chirayinkeezhu,IN-KL,8.609470,77.012216,,India;Kerala;Thiruvananthapuram
5650,Chittur,IN-KL,10.795647,76.556398,,India;Kerala;Palakkad
5664,Devikulam,IN-KL,9.839668,77.056847,,India;Kerala;Idukki
5641,Ernad,IN-KL,11.133326,76.154377,,India;Kerala;Malappuram
555,Ernakulam,IN-KL,10.084494,76.546013,Cochin;Kochi,India;Kerala
5631,Hosdurg,IN-KL,12.462369,75.151022,,India;Kerala;Kasaragod
556,Idukki,IN-KL,9.839668,77.056847,,India;Kerala
5942,Idukki,IN-KL,9.839668,77.056847,,India;Kerala;Idukki
5937,Iritty,IN-KL,12.001100,75.523524,,India;Kerala;Kannur
5661,Kanayannur,IN-KL,10.084494,76.546013,,India;Kerala;Ernakulam
5672,Kanjirappally,IN-KL,9.637751,76.650700,,India;Kerala;Kottayam
557,Kannur,IN-KL,12.001100,75.523524,Cannanore,India;Kerala
5633,Kannur,IN-KL,12.001100,75.523524,Cannanore,India;Kerala;Kannur
5676,Karthikappally,IN-KL,9.428387,76.447041,,India;Kerala;Alappuzha
5684,Karunagappally,IN-KL,8.962527,76.871728,,India;Kerala;Kollam
558,Kasaragod,IN-KL,12.462369,75.151022,,India;Kerala
5630,Kasaragod,IN-KL,12.462369,75.151022,,India;Kerala;Kasaragod
5945,Kattakkada,IN-KL,8.609470,77.012216,,India;Kerala;Thiruvananthapuram
5660,Kochi,IN-KL,10.084494,76.546013,,India;Kerala;Ernakulam
5655,Kodungallur,IN-KL,10.471945,76.314555,,India;Kerala;Thrissur
559,Kollam,IN-KL,8.962527,76.871728,Quilon,India;Kerala
5688,Kollam,IN-KL,8.962527,76.871728,Quilon,India;Kerala;Kollam
5941,Kondotty,IN-KL,11.133326,76.154377,,India;Kerala;Malappuram
5943,Konni,IN-KL,9.284934,76.926426,,India;Kerala;Pathanamthitta
5663,Kothamangalam,IN-KL,10.084494,76.546013,,India;Kerala;Ernakulam
5687,Kottarakkara,IN-KL,8.962527,76.871728,,India;Kerala;Kollam
560,Kottayam,IN-KL,9.637751,76.650700,,India;Kerala
5670,Kottayam,IN-KL,9.637751,76.650700,,India;Kerala;Kottayam
5639,Koyilandi,IN-KL,11.485645,75.833309,,India;Kerala;Kozhikode
5682,Kozhenchery,IN-KL,9.284934,76.926426,,India;Kerala;Pathanamthitta
561,Kozhikode,IN-KL,11.485645,75.833309,Calicut,India;Kerala
5640,Kozhikode,IN-KL,11.485645,75.833309,Calicut,India;Kerala;Kozhikode
6598,Kunnamkulam,IN-KL,10.471945,76.314555,,India;Kerala;Thrissur
5657,Kunnathunad,IN-KL,10.084494,76.546013,,India;Kerala;Ernakulam
5685,Kunnathur,IN-KL,8.962527,76.871728,,India;Kerala;Kollam
5675,Kuttanad,IN-KL,9.428387,76.447041,,India;Kerala;Alappuzha
562,Malappuram,IN-KL,11.133326,76.154377,,India;Kerala
5680,Mallappally,IN-KL,9.284934,76.926426,,India;Kerala;Pathanamthitta
5635,Mananthavady,IN-KL,11.712508,76.097753,,India;Kerala;Wayanad
5932,Manjeswaram,IN-KL,12.462369,75.151022,,India;Kerala;Kasaragod
5648,Mannarkad,IN-KL,10.795647,76.556398,,India;Kerala;Palakkad
5678,Mavelikkara,IN-KL,9.428387,76.447041,,India;Kerala;Alappuzha
5668,Meenachil,IN-KL,9.637751,76.650700,,India;Kerala;Kottayam
5656,Mukundapuram,IN-KL,10.471945,76.314555,,India;Kerala;Thrissur
5662,Muvattupuzha,IN-KL,10.084494,76.546013,,India;Kerala;Ernakulam
5690,Nedumangad,IN-KL,8.609470,77.012216,,India;Kerala;Thiruvananthapuram
5692,Neyyattinkara,IN-KL,8.609470,77.012216,,India;Kerala;Thiruvananthapuram
5642,Nilambur,IN-KL,11.133326,76.154377,,India;Kerala;Malappuram
5647,Ottappalam,IN-KL,10.795647,76.556398,,India;Kerala;Palakkad
563,Palakkad,IN-KL,10.795647,76.556398,Palghat,India;Kerala
5649,Palakkad,IN-KL,10.795647,76.556398,Palghat,India;Kerala;Palakkad
5659,Paravur,IN-KL,10.084494,76.546013,,India;Kerala;Ernakulam
564,Pathanamthitta,IN-KL,9.284934,76.926426,,India;Kerala
5686,Pathanapuram,IN-KL,8.962527,76.871728,,India;Kerala;Kollam
5940,Pattambi,IN-KL,10.795647,76.556398,,India;Kerala;Palakkad
6599,Payyannur,IN-KL,12.001100,75.523524,,India;Kerala;Kannur
5667,Peerumade,IN-KL,9.839668,77.056847,,India;Kerala;Idukki
5643,Perinthalmanna,IN-KL,11.133326,76.154377,,India;Kerala;Malappuram
5646,Ponnani,IN-KL,11.133326,76.154377,,India;Kerala;Malappuram
5947,Punalur,IN-KL,8.962527,76.871728,,India;Kerala;Kollam
5681,Ranni,IN-KL,9.284934,76.926426,,India;Kerala;Pathanamthitta
5636,Sulthanbathery,IN-KL,11.712508,76.097753,,India;Kerala;Wayanad
5652,Talappilly,IN-KL,10.471945,76.314555,,India;Kerala;Thrissur
5632,Taliparamba,IN-KL,12.001100,75.523524,,India;Kerala;Kannur
5634,Thalassery,IN-KL,12.001100,75.523524,,India;Kerala;Kannur
5938,Thamarassery,IN-KL,11.485645,75.833309,,India;Kerala;Kozhikode
5679,Thiruvalla,IN-KL,9.284934,76.926426,,India;Kerala;Pathanamthitta
565,Thiruvananthapuram,IN-KL,8.609470,77.012216,Trivandrum,India;Kerala
5691,Thiruvananthapuram,IN-KL,8.609470,77.012216,Trivandrum,India;Kerala;Thiruvananthapuram
5666,Thodupuzha,IN-KL,9.839668,77.056847,,India;Kerala;Idukki
566,Thrissur,IN-KL,10.471945,76.314555,Trichur,India;Kerala
5654,Thrissur,IN-KL,10.471945,76.314555,Trichur,India;Kerala;Thrissur
5644,Tirur,IN-KL,11.133326,76.154377,,India;Kerala;Malappuram
5645,Tirurangadi,IN-KL,11.133326,76.154377,,India;Kerala;Malappuram
7176,Tribal Taluk Office Attappadi,IN-KL,10.795647,76.556398,,India;Kerala;Palakkad
5665,Udumbanchola,IN-KL,9.839668,77.056847,,India;Kerala;Idukki
5669,Vaikom,IN-KL,9.637751,76.650700,,India;Kerala;Kottayam
5946,Varkala,IN-KL,8.609470,77.012216,,India;Kerala;Thiruvananthapuram
5638,Vatakara,IN-KL,11.485645,75.833309,,India;Kerala;Kozhikode
5933,Vellarikkundu,IN-KL,12.462369,75.151022,,India;Kerala;Kasaragod
5637,Vythiri,IN-KL,11.712508,76.097753,,India;Kerala;Wayanad
567,Wayanad,IN-KL,11.712508,76.097753,,India;Kerala
7231,Diskit,IN-LA,35.043894,76.821315,,India;Ladakh;Leh Ladakh
6191,Drass,IN-LA,33.902845,76.494643,,India;Ladakh;Kargil
7158,Durbuk,IN-LA,35.043894,76.821315,,India;Ladakh;Leh Ladakh
6,Kargil,IN-LA,33.902845,76.494643,,India;Ladakh
13,Kargil,IN-LA,33.902845,76.494643,,India;Ladakh;Kargil
12,Khaltsi,IN-LA,35.043894,76.821315,,India;Ladakh;Leh Ladakh
7159,Kharu,IN-LA,35.043894,76.821315,,India;Ladakh;Leh Ladakh
10,Leh,IN-LA,35.043894,76.821315,,India;Ladakh;Leh Ladakh
9,Leh Ladakh,IN-LA,35.043894,76.821315,,India;Ladakh
7162,Nyoma,IN-LA,35.043894,76.821315,,India;Ladakh;Leh Ladakh
14,Sankoo,IN-LA,33.902845,76.494643,,India;Ladakh;Kargil
7160,Saspol,IN-LA,35.043894,76.821315,,India;Ladakh;Leh Ladakh
6192,Shakar Chiktan,IN-LA,33.902845,76.494643,,India;Ladakh;Kargil
7305,Shergole,IN-LA,33.902845,76.494643,,India;Ladakh;Kargil
11,Sumoor,IN-LA,35.043894,76.821315,,India;Ladakh;Leh Ladakh
7306,Taisuru,IN-LA,33.902845,76.494643,,India;Ladakh;Kargil
15,Zanskar,IN-LA,33.902845,76.494643,,India;Ladakh;Kargil
5626,Agatti,IN-LD,10.812627,73.677058,,India;Lakshadweep;Lakshadweep District
5620,Amini,IN-LD,10.812627,73.677058,,India;Lakshadweep;Lakshadweep District
5627,Andrott,IN-LD,10.812627,73.677058,,India;Lakshadweep;Lakshadweep District
5621,Bitra,IN-LD,10.812627,73.677058,,India;Lakshadweep;Lakshadweep District
5622,Chetlat,IN-LD,10.812627,73.677058,,India;Lakshadweep;Lakshadweep District
5624,Kadmat,IN-LD,10.812627,73.677058,,India;Lakshadweep;Lakshadweep District
5628,Kalpeni,IN-LD,10.812627,73.677058,,India;Lakshadweep;Lakshadweep District
5625,Kavaratti,IN-LD,10.812627,73.677058,,India;Lakshadweep;Lakshadweep District
5623,Kiltan,IN-LD,10.812627,73.677058,,India;Lakshadweep;Lakshadweep District
553,Lakshadweep District,IN-LD,10.812627,73.677058,,India;Lakshadweep
5629,Minicoy,IN-LD,10.812627,73.677058,,India;Lakshadweep;Lakshadweep District
4004,Achalpur,IN-MH,21.187565,77.570354,,India;Maharashtra;Amravati
4062,Aheri,IN-MH,19.787912,80.240432,,India;Maharashtra;Gadchiroli
466,Ahilyanagar,IN-MH,19.205391,74.675231,,India;Maharashtra
4228,Ahmadpur,IN-MH,18.373766,76.759511,,India;Maharashtra;Latur
4292,Ajra,IN-MH,16.471481,74.158638,,India;Maharashtra;Kolhapur
4254,Akkalkot,IN-MH,17.790589,75.483125,,India;Maharashtra;Solapur
3950,Akkalkuwa,IN-MH,21.550193,74.216834,,India;Maharashtra;Nandurbar
467,Akola,IN-MH,20.748005,77.056016,,India;Maharashtra
3991,Akola,IN-MH,20.748005,77.056016,,India;Maharashtra;Akola
4201,Akole,IN-MH,19.205391,74.675231,,India;Maharashtra;Ahilyanagar
3989,Akot,IN-MH,20.748005,77.056016,,India;Maharashtra;Akola
3951,Akrani,IN-MH,21.550193,74.216834,,India;Maharashtra;Nandurbar
4177,Alibag,IN-MH,18.510062,73.221458,,India;Maharashtra;Raigad
3969,Amalner,IN-MH,20.932545,75.487940,,India;Maharashtra;Jalgaon
4129,Ambad,IN-MH,19.807495,75.980338,,India;Maharashtra;Jalna
4170,Ambarnath,IN-MH,19.361103,73.319543,,India;Maharashtra;Thane
4188,Ambegaon,IN-MH,18.571118,74.067998,,India;Maharashtra;Pune
4225,Ambejogai,IN-MH,18.946660,75.838225,,India;Maharashtra;Beed
4047,Amgaon,IN-MH,21.165306,80.217855,,India;Maharashtra;Gondia
468,Amravati,IN-MH,21.187565,77.570354,,India;Maharashtra
4009,Amravati,IN-MH,21.187565,77.570354,,India;Maharashtra;Amravati
7179,Andheri,IN-MH,19.131779,72.884497,,India;Maharashtra;Mumbai Suburban
4003,Anjangaon Surji,IN-MH,21.187565,77.570354,,India;Maharashtra;Amravati
4099,Ardhapur,IN-MH,19.112445,77.617827,,India;Maharashtra;Nanded
4050,Arjuni Morgaon,IN-MH,21.165306,80.217855,,India;Maharashtra;Gondia
4053,Armori,IN-MH,19.787912,80.240432,,India;Maharashtra;Gadchiroli
4088,Arni,IN-MH,20.083546,78.161025,,India;Maharashtra;Yavatmal
4017,Arvi,IN-MH,20.797145,78.585883,,India;Maharashtra;Wardha
4015,Ashti,IN-MH,20.797145,78.585883,,India;Maharashtra;Wardha
4215,Ashti,IN-MH,18.946660,75.838225,,India;Maharashtra;Beed
4300,Atpadi,IN-MH,17.113762,74.767913,,India;Maharashtra;Sangli
4113,Aundha (Nagnath),IN-MH,19.637480,77.100455,,India;Maharashtra;Hingoli
4232,Ausa,IN-MH,18.373766,76.759511,,India;Maharashtra;Latur
4080,Babulgaon,IN-MH,20.083546,78.161025,,India;Maharashtra;Yavatmal
4128,Badnapur,IN-MH,19.807495,75.980338,,India;Maharashtra;Jalna
4145,Baglan,IN-MH,20.259820,74.070699,,India;Maharashtra;Nashik
3990,Balapur,IN-MH,20.748005,77.056016,,India;Maharashtra;Akola
4074,Ballarpur,IN-MH,20.118386,79.440540,,India;Maharashtra;Chandrapur
4199,Baramati,IN-MH,18.571118,74.067998,,India;Maharashtra;Pune
4246,Barshi,IN-MH,17.790589,75.483125,,India;Maharashtra;Solapur
3994,Barshitakli,IN-MH,20.748005,77.056016,,India;Maharashtra;Akola
470,Beed,IN-MH,18.946660,75.838225,,India;Maharashtra
4221,Beed,IN-MH,18.946660,75.838225,,India;Maharashtra;Beed
3971,Bhadgaon,IN-MH,20.932545,75.487940,,India;Maharashtra;Jalgaon
4070,Bhadravati,IN-MH,20.118386,79.440540,,India;Maharashtra;Chandrapur
4061,Bhamragad,IN-MH,19.787912,80.240432,,India;Maharashtra;Gadchiroli
471,Bhandara,IN-MH,21.115620,79.763152,,India;Maharashtra
4039,Bhandara,IN-MH,21.115620,79.763152,,India;Maharashtra;Bhandara
4010,Bhatkuli,IN-MH,21.187565,77.570354,,India;Maharashtra;Amravati
4166,Bhiwandi,IN-MH,19.361103,73.319543,,India;Maharashtra;Thane
4036,Bhiwapur,IN-MH,21.178155,79.085030,,India;Maharashtra;Nagpur
4102,Bhokar,IN-MH,19.112445,77.617827,,India;Maharashtra;Nanded
4125,Bhokardan,IN-MH,19.807495,75.980338,,India;Maharashtra;Jalna
4198,Bhor,IN-MH,18.571118,74.067998,,India;Maharashtra;Pune
4291,Bhudargad,IN-MH,16.471481,74.158638,,India;Maharashtra;Kolhapur
4237,Bhum,IN-MH,18.188746,76.036898,,India;Maharashtra;Dharashiv
3965,Bhusawal,IN-MH,20.932545,75.487940,,India;Maharashtra;Jalgaon
4105,Biloli,IN-MH,19.112445,77.617827,,India;Maharashtra;Nanded
3964,Bodvad,IN-MH,20.932545,75.487940,,India;Maharashtra;Jalgaon
7181,Borivali,IN-MH,19.131779,72.884497,,India;Maharashtra;Mumbai Suburban
4067,Brahmapuri,IN-MH,20.118386,79.440540,,India;Maharashtra;Chandrapur
3984,Buldana,IN-MH,20.510807,76.407133,,India;Maharashtra;Buldhana
472,Buldhana,IN-MH,20.510807,76.407133,,India;Maharashtra
4230,Chakur,IN-MH,18.373766,76.759511,,India;Maharashtra;Latur
3972,Chalisgaon,IN-MH,20.932545,75.487940,,India;Maharashtra;Jalgaon
4058,Chamorshi,IN-MH,19.787912,80.240432,,India;Maharashtra;Gadchiroli
4294,Chandgad,IN-MH,16.471481,74.158638,,India;Maharashtra;Kolhapur
473,Chandrapur,IN-MH,20.118386,79.440540,,India;Maharashtra
4071,Chandrapur,IN-MH,20.118386,79.440540,,India;Maharashtra;Chandrapur
4013,Chandur Railway,IN-MH,21.187565,77.570354,,India;Maharashtra;Amravati
4005,Chandurbazar,IN-MH,21.187565,77.570354,,India;Maharashtra;Amravati
4148,Chandvad,IN-MH,20.259820,74.070699,,India;Maharashtra;Nashik
469,Chhatrapati Sambhajinagar,IN-MH,20.027442,75.279761,,India;Maharashtra
4137,Chhatrapati Sambhajinagar,IN-MH,20.027442,75.279761,,India;Maharashtra;Chhatrapati Sambhajinagar
4002,Chikhaldara,IN-MH,21.187565,77.570354,,India;Maharashtra;Amravati
3983,Chikhli,IN-MH,20.510807,76.407133,,India;Maharashtra;Buldhana
4065,Chimur,IN-MH,20.118386,79.440540,,India;Maharashtra;Chandrapur
4269,Chiplun,IN-MH,17.274418,73.454737,,India;Maharashtra;Ratnagiri
3960,Chopda,IN-MH,20.932545,75.487940,,India;Maharashtra;Jalgaon
4158,Dahanu,IN-MH,19.793763,73.012184,,India;Maharashtra;Palghar
4267,Dapoli,IN-MH,17.274418,73.454737,,India;Maharashtra;Ratnagiri
4083,Darwha,IN-MH,20.083546,78.161025,,India;Maharashtra;Yavatmal
4011,Daryapur,IN-MH,21.187565,77.570354,,India;Maharashtra;Amravati
4195,Daund,IN-MH,18.571118,74.067998,,India;Maharashtra;Pune
4110,Deglur,IN-MH,19.112445,77.617827,,India;Maharashtra;Nanded
4144,Deola,IN-MH,20.259820,74.070699,,India;Maharashtra;Nashik
3985,Deolgaon Raja,IN-MH,20.510807,76.407133,,India;Maharashtra;Buldhana
4020,Deoli,IN-MH,20.797145,78.585883,,India;Maharashtra;Wardha
4234,Deoni,IN-MH,18.373766,76.759511,,India;Maharashtra;Latur
4051,Deori,IN-MH,21.165306,80.217855,,India;Maharashtra;Gondia
4052,Desaiganj (Vadasa),IN-MH,19.787912,80.240432,,India;Maharashtra;Gadchiroli
4275,Devgad,IN-MH,16.134008,73.737764,,India;Maharashtra;Sindhudurg
4014,Dhamangaon Railway,IN-MH,21.187565,77.570354,,India;Maharashtra;Amravati
4056,Dhanora,IN-MH,19.787912,80.240432,,India;Maharashtra;Gadchiroli
3968,Dharangaon,IN-MH,20.932545,75.487940,,India;Maharashtra;Jalgaon
488,Dharashiv,IN-MH,18.188746,76.036898,Osmanabad,India;Maharashtra
4240,Dharashiv,IN-MH,18.188746,76.036898,Osmanabad,India;Maharashtra;Dharashiv
4104,Dharmabad,IN-MH,19.112445,77.617827,,India;Maharashtra;Nanded
4001,Dharni,IN-MH,21.187565,77.570354,,India;Maharashtra;Amravati
4223,Dharur,IN-MH,18.946660,75.838225,,India;Maharashtra;Beed
474,Dhule,IN-MH,21.110370,74.600494,,India;Maharashtra
3959,Dhule,IN-MH,21.110370,74.600494,,India;Maharashtra;Dhule
4084,Digras,IN-MH,20.083546,78.161025,,India;Maharashtra;Yavatmal
4149,Dindori,IN-MH,20.259820,74.070699,,India;Maharashtra;Nashik
4282,Dodamarg,IN-MH,16.134008,73.737764,,India;Maharashtra;Sindhudurg
3967,Erandol,IN-MH,20.932545,75.487940,,India;Maharashtra;Jalgaon
4060,Etapalli,IN-MH,19.787912,80.240432,,India;Maharashtra;Gadchiroli
475,Gadchiroli,IN-MH,19.787912,80.240432,,India;Maharashtra
4057,Gadchiroli,IN-MH,19.787912,80.240432,,India;Maharashtra;Gadchiroli
4293,Gadhinglaj,IN-MH,16.471481,74.158638,,India;Maharashtra;Kolhapur
4288,Gaganbawada,IN-MH,16.471481,74.158638,,India;Maharashtra;Kolhapur
4122,Gangakhed,IN-MH,19.268248,76.690859,,India;Maharashtra;Parbhani
4140,Gangapur,IN-MH,20.027442,75.279761,,India;Maharashtra;Chhatrapati Sambhajinagar
4218,Georai,IN-MH,18.946660,75.838225,,India;Maharashtra;Beed
4130,Ghansawangi,IN-MH,19.807495,75.980338,,India;Maharashtra;Jalna
4089,Ghatanji,IN-MH,20.083546,78.161025,,India;Maharashtra;Yavatmal
476,Gondia,IN-MH,21.165306,80.217855,,India;Maharashtra
4046,Gondiya,IN-MH,21.165306,80.217855,,India;Maharashtra;Gondia
4078,Gondpipri,IN-MH,20.118386,79.440540,,India;Maharashtra;Chandrapur
4045,Goregaon,IN-MH,21.165306,80.217855,,India;Maharashtra;Gondia
4270,Guhagar,IN-MH,17.274418,73.454737,,India;Maharashtra;Ratnagiri
4098,Hadgaon,IN-MH,19.112445,77.617827,,India;Maharashtra;Nanded
4285,Hatkanangle,IN-MH,16.471481,74.158638,,India;Maharashtra;Kolhapur
4193,Haveli,IN-MH,18.571118,74.067998,,India;Maharashtra;Pune
4097,Himayatnagar,IN-MH,19.112445,77.617827,,India;Maharashtra;Nanded
4021,Hinganghat,IN-MH,20.797145,78.585883,,India;Maharashtra;Wardha
4033,Hingna,IN-MH,21.178155,79.085030,,India;Maharashtra;Nagpur
477,Hingoli,IN-MH,19.637480,77.100455,,India;Maharashtra
4112,Hingoli,IN-MH,19.637480,77.100455,,India;Maharashtra;Hingoli
4153,Igatpuri,IN-MH,20.259820,74.070699,,India;Maharashtra;Nashik
4200,Indapur,IN-MH,18.571118,74.067998,,India;Maharashtra;Pune
4126,Jafrabad,IN-MH,19.807495,75.980338,,India;Maharashtra;Jalna
478,Jalgaon,IN-MH,20.932545,75.487940,,India;Maharashtra
3966,Jalgaon,IN-MH,20.932545,75.487940,,India;Maharashtra;Jalgaon
3975,Jalgaon (Jamod),IN-MH,20.510807,76.407133,,India;Maharashtra;Buldhana
4229,Jalkot,IN-MH,18.373766,76.759511,,India;Maharashtra;Latur
479,Jalna,IN-MH,19.807495,75.980338,,India;Maharashtra
4127,Jalna,IN-MH,19.807495,75.980338,,India;Maharashtra;Jalna
4214,Jamkhed,IN-MH,19.205391,74.675231,,India;Maharashtra;Ahilyanagar
3974,Jamner,IN-MH,20.932545,75.487940,,India;Maharashtra;Jalgaon
4263,Jaoli,IN-MH,17.670029,74.172659,,India;Maharashtra;Satara
4304,Jat,IN-MH,17.113762,74.767913,,India;Maharashtra;Sangli
4160,Jawhar,IN-MH,19.793763,73.012184,,India;Maharashtra;Palghar
4117,Jintur,IN-MH,19.268248,76.690859,,India;Maharashtra;Parbhani
4076,Jiwati,IN-MH,20.118386,79.440540,,India;Maharashtra;Chandrapur
4187,Junnar,IN-MH,18.571118,74.067998,,India;Maharashtra;Pune
4298,Kadegaon,IN-MH,17.113762,74.767913,,India;Maharashtra;Sangli
4290,Kagal,IN-MH,16.471481,74.158638,,India;Maharashtra;Kolhapur
4222,Kaij,IN-MH,18.946660,75.838225,,India;Maharashtra;Beed
4239,Kalamb,IN-MH,18.188746,76.036898,,India;Maharashtra;Dharashiv
4081,Kalamb,IN-MH,20.083546,78.161025,,India;Maharashtra;Yavatmal
4025,Kalameshwar,IN-MH,21.178155,79.085030,,India;Maharashtra;Nagpur
4114,Kalamnuri,IN-MH,19.637480,77.100455,,India;Maharashtra;Hingoli
4143,Kalwan,IN-MH,20.259820,74.070699,,India;Maharashtra;Nashik
4168,Kalyan,IN-MH,19.361103,73.319543,,India;Maharashtra;Thane
4030,Kamptee,IN-MH,21.178155,79.085030,,India;Maharashtra;Nagpur
4108,Kandhar,IN-MH,19.112445,77.617827,,India;Maharashtra;Nanded
4277,Kankavli,IN-MH,16.134008,73.737764,,India;Maharashtra;Sindhudurg
4133,Kannad,IN-MH,20.027442,75.279761,,India;Maharashtra;Chhatrapati Sambhajinagar
4265,Karad,IN-MH,17.670029,74.172659,,India;Maharashtra;Satara
3997,Karanja,IN-MH,20.234103,77.216372,,India;Maharashtra;Washim
4016,Karanja,IN-MH,20.797145,78.585883,,India;Maharashtra;Wardha
4174,Karjat,IN-MH,18.510062,73.221458,,India;Maharashtra;Raigad
4213,Karjat,IN-MH,19.205391,74.675231,,India;Maharashtra;Ahilyanagar
4244,Karmala,IN-MH,17.790589,75.483125,,India;Maharashtra;Solapur
4287,Karvir,IN-MH,16.471481,74.158638,,India;Maharashtra;Kolhapur
4024,Katol,IN-MH,21.178155,79.085030,,India;Maharashtra;Nagpur
4303,Kavathemahankal,IN-MH,17.113762,74.767913,,India;Maharashtra;Sangli
4090,Kelapur,IN-MH,20.083546,78.161025,,India;Maharashtra;Yavatmal
4175,Khalapur,IN-MH,18.510062,73.221458,,India;Maharashtra;Raigad
3981,Khamgaon,IN-MH,20.510807,76.407133,,India;Maharashtra;Buldhana
4299,Khanapur,IN-MH,17.113762,74.767913,,India;Maharashtra;Sangli
4257,Khandala,IN-MH,17.670029,74.172659,,India;Maharashtra;Satara
4260,Khatav,IN-MH,17.670029,74.172659,,India;Maharashtra;Satara
4190,Khed,IN-MH,18.571118,74.067998,,India;Maharashtra;Pune
4268,Khed,IN-MH,17.274418,73.454737,,India;Maharashtra;Ratnagiri
4138,Khuldabad,IN-MH,20.027442,75.279761,,India;Maharashtra;Chhatrapati Sambhajinagar
4096,Kinwat,IN-MH,19.112445,77.617827,,India;Maharashtra;Nanded
480,Kolhapur,IN-MH,16.471481,74.158638,,India;Maharashtra
4203,Kopargaon,IN-MH,19.205391,74.675231,,India;Maharashtra;Ahilyanagar
4055,Korchi,IN-MH,19.787912,80.240432,,India;Maharashtra;Gadchiroli
4261,Koregaon,IN-MH,17.670029,74.172659,,India;Maharashtra;Satara
4075,Korpana,IN-MH,20.118386,79.440540,,India;Maharashtra;Chandrapur
4280,Kudal,IN-MH,16.134008,73.737764,,India;Maharashtra;Sindhudurg
4035,Kuhi,IN-MH,21.178155,79.085030,,India;Maharashtra;Nagpur
4054,Kurkheda,IN-MH,19.787912,80.240432,,India;Maharashtra;Gadchiroli
7180,Kurla,IN-MH,19.131779,72.884497,,India;Maharashtra;Mumbai Suburban
4043,Lakhandur,IN-MH,21.115620,79.763152,,India;Maharashtra;Bhandara
4041,Lakhani,IN-MH,21.115620,79.763152,,India;Maharashtra;Bhandara
4273,Lanja,IN-MH,17.274418,73.454737,,India;Maharashtra;Ratnagiri
481,Latur,IN-MH,18.373766,76.759511,,India;Maharashtra
4226,Latur,IN-MH,18.373766,76.759511,,India;Maharashtra;Latur
4107,Loha,IN-MH,19.112445,77.617827,,India;Maharashtra;Nanded
4242,Lohara,IN-MH,18.188746,76.036898,,India;Maharashtra;Dharashiv
3987,Lonar,IN-MH,20.510807,76.407133,,India;Maharashtra;Buldhana
4245,Madha,IN-MH,17.790589,75.483125,,India;Maharashtra;Solapur
4255,Mahabaleshwar,IN-MH,17.670029,74.172659,,India;Maharashtra;Satara
4185,Mahad,IN-MH,18.510062,73.221458,,India;Maharashtra;Raigad
4087,Mahagaon,IN-MH,20.083546,78.161025,,India;Maharashtra;Yavatmal
4095,Mahur,IN-MH,19.112445,77.617827,,India;Maharashtra;Nanded
4219,Majalgaon,IN-MH,18.946660,75.838225,,India;Maharashtra;Beed
3995,Malegaon,IN-MH,20.234103,77.216372,,India;Maharashtra;Washim
4146,Malegaon,IN-MH,20.259820,74.070699,,India;Maharashtra;Nashik
3979,Malkapur,IN-MH,20.510807,76.407133,,India;Maharashtra;Buldhana
4250,Malshiras,IN-MH,17.790589,75.483125,,India;Maharashtra;Solapur
4278,Malwan,IN-MH,16.134008,73.737764,,India;Maharashtra;Sindhudurg
4259,Man,IN-MH,17.670029,74.172659,,India;Maharashtra;Satara
4266,Mandangad,IN-MH,17.274418,73.454737,,India;Maharashtra;Ratnagiri
4252,Mangalvedhe,IN-MH,17.790589,75.483125,,India;Maharashtra;Solapur
4181,Mangaon,IN-MH,18.510062,73.221458,,India;Maharashtra;Raigad
3996,Mangrulpir,IN-MH,20.234103,77.216372,,India;Maharashtra;Washim
3998,Manora,IN-MH,20.234103,77.216372,,India;Maharashtra;Washim
4132,Mantha,IN-MH,19.807495,75.980338,,India;Maharashtra;Jalna
4119,Manwath,IN-MH,19.268248,76.690859,,India;Maharashtra;Parbhani
4092,Maregaon,IN-MH,20.083546,78.161025,,India;Maharashtra;Yavatmal
4029,Mauda,IN-MH,21.178155,79.085030,,India;Maharashtra;Nagpur
4191,Mawal,IN-MH,18.571118,74.067998,,India;Maharashtra;Pune
3982,Mehkar,IN-MH,20.510807,76.407133,,India;Maharashtra;Buldhana
4184,Mhasla,IN-MH,18.510062,73.221458,,India;Maharashtra;Raigad
4302,Miraj,IN-MH,17.113762,74.767913,,India;Maharashtra;Sangli
4038,Mohadi,IN-MH,21.115620,79.763152,,India;Maharashtra;Bhandara
4248,Mohol,IN-MH,17.790589,75.483125,,India;Maharashtra;Solapur
4161,Mokhada,IN-MH,19.793763,73.012184,,India;Maharashtra;Palghar
4006,Morshi,IN-MH,21.187565,77.570354,,India;Maharashtra;Amravati
3980,Motala,IN-MH,20.510807,76.407133,,India;Maharashtra;Buldhana
4101,Mudkhed,IN-MH,19.112445,77.617827,,India;Maharashtra;Nanded
4109,Mukhed,IN-MH,19.112445,77.617827,,India;Maharashtra;Nanded
3963,Muktainagar (Edlabad),IN-MH,20.932545,75.487940,,India;Maharashtra;Jalgaon
4072,Mul,IN-MH,20.118386,79.440540,,India;Maharashtra;Chandrapur
4059,Mulchera,IN-MH,19.787912,80.240432,,India;Maharashtra;Gadchiroli
4192,Mulshi,IN-MH,18.571118,74.067998,,India;Maharashtra;Pune
482,Mumbai,IN-MH,18.989036,72.838017,Bombay,India;Maharashtra
483,Mumbai Suburban,IN-MH,19.131779,72.884497,,India;Maharashtra
4171,Murbad,IN-MH,19.361103,73.319543,,India;Maharashtra;Thane
3992,Murtijapur,IN-MH,20.748005,77.056016,,India;Maharashtra;Akola
4178,Murud,IN-MH,18.510062,73.221458,,India;Maharashtra;Raigad
4209,Nagar,IN-MH,19.205391,74.675231,,India;Maharashtra;Ahilyanagar
4066,Nagbhid,IN-MH,20.118386,79.440540,,India;Maharashtra;Chandrapur
484,Nagpur,IN-MH,21.178155,79.085030,,India;Maharashtra
4031,Nagpur (Rural),IN-MH,21.178155,79.085030,,India;Maharashtra;Nagpur
4032,Nagpur (Urban),IN-MH,21.178155,79.085030,,India;Maharashtra;Nagpur
4106,Naigaon (Khairgaon),IN-MH,19.112445,77.617827,,India;Maharashtra;Nanded
485,Nanded,IN-MH,19.112445,77.617827,,India;Maharashtra
4100,Nanded,IN-MH,19.112445,77.617827,,India;Maharashtra;Nanded
4147,Nandgaon,IN-MH,20.259820,74.070699,,India;Maharashtra;Nashik
4012,Nandgaon-Khandeshwar,IN-MH,21.187565,77.570354,,India;Maharashtra;Amravati
3978,Nandura,IN-MH,20.510807,76.407133,,India;Maharashtra;Buldhana
486,Nandurbar,IN-MH,21.550193,74.216834,,India;Maharashtra
3954,Nandurbar,IN-MH,21.550193,74.216834,,India;Maharashtra;Nandurbar
4023,Narkhed,IN-MH,21.178155,79.085030,,India;Maharashtra;Nagpur
487,Nashik,IN-MH,20.259820,74.070699,Nasik,India;Maharashtra
4152,Nashik,IN-MH,20.259820,74.070699,Nasik,India;Maharashtra;Nashik
3955,Nawapur,IN-MH,21.550193,74.216834,,India;Maharashtra;Nandurbar
4079,Ner,IN-MH,20.083546,78.161025,,India;Maharashtra;Yavatmal
4206,Nevasa,IN-MH,19.205391,74.675231,,India;Maharashtra;Ahilyanagar
4233,Nilanga,IN-MH,18.373766,76.759511,,India;Maharashtra;Latur
4155,Niphad,IN-MH,20.259820,74.070699,,India;Maharashtra;Nashik
4243,Omarga,IN-MH,18.188746,76.036898,,India;Maharashtra;Dharashiv
3973,Pachora,IN-MH,20.932545,75.487940,,India;Maharashtra;Jalgaon
4141,Paithan,IN-MH,20.027442,75.279761,,India;Maharashtra;Chhatrapati Sambhajinagar
4123,Palam,IN-MH,19.268248,76.690859,,India;Maharashtra;Parbhani
665,Palghar,IN-MH,19.793763,73.012184,,India;Maharashtra
4163,Palghar,IN-MH,19.793763,73.012184,,India;Maharashtra;Palghar
4297,Palus,IN-MH,17.113762,74.767913,,India;Maharashtra;Sangli
4249,Pandharpur,IN-MH,17.790589,75.483125,,India;Maharashtra;Solapur
4284,Panhala,IN-MH,16.471481,74.158638,,India;Maharashtra;Kolhapur
4173,Panvel,IN-MH,18.510062,73.221458,,India;Maharashtra;Raigad
4236,Paranda,IN-MH,18.188746,76.036898,,India;Maharashtra;Dharashiv
489,Parbhani,IN-MH,19.268248,76.690859,,India;Maharashtra
4118,Parbhani,IN-MH,19.268248,76.690859,,India;Maharashtra;Parbhani
4224,Parli,IN-MH,18.946660,75.838225,,India;Maharashtra;Beed
4211,Parner,IN-MH,19.205391,74.675231,,India;Maharashtra;Ahilyanagar
3970,Parola,IN-MH,20.932545,75.487940,,India;Maharashtra;Jalgaon
4027,Parseoni,IN-MH,21.178155,79.085030,,India;Maharashtra;Nagpur
4131,Partur,IN-MH,19.807495,75.980338,,India;Maharashtra;Jalna
4264,Patan,IN-MH,17.670029,74.172659,,India;Maharashtra;Satara
4208,Pathardi,IN-MH,19.205391,74.675231,,India;Maharashtra;Ahilyanagar
4120,Pathri,IN-MH,19.268248,76.690859,,India;Maharashtra;Parbhani
4216,Patoda,IN-MH,18.946660,75.838225,,India;Maharashtra;Beed
3993,Patur,IN-MH,20.748005,77.056016,,India;Maharashtra;Akola
4042,Pauni,IN-MH,21.115620,79.763152,,India;Maharashtra;Bhandara
4176,Pen,IN-MH,18.510062,73.221458,,India;Maharashtra;Raigad
4150,Peth,IN-MH,20.259820,74.070699,,India;Maharashtra;Nashik
4258,Phaltan,IN-MH,17.670029,74.172659,,India;Maharashtra;Satara
4136,Phulambri,IN-MH,20.027442,75.279761,,India;Maharashtra;Chhatrapati Sambhajinagar
4186,Poladpur,IN-MH,18.510062,73.221458,,India;Maharashtra;Raigad
4073,Pombhurna,IN-MH,20.118386,79.440540,,India;Maharashtra;Chandrapur
490,Pune,IN-MH,18.571118,74.067998,Poona,India;Maharashtra
4194,Pune City,IN-MH,18.571118,74.067998,,India;Maharashtra;Pune
4196,Purandhar,IN-MH,18.571118,74.067998,,India;Maharashtra;Pune
4124,Purna,IN-MH,19.268248,76.690859,,India;Maharashtra;Parbhani
4085,Pusad,IN-MH,20.083546,78.161025,,India;Maharashtra;Yavatmal
4289,Radhanagari,IN-MH,16.471481,74.158638,,India;Maharashtra;Kolhapur
4204,Rahta,IN-MH,19.205391,74.675231,,India;Maharashtra;Ahilyanagar
4210,Rahuri,IN-MH,19.205391,74.675231,,India;Maharashtra;Ahilyanagar
491,Raigad,IN-MH,18.510062,73.221458,,India;Maharashtra
4274,Rajapur,IN-MH,17.274418,73.454737,,India;Maharashtra;Ratnagiri
4077,Rajura,IN-MH,20.118386,79.440540,,India;Maharashtra;Chandrapur
4091,Ralegaon,IN-MH,20.083546,78.161025,,India;Maharashtra;Yavatmal
4028,Ramtek,IN-MH,21.178155,79.085030,,India;Maharashtra;Nagpur
492,Ratnagiri,IN-MH,17.274418,73.454737,,India;Maharashtra
4271,Ratnagiri,IN-MH,17.274418,73.454737,,India;Maharashtra;Ratnagiri
3962,Raver,IN-MH,20.932545,75.487940,,India;Maharashtra;Jalgaon
4227,Renapur,IN-MH,18.373766,76.759511,,India;Maharashtra;Latur
4000,Risod,IN-MH,20.234103,77.216372,,India;Maharashtra;Washim
4179,Roha,IN-MH,18.510062,73.221458,,India;Maharashtra;Raigad
4049,Sadak-Arjuni,IN-MH,21.165306,80.217855,,India;Maharashtra;Gondia
4040,Sakoli,IN-MH,21.115620,79.763152,,India;Maharashtra;Bhandara
3958,Sakri,IN-MH,21.110370,74.600494,,India;Maharashtra;Dhule
4048,Salekasa,IN-MH,21.165306,80.217855,,India;Maharashtra;Gondia
4022,Samudrapur,IN-MH,20.797145,78.585883,,India;Maharashtra;Wardha
4272,Sangameshwar,IN-MH,17.274418,73.454737,,India;Maharashtra;Ratnagiri
4202,Sangamner,IN-MH,19.205391,74.675231,,India;Maharashtra;Ahilyanagar
493,Sangli,IN-MH,17.113762,74.767913,,India;Maharashtra
4251,Sangole,IN-MH,17.790589,75.483125,,India;Maharashtra;Solapur
3976,Sangrampur,IN-MH,20.510807,76.407133,,India;Maharashtra;Buldhana
494,Satara,IN-MH,17.670029,74.172659,,India;Maharashtra
4262,Satara,IN-MH,17.670029,74.172659,,India;Maharashtra;Satara
4026,Savner,IN-MH,21.178155,79.085030,,India;Maharashtra;Nagpur
4068,Sawali,IN-MH,20.118386,79.440540,,India;Maharashtra;Chandrapur
4281,Sawantwadi,IN-MH,16.134008,73.737764,,India;Maharashtra;Sindhudurg
4018,Seloo,IN-MH,20.797145,78.585883,,India;Maharashtra;Wardha
4116,Selu,IN-MH,19.268248,76.690859,,India;Maharashtra;Parbhani
4111,Sengaon,IN-MH,19.637480,77.100455,,India;Maharashtra;Hingoli
3953,Shahade,IN-MH,21.550193,74.216834,,India;Maharashtra;Nandurbar
4167,Shahapur,IN-MH,19.361103,73.319543,,India;Maharashtra;Thane
4283,Shahuwadi,IN-MH,16.471481,74.158638,,India;Maharashtra;Kolhapur
3977,Shegaon,IN-MH,20.510807,76.407133,,India;Maharashtra;Buldhana
4207,Shevgaon,IN-MH,19.205391,74.675231,,India;Maharashtra;Ahilyanagar
4295,Shirala,IN-MH,17.113762,74.767913,,India;Maharashtra;Sangli
4286,Shirol,IN-MH,16.471481,74.158638,,India;Maharashtra;Kolhapur
3956,Shirpur,IN-MH,21.110370,74.600494,,India;Maharashtra;Dhule
4189,Shirur,IN-MH,18.571118,74.067998,,India;Maharashtra;Pune
4217,Shirur (Kasar),IN-MH,18.946660,75.838225,,India;Maharashtra;Beed
4231,Shirur Anantpal,IN-MH,18.373766,76.759511,,India;Maharashtra;Latur
4212,Shrigonda,IN-MH,19.205391,74.675231,,India;Maharashtra;Ahilyanagar
4205,Shrirampur,IN-MH,19.205391,74.675231,,India;Maharashtra;Ahilyanagar
4183,Shrivardhan,IN-MH,18.510062,73.221458,,India;Maharashtra;Raigad
4135,Sillod,IN-MH,20.027442,75.279761,,India;Maharashtra;Chhatrapati Sambhajinagar
4069,Sindewahi,IN-MH,20.118386,79.440540,,India;Maharashtra;Chandrapur
495,Sindhudurg,IN-MH,16.134008,73.737764,,India;Maharashtra
3986,Sindkhed Raja,IN-MH,20.510807,76.407133,,India;Maharashtra;Buldhana
3957,Sindkhede,IN-MH,21.110370,74.600494,,India;Maharashtra;Dhule
4154,Sinnar,IN-MH,20.259820,74.070699,,India;Maharashtra;Nashik
4063,Sironcha,IN-MH,19.787912,80.240432,,India;Maharashtra;Gadchiroli
4134,Soegaon,IN-MH,20.027442,75.279761,,India;Maharashtra;Chhatrapati Sambhajinagar
496,Solapur,IN-MH,17.790589,75.483125,,India;Maharashtra
4247,Solapur North,IN-MH,17.790589,75.483125,,India;Maharashtra;Solapur
4253,Solapur South,IN-MH,17.790589,75.483125,,India;Maharashtra;Solapur
4121,Sonpeth,IN-MH,19.268248,76.690859,,India;Maharashtra;Parbhani
4180,Sudhagad,IN-MH,18.510062,73.221458,,India;Maharashtra;Raigad
4142,Surgana,IN-MH,20.259820,74.070699,,India;Maharashtra;Nashik
4182,Tala,IN-MH,18.510062,73.221458,,India;Maharashtra;Raigad
4157,Talasari,IN-MH,19.793763,73.012184,,India;Maharashtra;Palghar
3952,Talode,IN-MH,21.550193,74.216834,,India;Maharashtra;Nandurbar
4301,Tasgaon,IN-MH,17.113762,74.767913,,India;Maharashtra;Sangli
3988,Telhara,IN-MH,20.748005,77.056016,,India;Maharashtra;Akola
497,Thane,IN-MH,19.361103,73.319543,,India;Maharashtra
4165,Thane,IN-MH,19.361103,73.319543,,India;Maharashtra;Thane
4008,Tiosa,IN-MH,21.187565,77.570354,,India;Maharashtra;Amravati
4044,Tirora,IN-MH,21.165306,80.217855,,India;Maharashtra;Gondia
4151,Trimbakeshwar,IN-MH,20.259820,74.070699,,India;Maharashtra;Nashik
4241,Tuljapur,IN-MH,18.188746,76.036898,,India;Maharashtra;Dharashiv
4037,Tumsar,IN-MH,21.115620,79.763152,,India;Maharashtra;Bhandara
4235,Udgir,IN-MH,18.373766,76.759511,,India;Maharashtra;Latur
4169,Ulhasnagar,IN-MH,19.361103,73.319543,,India;Maharashtra;Thane
4086,Umarkhed,IN-MH,20.083546,78.161025,,India;Maharashtra;Yavatmal
4034,Umred,IN-MH,21.178155,79.085030,,India;Maharashtra;Nagpur
4103,Umri,IN-MH,19.112445,77.617827,,India;Maharashtra;Nanded
4172,Uran,IN-MH,18.510062,73.221458,,India;Maharashtra;Raigad
4276,Vaibhavvadi,IN-MH,16.134008,73.737764,,India;Maharashtra;Sindhudurg
4139,Vaijapur,IN-MH,20.027442,75.279761,,India;Maharashtra;Chhatrapati Sambhajinagar
4164,Vasai,IN-MH,19.793763,73.012184,,India;Maharashtra;Palghar
4115,Vasmath,IN-MH,19.637480,77.100455,,India;Maharashtra;Hingoli
4197,Velhe,IN-MH,18.571118,74.067998,,India;Maharashtra;Pune
4279,Vengurla,IN-MH,16.134008,73.737764,,India;Maharashtra;Sindhudurg
4159,Vikramgad,IN-MH,19.793763,73.012184,,India;Maharashtra;Palghar
4162,Wada,IN-MH,19.793763,73.012184,,India;Maharashtra;Palghar
4220,Wadwani,IN-MH,18.946660,75.838225,,India;Maharashtra;Beed
4256,Wai,IN-MH,17.670029,74.172659,,India;Maharashtra;Satara
4296,Walwa,IN-MH,17.113762,74.767913,,India;Maharashtra;Sangli
4094,Wani,IN-MH,20.083546,78.161025,,India;Maharashtra;Yavatmal
498,Wardha,IN-MH,20.797145,78.585883,,India;Maharashtra
4019,Wardha,IN-MH,20.797145,78.585883,,India;Maharashtra;Wardha
4064,Warora,IN-MH,20.118386,79.440540,,India;Maharashtra;Chandrapur
4007,Warud,IN-MH,21.187565,77.570354,,India;Maharashtra;Amravati
4238,Washi,IN-MH,18.188746,76.036898,,India;Maharashtra;Dharashiv
499,Washim,IN-MH,20.234103,77.216372,,India;Maharashtra
3999,Washim,IN-MH,20.234103,77.216372,,India;Maharashtra;Washim
500,Yavatmal,IN-MH,20.083546,78.161025,,India;Maharashtra
4082,Yavatmal,IN-MH,20.083546,78.161025,,India;Maharashtra;Yavatmal
3961,Yawal,IN-MH,20.932545,75.487940,,India;Maharashtra;Jalgaon
4156,Yevla,IN-MH,20.259820,74.070699,,India;Maharashtra;Nashik
4093,Zari-Jamani,IN-MH,20.083546,78.161025,,India;Maharashtra;Yavatmal
7334,Adokgre,IN-ML,25.850532,90.665283,,India;Meghalaya;North Garo Hills
1998,Amlarem,IN-ML,25.485083,92.281958,,India;Meghalaya;West Jaintia Hills
1977,Baghmara,IN-ML,25.300548,90.593840,,India;Meghalaya;South Garo Hills
6544,Bajengdoba,IN-ML,25.850532,90.665283,,India;Meghalaya;North Garo Hills
7339,Batabari,IN-ML,25.641756,90.197735,,India;Meghalaya;West Garo Hills
1966,Betasing,IN-ML,25.446276,89.989664,,India;Meghalaya;South West Garo Hills
6543,Bhoirymbong,IN-ML,25.873612,91.884129,,India;Meghalaya;Ri Bhoi
1975,Chokpot,IN-ML,25.300548,90.593840,,India;Meghalaya;South Garo Hills
1963,Dadenggiri,IN-ML,25.641756,90.197735,,India;Meghalaya;West Garo Hills
1969,Dalu,IN-ML,25.641756,90.197735,,India;Meghalaya;West Garo Hills
1971,Dambo Rongjeng,IN-ML,25.618628,90.630370,,India;Meghalaya;East Garo Hills
6546,Demdema,IN-ML,25.641756,90.197735,,India;Meghalaya;West Garo Hills
273,East Garo Hills,IN-ML,25.618628,90.630370,,India;Meghalaya
657,East Jaintia Hills,IN-ML,25.265690,92.463884,,India;Meghalaya
274,East Khasi Hills,IN-ML,25.383453,91.800191,,India;Meghalaya
740,Eastern West Khasi Hills,IN-ML,25.535419,91.278401,,India;Meghalaya
1968,Gambegre,IN-ML,25.641756,90.197735,,India;Meghalaya;West Garo Hills
1976,Gasuapara,IN-ML,25.300548,90.593840,,India;Meghalaya;South Garo Hills
1986,Jirang,IN-ML,25.873612,91.884129,,India;Meghalaya;Ri Bhoi
1972,Kharkutta,IN-ML,25.850532,90.665283,,India;Meghalaya;North Garo Hills
1992,Khatarshnong Laitkroh,IN-ML,25.383453,91.800191,,India;Meghalaya;East Khasi Hills
1997,Laskein,IN-ML,25.485083,92.281958,,India;Meghalaya;West Jaintia Hills
7337,Lumshnong,IN-ML,25.265690,92.463884,,India;Meghalaya;East Jaintia Hills
1982,Mairang,IN-ML,25.535419,91.278401,,India;Meghalaya;Eastern West Khasi Hills
7456,Mawhati,IN-ML,25.873612,91.884129,,India;Meghalaya;Ri Bhoi
1991,Mawkynrew,IN-ML,25.383453,91.800191,,India;Meghalaya;East Khasi Hills
1984,Mawkyrwat,IN-ML,25.312380,91.245827,,India;Meghalaya;South West Khasi Hills
6540,Mawlai,IN-ML,25.383453,91.800191,,India;Meghalaya;East Khasi Hills
6541,Mawpat,IN-ML,25.383453,91.800191,,India;Meghalaya;East Khasi Hills
1988,Mawphlang,IN-ML,25.383453,91.800191,,India;Meghalaya;East Khasi Hills
1990,Mawryngkneng,IN-ML,25.383453,91.800191,,India;Meghalaya;East Khasi Hills
1979,Mawshynrut,IN-ML,25.598255,91.261737,,India;Meghalaya;West Khasi Hills
1993,Mawsynram,IN-ML,25.383453,91.800191,,India;Meghalaya;East Khasi Hills
1981,Mawthadraishan,IN-ML,25.535419,91.278401,,India;Meghalaya;Eastern West Khasi Hills
1989,Mylliem,IN-ML,25.383453,91.800191,,India;Meghalaya;East Khasi Hills
7335,Namdong,IN-ML,25.485083,92.281958,,India;Meghalaya;West Jaintia Hills
1980,Nongstoin,IN-ML,25.598255,91.261737,,India;Meghalaya;West Khasi Hills
656,North Garo Hills,IN-ML,25.850532,90.665283,,India;Meghalaya
7418,Purakhasia,IN-ML,25.446276,89.989664,,India;Meghalaya;South West Garo Hills
1995,Pynursla,IN-ML,25.383453,91.800191,,India;Meghalaya;East Khasi Hills
7333,Rambrai,IN-ML,25.598255,91.261737,,India;Meghalaya;West Khasi Hills
1983,Ranikor,IN-ML,25.312380,91.245827,,India;Meghalaya;South West Khasi Hills
6545,Rerapara,IN-ML,25.446276,89.989664,,India;Meghalaya;South West Garo Hills
1970,Resubelpara,IN-ML,25.850532,90.665283,,India;Meghalaya;North Garo Hills
276,Ri Bhoi,IN-ML,25.873612,91.884129,,India;Meghalaya
7336,Ri Muliang,IN-ML,25.598255,91.261737,,India;Meghalaya;West Khasi Hills
1978,Rongara,IN-ML,25.300548,90.593840,,India;Meghalaya;South Garo Hills
1965,Rongram,IN-ML,25.641756,90.197735,,India;Meghalaya;West Garo Hills
2000,Saipung,IN-ML,25.265690,92.463884,,India;Meghalaya;East Jaintia Hills
1974,Samanda,IN-ML,25.618628,90.630370,,India;Meghalaya;East Garo Hills
1962,Selsella,IN-ML,25.641756,90.197735,,India;Meghalaya;West Garo Hills
7338,Shallang,IN-ML,25.598255,91.261737,,India;Meghalaya;West Khasi Hills
1994,Shella Bholaganj,IN-ML,25.383453,91.800191,,India;Meghalaya;East Khasi Hills
7332,Siju,IN-ML,25.300548,90.593840,,India;Meghalaya;South Garo Hills
6542,Sohiong,IN-ML,25.383453,91.800191,,India;Meghalaya;East Khasi Hills
1973,Songsak,IN-ML,25.618628,90.630370,,India;Meghalaya;East Garo Hills
277,South Garo Hills,IN-ML,25.300548,90.593840,,India;Meghalaya
663,South West Garo Hills,IN-ML,25.446276,89.989664,,India;Meghalaya
658,South West Khasi Hills,IN-ML,25.312380,91.245827,,India;Meghalaya
1996,Thadlaskein,IN-ML,25.485083,92.281958,,India;Meghalaya;West Jaintia Hills
1964,Tikrikilla,IN-ML,25.641756,90.197735,,India;Meghalaya;West Garo Hills
1985,Umling,IN-ML,25.873612,91.884129,,India;Meghalaya;Ri Bhoi
1987,Umsning,IN-ML,25.873612,91.884129,,India;Meghalaya;Ri Bhoi
1999,Wapung,IN-ML,25.265690,92.463884,,India;Meghalaya;East Jaintia Hills
278,West Garo Hills,IN-ML,25.641756,90.197735,,India;Meghalaya
275,West Jaintia Hills,IN-ML,25.485083,92.281958,,India;Meghalaya
279,West Khasi Hills,IN-ML,25.598255,91.261737,,India;Meghalaya
1967,Zikzak,IN-ML,25.446276,89.989664,,India;Meghalaya;South West Garo Hills
252,Bishnupur,IN-MN,24.535799,93.797905,,India;Manipur
1874,Bishnupur,IN-MN,24.535799,93.797905,,India;Manipur;Bishnupur
6490,Borobekra,IN-MN,24.681775,93.152020,,India;Manipur;Jiribam
6488,Bungte Chiru,IN-MN,24.992920,93.947737,,India;Manipur;Kangpokpi
1895,Chakpikarong,IN-MN,24.124837,94.007495,,India;Manipur;Chandel
6489,Champhai,IN-MN,24.992920,93.947737,,India;Manipur;Kangpokpi
253,Chandel,IN-MN,24.124837,94.007495,,India;Manipur
1894,Chandel,IN-MN,24.124837,94.007495,,India;Manipur;Chandel
6483,Chilivai Phaibung,IN-MN,25.398440,94.124914,,India;Manipur;Senapati
1887,Chingai,IN-MN,25.237716,94.429581,,India;Manipur;Ukhrul
254,Churachandpur,IN-MN,24.277193,93.602918,,India;Manipur
1871,Churachandpur,IN-MN,24.277193,93.602918,,India;Manipur;Churachandpur
6039,Haochong,IN-MN,24.677348,93.455938,,India;Manipur;Noney
6502,Henglep,IN-MN,24.277193,93.602918,,India;Manipur;Churachandpur
255,Imphal East,IN-MN,24.832705,94.013173,,India;Manipur
256,Imphal West,IN-MN,24.803266,93.872958,,India;Manipur
6487,Island,IN-MN,24.992920,93.947737,,India;Manipur;Kangpokpi
6481,Jessami,IN-MN,25.237716,94.429581,,India;Manipur;Ukhrul
713,Jiribam,IN-MN,24.681775,93.152020,,India;Manipur
1883,Jiribam,IN-MN,24.681775,93.152020,,India;Manipur;Jiribam
711,Kakching,IN-MN,24.427861,93.917808,,India;Manipur
1878,Kakching,IN-MN,24.427861,93.917808,,India;Manipur;Kakching
717,Kamjong,IN-MN,24.824838,94.432038,,India;Manipur
1889,Kamjong,IN-MN,24.824838,94.432038,,India;Manipur;Kamjong
6495,Kangchup Geljang,IN-MN,24.992920,93.947737,,India;Manipur;Kangpokpi
712,Kangpokpi,IN-MN,24.992920,93.947737,,India;Manipur
1861,Kangpokpi,IN-MN,24.992920,93.947737,,India;Manipur;Kangpokpi
6500,Kangvai,IN-MN,24.277193,93.602918,,India;Manipur;Churachandpur
1891,Kasom Khullen,IN-MN,24.824838,94.432038,,India;Manipur;Kamjong
1886,Keirao Bitra,IN-MN,24.832705,94.013173,,India;Manipur;Imphal East
6496,Khengjoy,IN-MN,24.124837,94.007495,,India;Manipur;Chandel
6038,Khoupum,IN-MN,24.677348,93.455938,,India;Manipur;Noney
6482,LM,IN-MN,25.237716,94.429581,,India;Manipur;Ukhrul
1881,Lamphelpat,IN-MN,24.803266,93.872958,,India;Manipur;Imphal West
1879,Lamsang,IN-MN,24.803266,93.872958,,India;Manipur;Imphal West
6497,Lhungtin,IN-MN,24.992920,93.947737,,India;Manipur;Kangpokpi
1876,Lilong,IN-MN,24.615553,94.009519,,India;Manipur;Thoubal
6491,Longmai,IN-MN,24.677348,93.455938,,India;Manipur;Noney
1892,Machi,IN-MN,24.412591,94.222784,,India;Manipur;Tengnoupal
1875,Moirang,IN-MN,24.535799,93.797905,,India;Manipur;Bishnupur
6498,Moreh,IN-MN,24.412591,94.222784,,India;Manipur;Tengnoupal
6504,Mualnuam,IN-MN,24.277193,93.602918,,India;Manipur;Churachandpur
1873,Nambol,IN-MN,24.535799,93.797905,,India;Manipur;Bishnupur
714,Noney,IN-MN,24.677348,93.455938,,India;Manipur
1867,Nungba,IN-MN,24.677348,93.455938,,India;Manipur;Noney
1859,Paomata,IN-MN,25.398440,94.124914,,India;Manipur;Senapati
1880,Patsoi,IN-MN,24.803266,93.872958,,India;Manipur;Imphal West
715,Pherzawl,IN-MN,24.304682,93.220554,,India;Manipur
1890,Phungyar,IN-MN,24.824838,94.432038,,India;Manipur;Kamjong
1885,Porompat,IN-MN,24.832705,94.013173,,India;Manipur;Imphal East
1860,Purul,IN-MN,25.398440,94.124914,,India;Manipur;Senapati
6499,Sahamphung,IN-MN,24.824838,94.432038,,India;Manipur;Kamjong
6501,Saikot,IN-MN,24.277193,93.602918,,India;Manipur;Churachandpur
6493,Saikul,IN-MN,24.992920,93.947737,,India;Manipur;Kangpokpi
1862,Saitu-Gamphazol,IN-MN,24.992920,93.947737,,India;Manipur;Kangpokpi
6505,Samulamlan,IN-MN,24.277193,93.602918,,India;Manipur;Churachandpur
6503,Sangaikot,IN-MN,24.277193,93.602918,,India;Manipur;Churachandpur
1884,Sawombung,IN-MN,24.832705,94.013173,,India;Manipur;Imphal East
257,Senapati,IN-MN,25.398440,94.124914,,India;Manipur
1872,Singngat,IN-MN,24.277193,93.602918,,India;Manipur;Churachandpur
6484,Song Song,IN-MN,25.398440,94.124914,,India;Manipur;Senapati
6506,Suangdoh,IN-MN,24.277193,93.602918,,India;Manipur;Churachandpur
6492,T Vaichong,IN-MN,24.992920,93.947737,,India;Manipur;Kangpokpi
6508,Tadubi,IN-MN,25.398440,94.124914,,India;Manipur;Senapati
258,Tamenglong,IN-MN,25.053484,93.550469,,India;Manipur
1866,Tamenglong,IN-MN,25.053484,93.550469,,India;Manipur;Tamenglong
1865,Tamenglong North,IN-MN,25.053484,93.550469,,India;Manipur;Tamenglong
1864,Tamenglong West,IN-MN,25.053484,93.550469,,India;Manipur;Tamenglong
716,Tengnoupal,IN-MN,24.412591,94.222784,,India;Manipur
1893,Tengnoupal,IN-MN,24.412591,94.222784,,India;Manipur;Tengnoupal
1869,Thanlon,IN-MN,24.304682,93.220554,,India;Manipur;Pherzawl
259,Thoubal,IN-MN,24.615553,94.009519,,India;Manipur
1877,Thoubal,IN-MN,24.615553,94.009519,,India;Manipur;Thoubal
1868,Tipaimukh,IN-MN,24.304682,93.220554,,India;Manipur;Pherzawl
1870,Tuibong,IN-MN,24.277193,93.602918,,India;Manipur;Churachandpur
260,Ukhrul,IN-MN,25.237716,94.429581,,India;Manipur
1888,Ukhrul,IN-MN,25.237716,94.429581,,India;Manipur;Ukhrul
6507,Vangai Range,IN-MN,24.304682,93.220554,,India;Manipur;Pherzawl
6486,Waikhong,IN-MN,24.427861,93.917808,,India;Manipur;Kakching
1882,Wangoi,IN-MN,24.803266,93.872958,,India;Manipur;Imphal West
6485,Willong,IN-MN,25.398440,94.124914,,India;Manipur;Senapati
7024,Adhartal,IN-MP,23.234003,79.975911,,India;Madhya Pradesh;Jabalpur
3518,Agar,IN-MP,23.826490,76.071034,,India;Madhya Pradesh;Agar-Malwa
667,Agar-Malwa,IN-MP,23.826490,76.071034,,India;Madhya Pradesh
3435,Ajaygarh,IN-MP,24.421056,80.189010,,India;Madhya Pradesh;Panna
639,Alirajpur,IN-MP,22.314414,74.363886,,India;Madhya Pradesh
3713,Alirajpur,IN-MP,22.314414,74.363886,,India;Madhya Pradesh;Alirajpur
3502,Alot,IN-MP,23.502339,75.088589,,India;Madhya Pradesh;Ratlam
3439,Amanganj,IN-MP,24.421056,80.189010,,India;Madhya Pradesh;Panna
3468,Amarpatan,IN-MP,23.538142,78.289776,,India;Madhya Pradesh;Maihar
3648,Amarwara,IN-MP,22.122543,78.854128,,India;Madhya Pradesh;Chhindwara
3385,Ambah,IN-MP,26.413015,77.868115,,India;Madhya Pradesh;Morena
3605,Amla,IN-MP,21.878491,77.871242,,India;Madhya Pradesh;Betul
3557,Anjad,IN-MP,21.788217,75.020879,,India;Madhya Pradesh;Barwani
390,Anuppur,IN-MP,23.056856,81.682706,,India;Madhya Pradesh
3694,Anuppur,IN-MP,23.056856,81.682706,,India;Madhya Pradesh;Anuppur
3682,Aron,IN-MP,24.555940,77.198633,,India;Madhya Pradesh;Guna
391,Ashoknagar,IN-MP,24.609385,77.875356,,India;Madhya Pradesh
3686,Ashoknagar,IN-MP,24.609385,77.875356,,India;Madhya Pradesh;Ashoknagar
3584,Ashta,IN-MP,22.987637,77.127430,,India;Madhya Pradesh;Sehore
3391,Ater,IN-MP,26.421879,78.721245,,India;Madhya Pradesh;Bhind
3599,Athner,IN-MP,21.878491,77.871242,,India;Madhya Pradesh;Betul
6510,Avantipur Barodia,IN-MP,23.383975,76.559497,,India;Madhya Pradesh;Shajapur
3431,Bada Malhera,IN-MP,24.798140,79.665843,,India;Madhya Pradesh;Chhatarpur
6998,Badagaon (Dhasan),IN-MP,24.883196,79.016107,,India;Madhya Pradesh;Tikamgarh
3412,Badarwas,IN-MP,25.365539,77.805373,,India;Madhya Pradesh;Shivpuri
3595,Badi,IN-MP,23.220061,78.120590,,India;Madhya Pradesh;Raisen
3514,Badnagar,IN-MP,23.330883,75.669034,,India;Madhya Pradesh;Ujjain
3532,Badnawar,IN-MP,22.497955,75.103968,,India;Madhya Pradesh;Dhar
3517,Badod,IN-MP,23.826490,76.071034,,India;Madhya Pradesh;Agar-Malwa
3383,Badoda,IN-MP,25.754479,77.007246,,India;Madhya Pradesh;Sheopur
3623,Badwara,IN-MP,23.752838,80.401399,,India;Madhya Pradesh;Katni
3529,Bagli,IN-MP,22.744198,76.456861,,India;Madhya Pradesh;Dewas
6978,Bahadurpur,IN-MP,24.609385,77.875356,,India;Madhya Pradesh;Ashoknagar
6072,Bahari,IN-MP,24.220619,81.834023,,India;Madhya Pradesh;Sidhi
3625,Bahoriband,IN-MP,23.752838,80.401399,,India;Madhya Pradesh;Katni
3674,Baihar,IN-MP,21.880796,80.359833,,India;Madhya Pradesh;Balaghat
6534,Bairad,IN-MP,25.365539,77.805373,,India;Madhya Pradesh;Shivpuri
6071,Bajag,IN-MP,22.889989,81.051289,,India;Madhya Pradesh;Dindori
3505,Bajna,IN-MP,23.502339,75.088589,,India;Madhya Pradesh;Ratlam
392,Balaghat,IN-MP,21.880796,80.359833,,India;Madhya Pradesh
3672,Balaghat,IN-MP,21.880796,80.359833,,India;Madhya Pradesh;Balaghat
3421,Baldeogarh,IN-MP,24.883196,79.016107,,India;Madhya Pradesh;Tikamgarh
7564,Bamhori,IN-MP,23.220061,78.120590,,India;Madhya Pradesh;Raisen
7112,Bamor,IN-MP,26.413015,77.868115,,India;Madhya Pradesh;Morena
3678,Bamori,IN-MP,24.555940,77.198633,,India;Madhya Pradesh;Guna
3446,Banda,IN-MP,23.850043,78.759732,,India;Madhya Pradesh;Sagar
7420,Bandari,IN-MP,23.850043,78.759732,,India;Madhya Pradesh;Sagar
3482,Bandhavgarh,IN-MP,23.562793,80.973190,,India;Madhya Pradesh;Umaria
3619,Bankhedi,IN-MP,22.590666,77.990687,,India;Madhya Pradesh;Narmadapuram
3594,Baraily,IN-MP,23.220061,78.120590,,India;Madhya Pradesh;Raisen
7423,Bargawan,IN-MP,24.215913,82.419945,,India;Madhya Pradesh;Singrauli
3665,Barghat,IN-MP,22.316960,79.689162,,India;Madhya Pradesh;Seoni
3622,Barhi,IN-MP,23.752838,80.401399,,India;Madhya Pradesh;Katni
7001,Baroni,IN-MP,25.801368,78.598029,,India;Madhya Pradesh;Datia
3545,Barwaha,IN-MP,21.918639,75.771495,,India;Madhya Pradesh;Khargone (West Nimar)
393,Barwani,IN-MP,21.788217,75.020879,,India;Madhya Pradesh
3554,Barwani,IN-MP,21.788217,75.020879,,India;Madhya Pradesh;Barwani
3573,Basoda,IN-MP,23.892313,77.813112,,India;Madhya Pradesh;Vidisha
3456,Batiyagarh,IN-MP,23.812319,79.526831,,India;Madhya Pradesh;Damoh
3381,Beerpur,IN-MP,25.754479,77.007246,,India;Madhya Pradesh;Sheopur
3592,Begamganj,IN-MP,23.220061,78.120590,,India;Madhya Pradesh;Raisen
3689,Beohari,IN-MP,23.629442,81.473493,,India;Madhya Pradesh;Shahdol
3580,Berasia,IN-MP,23.470159,77.390757,,India;Madhya Pradesh;Bhopal
394,Betul,IN-MP,21.878491,77.871242,,India;Madhya Pradesh
3600,Betul,IN-MP,21.878491,77.871242,,India;Madhya Pradesh;Betul
6989,Betul Nagar,IN-MP,21.878491,77.871242,,India;Madhya Pradesh;Betul
3552,Bhagwanpura,IN-MP,21.918639,75.771495,,India;Madhya Pradesh;Khargone (West Nimar)
3598,Bhainsdehi,IN-MP,21.878491,77.871242,,India;Madhya Pradesh;Betul
3587,Bhairunda,IN-MP,22.987637,77.127430,,India;Madhya Pradesh;Sehore
3406,Bhander,IN-MP,25.801368,78.598029,,India;Madhya Pradesh;Datia
3492,Bhanpura,IN-MP,24.204426,75.405140,,India;Madhya Pradesh;Mandsaur
3549,Bhikangaon,IN-MP,21.918639,75.771495,,India;Madhya Pradesh;Khargone (West Nimar)
7027,Bhimpur,IN-MP,21.878491,77.871242,,India;Madhya Pradesh;Betul
395,Bhind,IN-MP,26.421879,78.721245,,India;Madhya Pradesh
3392,Bhind,IN-MP,26.421879,78.721245,,India;Madhya Pradesh;Bhind
6994,Bhind Nagar,IN-MP,26.421879,78.721245,,India;Madhya Pradesh;Bhind
3401,Bhitarwar,IN-MP,26.039596,78.146084,,India;Madhya Pradesh;Gwalior
396,Bhopal,IN-MP,23.470159,77.390757,,India;Madhya Pradesh
3566,Biaora,IN-MP,23.861158,76.732433,,India;Madhya Pradesh;Rajgarh
3645,Bichhiya,IN-MP,22.639254,80.512199,,India;Madhya Pradesh;Mandla
3657,Bichhua,IN-MP,22.122543,78.854128,,India;Madhya Pradesh;Chhindwara
7013,Bicholi Hapsi,IN-MP,22.713138,75.782221,,India;Madhya Pradesh;Indore
3433,Bijawar,IN-MP,24.798140,79.665843,,India;Madhya Pradesh;Chhatarpur
6974,Bilaspur,IN-MP,23.562793,80.973190,,India;Madhya Pradesh;Umaria
3443,Bina,IN-MP,23.850043,78.759732,,India;Madhya Pradesh;Sagar
7033,Birsa,IN-MP,21.880796,80.359833,,India;Madhya Pradesh;Balaghat
3463,Birsinghpur,IN-MP,24.528700,80.830748,,India;Madhya Pradesh;Satna
3588,Budni,IN-MP,22.987637,77.127430,,India;Madhya Pradesh;Sehore
397,Burhanpur,IN-MP,21.370677,76.369160,,India;Madhya Pradesh
3719,Burhanpur,IN-MP,21.370677,76.369160,,India;Madhya Pradesh;Burhanpur
6972,Burhanpur Nagar,IN-MP,21.370677,76.369160,,India;Madhya Pradesh;Burhanpur
6988,Burhar,IN-MP,23.629442,81.473493,,India;Madhya Pradesh;Shahdol
3434,Buxwaha,IN-MP,24.798140,79.665843,,India;Madhya Pradesh;Chhatarpur
3683,Chachaura,IN-MP,24.555940,77.198633,,India;Madhya Pradesh;Guna
6996,Chand,IN-MP,22.122543,78.854128,,India;Madhya Pradesh;Chhindwara
3685,Chanderi,IN-MP,24.609385,77.875356,,India;Madhya Pradesh;Ashoknagar
3483,Chandia,IN-MP,23.562793,80.973190,,India;Madhya Pradesh;Umaria
3426,Chandla,IN-MP,24.798140,79.665843,,India;Madhya Pradesh;Chhatarpur
3711,Chandra Shekhar Azad Nagar,IN-MP,22.314414,74.363886,,India;Madhya Pradesh;Alirajpur
3650,Chaurai,IN-MP,22.122543,78.854128,,India;Madhya Pradesh;Chhindwara
7424,Chhaigaon Makhan,IN-MP,21.935151,76.568398,,India;Madhya Pradesh;Khandwa (East Nimar)
3660,Chhapara,IN-MP,22.316960,79.689162,,India;Madhya Pradesh;Seoni
398,Chhatarpur,IN-MP,24.798140,79.665843,,India;Madhya Pradesh
3429,Chhatarpur,IN-MP,24.798140,79.665843,,India;Madhya Pradesh;Chhatarpur
7006,Chhatarpur Nagar,IN-MP,24.798140,79.665843,,India;Madhya Pradesh;Chhatarpur
399,Chhindwara,IN-MP,22.122543,78.854128,,India;Madhya Pradesh
3654,Chhindwara,IN-MP,22.122543,78.854128,,India;Madhya Pradesh;Chhindwara
7020,Chhindwara Nagar,IN-MP,22.122543,78.854128,,India;Madhya Pradesh;Chhindwara
3601,Chicholi,IN-MP,21.878491,77.871242,,India;Madhya Pradesh;Betul
3402,Chinour,IN-MP,26.039596,78.146084,,India;Madhya Pradesh;Gwalior
3703,Chitrangi,IN-MP,24.215913,82.419945,,India;Madhya Pradesh;Singrauli
3698,Churhat,IN-MP,24.220619,81.834023,,India;Madhya Pradesh;Sidhi
7039,City Center,IN-MP,26.039596,78.146084,,India;Madhya Pradesh;Gwalior
3400,Dabra,IN-MP,26.039596,78.146084,,India;Madhya Pradesh;Gwalior
3537,Dahi,IN-MP,22.497955,75.103968,,India;Madhya Pradesh;Dhar
3497,Daloda,IN-MP,24.204426,75.405140,,India;Madhya Pradesh;Mandsaur
400,Damoh,IN-MP,23.812319,79.526831,,India;Madhya Pradesh
3458,Damoh,IN-MP,23.812319,79.526831,,India;Madhya Pradesh;Damoh
6999,Damyanti Nagar,IN-MP,23.812319,79.526831,,India;Madhya Pradesh;Damoh
401,Datia,IN-MP,25.801368,78.598029,,India;Madhya Pradesh
3405,Datia,IN-MP,25.801368,78.598029,,India;Madhya Pradesh;Datia
6991,Datia Nagar,IN-MP,25.801368,78.598029,,India;Madhya Pradesh;Datia
7010,Deori,IN-MP,23.220061,78.120590,,India;Madhya Pradesh;Raisen
3453,Deori,IN-MP,23.850043,78.759732,,India;Madhya Pradesh;Sagar
3704,Deosar,IN-MP,24.215913,82.419945,,India;Madhya Pradesh;Singrauli
3540,Depalpur,IN-MP,22.713138,75.782221,,India;Madhya Pradesh;Indore
3437,Devendranagar,IN-MP,24.421056,80.189010,,India;Madhya Pradesh;Panna
402,Dewas,IN-MP,22.744198,76.456861,,India;Madhya Pradesh
3526,Dewas,IN-MP,22.744198,76.456861,,India;Madhya Pradesh;Dewas
7031,Dewas Nagar,IN-MP,22.744198,76.456861,,India;Madhya Pradesh;Dewas
3662,Dhanora,IN-MP,22.316960,79.689162,,India;Madhya Pradesh;Seoni
403,Dhar,IN-MP,22.497955,75.103968,,India;Madhya Pradesh
3534,Dhar,IN-MP,22.497955,75.103968,,India;Madhya Pradesh;Dhar
3539,Dharampuri,IN-MP,22.497955,75.103968,,India;Madhya Pradesh;Dhar
3626,Dhimarkheda,IN-MP,23.752838,80.401399,,India;Madhya Pradesh;Katni
7402,Dhulcot,IN-MP,21.370677,76.369160,,India;Madhya Pradesh;Burhanpur
7394,Dighora,IN-MP,24.883196,79.016107,,India;Madhya Pradesh;Tikamgarh
404,Dindori,IN-MP,22.889989,81.051289,,India;Madhya Pradesh
3640,Dindori,IN-MP,22.889989,81.051289,,India;Madhya Pradesh;Dindori
3615,Dolariya,IN-MP,22.590666,77.990687,,India;Madhya Pradesh;Narmadapuram
7422,Doraha,IN-MP,22.987637,77.127430,,India;Madhya Pradesh;Sehore
3544,Dr. Ambedkar Nagar Mhow,IN-MP,22.713138,75.782221,,India;Madhya Pradesh;Indore
7419,Dudhamania,IN-MP,24.215913,82.419945,,India;Madhya Pradesh;Singrauli
3635,Gadarwara,IN-MP,22.936237,79.087885,,India;Madhya Pradesh;Narsimhapur
3591,Gairatganj,IN-MP,23.220061,78.120590,,India;Madhya Pradesh;Raisen
3535,Gandhwani,IN-MP,22.497955,75.103968,,India;Madhya Pradesh;Dhar
3450,Garhakota,IN-MP,23.850043,78.759732,,India;Madhya Pradesh;Sagar
3494,Garoth,IN-MP,24.204426,75.405140,,India;Madhya Pradesh;Mandsaur
3424,Gaurihar,IN-MP,24.798140,79.665843,,India;Madhya Pradesh;Chhatarpur
3661,Ghansaur,IN-MP,22.316960,79.689162,,India;Madhya Pradesh;Seoni
7026,Ghatigaon,IN-MP,26.039596,78.146084,,India;Madhya Pradesh;Gwalior
3511,Ghatiya,IN-MP,23.330883,75.669034,,India;Madhya Pradesh;Ujjain
3602,Ghoda Dongri,IN-MP,21.878491,77.871242,,India;Madhya Pradesh;Betul
3644,Ghughari,IN-MP,22.639254,80.512199,,India;Madhya Pradesh;Mandla
3432,Ghuwara,IN-MP,24.798140,79.665843,,India;Madhya Pradesh;Chhatarpur
3399,Gird,IN-MP,26.039596,78.146084,,India;Madhya Pradesh;Gwalior
3551,Gogaon,IN-MP,21.918639,75.771495,,India;Madhya Pradesh;Khargone (West Nimar)
3395,Gohad,IN-MP,26.421879,78.721245,,India;Madhya Pradesh;Bhind
3593,Goharganj,IN-MP,23.220061,78.120590,,India;Madhya Pradesh;Raisen
6979,Gohparu,IN-MP,23.629442,81.473493,,India;Madhya Pradesh;Shahdol
3699,Gopadbanas,IN-MP,24.220619,81.834023,,India;Madhya Pradesh;Sidhi
7011,Gorakhpur,IN-MP,23.234003,79.975911,,India;Madhya Pradesh;Jabalpur
3394,Gormi,IN-MP,26.421879,78.721245,,India;Madhya Pradesh;Bhind
3634,Gotegaon,IN-MP,22.936237,79.087885,,India;Madhya Pradesh;Narsimhapur
3578,Gulabganj,IN-MP,23.892313,77.813112,,India;Madhya Pradesh;Vidisha
3520,Gulana,IN-MP,23.383975,76.559497,,India;Madhya Pradesh;Shajapur
406,Guna,IN-MP,24.555940,77.198633,,India;Madhya Pradesh
3677,Guna,IN-MP,24.555940,77.198633,,India;Madhya Pradesh;Guna
6609,Guna Nagar,IN-MP,24.555940,77.198633,,India;Madhya Pradesh;Guna
3438,Gunnor,IN-MP,24.421056,80.189010,,India;Madhya Pradesh;Panna
3481,Gurh,IN-MP,24.755316,81.587224,,India;Madhya Pradesh;Rewa
407,Gwalior,IN-MP,26.039596,78.146084,,India;Madhya Pradesh
7395,Gwalior Gramin,IN-MP,26.039596,78.146084,,India;Madhya Pradesh;Gwalior
3577,Gyaraspur,IN-MP,23.892313,77.813112,,India;Madhya Pradesh;Vidisha
3609,Handiya,IN-MP,22.232408,77.123520,,India;Madhya Pradesh;Harda
3476,Hanumana,IN-MP,23.538142,78.289776,,India;Madhya Pradesh;MAUGANJ
408,Harda,IN-MP,22.232408,77.123520,,India;Madhya Pradesh
3608,Harda,IN-MP,22.232408,77.123520,,India;Madhya Pradesh;Harda
3649,Harrai,IN-MP,22.122543,78.854128,,India;Madhya Pradesh;Chhindwara
3714,Harsud,IN-MP,21.935151,76.568398,,India;Madhya Pradesh;Khandwa (East Nimar)
3541,Hatod,IN-MP,22.713138,75.782221,,India;Madhya Pradesh;Indore
3530,Hatpiplya,IN-MP,22.744198,76.456861,,India;Madhya Pradesh;Dewas
3454,Hatta,IN-MP,23.812319,79.526831,,India;Madhya Pradesh;Damoh
3614,Hoshangabad,IN-MP,22.590666,77.990687,,India;Madhya Pradesh;Narmadapuram
7045,Hoshangabad Nagar,IN-MP,22.590666,77.990687,,India;Madhya Pradesh;Narmadapuram
3581,Huzur,IN-MP,23.470159,77.390757,,India;Madhya Pradesh;Bhopal
3479,Huzur,IN-MP,24.755316,81.587224,,India;Madhya Pradesh;Rewa
7041,Huzur Nagar,IN-MP,24.755316,81.587224,,India;Madhya Pradesh;Rewa
3586,Ichhawar,IN-MP,22.987637,77.127430,,India;Madhya Pradesh;Sehore
3404,Indergarh,IN-MP,25.801368,78.598029,,India;Madhya Pradesh;Datia
410,Indore,IN-MP,22.713138,75.782221,,India;Madhya Pradesh
3684,Isagarh,IN-MP,24.609385,77.875356,,India;Madhya Pradesh;Ashoknagar
3613,Itarsi,IN-MP,22.590666,77.990687,,India;Madhya Pradesh;Narmadapuram
411,Jabalpur,IN-MP,23.234003,79.975911,Jubbulpore,India;Madhya Pradesh
3631,Jabalpur,IN-MP,23.234003,79.975911,Jubbulpore,India;Madhya Pradesh;Jabalpur
3459,Jabera,IN-MP,23.812319,79.526831,,India;Madhya Pradesh;Damoh
6984,Jaisinagar,IN-MP,23.850043,78.759732,,India;Madhya Pradesh;Sagar
3690,Jaisinghnagar,IN-MP,23.629442,81.473493,,India;Madhya Pradesh;Shahdol
3695,Jaithari,IN-MP,23.056856,81.682706,,India;Madhya Pradesh;Anuppur
3692,Jaitpur,IN-MP,23.629442,81.473493,,India;Madhya Pradesh;Shahdol
3651,Jamai (Junnardeo),IN-MP,22.122543,78.854128,,India;Madhya Pradesh;Chhindwara
3501,Jaora,IN-MP,23.502339,75.088589,,India;Madhya Pradesh;Ratlam
3418,Jatara,IN-MP,24.883196,79.016107,,India;Madhya Pradesh;Tikamgarh
3472,Jawa,IN-MP,24.755316,81.587224,,India;Madhya Pradesh;Rewa
3487,Jawad,IN-MP,24.590871,75.141734,,India;Madhya Pradesh;Neemuch
3585,Jawar,IN-MP,22.987637,77.127430,,India;Madhya Pradesh;Sehore
3563,Jeerapur,IN-MP,23.861158,76.732433,,India;Madhya Pradesh;Rajgarh
412,Jhabua,IN-MP,22.892390,74.671552,,India;Madhya Pradesh
3709,Jhabua,IN-MP,22.892390,74.671552,,India;Madhya Pradesh;Jhabua
6983,Jharda,IN-MP,23.330883,75.669034,,India;Madhya Pradesh;Ujjain
3553,Jhiranya,IN-MP,21.918639,75.771495,,India;Madhya Pradesh;Khargone (West Nimar)
3490,Jiran,IN-MP,24.590871,75.141734,,India;Madhya Pradesh;Neemuch
3712,Jobat,IN-MP,22.314414,74.363886,,India;Madhya Pradesh;Alirajpur
3388,Joura,IN-MP,26.413015,77.868115,,India;Madhya Pradesh;Morena
3543,Juni Indore,IN-MP,22.713138,75.782221,,India;Madhya Pradesh;Indore
3389,Kailaras,IN-MP,26.413015,77.868115,,India;Madhya Pradesh;Morena
3523,Kalapipal,IN-MP,23.383975,76.559497,,India;Madhya Pradesh;Shajapur
7012,Kanadia,IN-MP,22.713138,75.782221,,India;Madhya Pradesh;Indore
3527,Kannod,IN-MP,22.744198,76.456861,,India;Madhya Pradesh;Dewas
3384,Karahal,IN-MP,25.754479,77.007246,,India;Madhya Pradesh;Sheopur
3637,Kareli,IN-MP,22.936237,79.087885,,India;Madhya Pradesh;Narsimhapur
3410,Karera,IN-MP,25.365539,77.805373,,India;Madhya Pradesh;Shivpuri
6533,Karkeli,IN-MP,23.562793,80.973190,,India;Madhya Pradesh;Umaria
3547,Kasrawad,IN-MP,21.918639,75.771495,,India;Madhya Pradesh;Khargone (West Nimar)
3667,Katangi,IN-MP,21.880796,80.359833,,India;Madhya Pradesh;Balaghat
7567,Katngi,IN-MP,23.234003,79.975911,,India;Madhya Pradesh;Jabalpur
413,Katni,IN-MP,23.752838,80.401399,,India;Madhya Pradesh
7028,Katni Nagar,IN-MP,23.752838,80.401399,,India;Madhya Pradesh;Katni
6980,Katthiwara,IN-MP,22.314414,74.363886,,India;Madhya Pradesh;Alirajpur
3663,Keolari,IN-MP,22.316960,79.689162,,India;Madhya Pradesh;Seoni
3452,Kesli,IN-MP,23.850043,78.759732,,India;Madhya Pradesh;Sagar
3508,Khacharod,IN-MP,23.330883,75.669034,,India;Madhya Pradesh;Ujjain
3670,Khairlanji,IN-MP,21.880796,80.359833,,India;Madhya Pradesh;Balaghat
3720,Khaknar,IN-MP,21.370677,76.369160,,India;Madhya Pradesh;Burhanpur
3715,Khalwa,IN-MP,21.935151,76.568398,,India;Madhya Pradesh;Khandwa (East Nimar)
3716,Khandwa,IN-MP,21.935151,76.568398,,India;Madhya Pradesh;Khandwa (East Nimar)
405,Khandwa (East Nimar),IN-MP,21.935151,76.568398,,India;Madhya Pradesh
7019,Khandwa Nagar,IN-MP,21.935151,76.568398,,India;Madhya Pradesh;Khandwa (East Nimar)
3414,Khaniyadhana,IN-MP,25.365539,77.805373,,India;Madhya Pradesh;Shivpuri
3422,Khargapur,IN-MP,24.883196,79.016107,,India;Madhya Pradesh;Tikamgarh
3550,Khargone,IN-MP,21.918639,75.771495,,India;Madhya Pradesh;Khargone (West Nimar)
414,Khargone (West Nimar),IN-MP,21.918639,75.771495,,India;Madhya Pradesh
7029,Khargone Nagar,IN-MP,21.918639,75.771495,,India;Madhya Pradesh;Khargone (West Nimar)
3531,Khategaon,IN-MP,22.744198,76.456861,,India;Madhya Pradesh;Dewas
3564,Khilchipur,IN-MP,23.861158,76.732433,,India;Madhya Pradesh;Rajgarh
3606,Khirkiya,IN-MP,22.232408,77.123520,,India;Madhya Pradesh;Harda
7015,Khudel,IN-MP,22.713138,75.782221,,India;Madhya Pradesh;Indore
6993,Khujner,IN-MP,23.861158,76.732433,,India;Madhya Pradesh;Rajgarh
3444,Khurai,IN-MP,23.850043,78.759732,,India;Madhya Pradesh;Sagar
7396,Killod,IN-MP,21.935151,76.568398,,India;Madhya Pradesh;Khandwa (East Nimar)
3673,Kirnapur,IN-MP,21.880796,80.359833,,India;Madhya Pradesh;Balaghat
7034,Kolar,IN-MP,23.470159,77.390757,,India;Madhya Pradesh;Bhopal
3411,Kolaras,IN-MP,25.365539,77.805373,,India;Madhya Pradesh;Shivpuri
3467,Kotar,IN-MP,24.528700,80.830748,,India;Madhya Pradesh;Satna
3461,Kothi,IN-MP,24.528700,80.830748,,India;Madhya Pradesh;Satna
7007,Kothi Mahal,IN-MP,23.330883,75.669034,,India;Madhya Pradesh;Ujjain
3693,Kotma,IN-MP,23.056856,81.682706,,India;Madhya Pradesh;Anuppur
3536,Kukshi,IN-MP,22.497955,75.103968,,India;Madhya Pradesh;Dhar
3681,Kumbhraj,IN-MP,24.555940,77.198633,,India;Madhya Pradesh;Guna
3633,Kundam,IN-MP,23.234003,79.975911,,India;Madhya Pradesh;Jabalpur
3666,Kurai,IN-MP,22.316960,79.689162,,India;Madhya Pradesh;Seoni
3572,Kurwai,IN-MP,23.892313,77.813112,,India;Madhya Pradesh;Vidisha
3702,Kusmi,IN-MP,24.220619,81.834023,,India;Madhya Pradesh;Sidhi
3398,Lahar,IN-MP,26.421879,78.721245,,India;Madhya Pradesh;Bhind
3659,Lakhnadon,IN-MP,22.316960,79.689162,,India;Madhya Pradesh;Seoni
3671,Lalbarra,IN-MP,21.880796,80.359833,,India;Madhya Pradesh;Balaghat
7399,Lamta,IN-MP,21.880796,80.359833,,India;Madhya Pradesh;Balaghat
3676,Lanji,IN-MP,21.880796,80.359833,,India;Madhya Pradesh;Balaghat
3570,Lateri,IN-MP,23.892313,77.813112,,India;Madhya Pradesh;Vidisha
3425,Lavkush Nagar,IN-MP,24.798140,79.665843,,India;Madhya Pradesh;Chhatarpur
6536,Lidhora,IN-MP,24.883196,79.016107,,India;Madhya Pradesh;Tikamgarh
766,MAUGANJ,IN-MP,23.538142,78.289776,,India;Madhya Pradesh
6987,Mada,IN-MP,24.215913,82.419945,,India;Madhya Pradesh;Singrauli
7410,Madwas,IN-MP,24.220619,81.834023,,India;Madhya Pradesh;Sidhi
3428,Maharajpur,IN-MP,24.798140,79.665843,,India;Madhya Pradesh;Chhatarpur
3546,Maheshwar,IN-MP,21.918639,75.771495,,India;Madhya Pradesh;Khargone (West Nimar)
3510,Mahidpur,IN-MP,23.330883,75.669034,,India;Madhya Pradesh;Ujjain
784,Maihar,IN-MP,23.538142,78.289776,,India;Madhya Pradesh
3470,Maihar,IN-MP,23.538142,78.289776,,India;Madhya Pradesh;Maihar
3701,Majhauli,IN-MP,24.220619,81.834023,,India;Madhya Pradesh;Sidhi
3462,Majhgawan,IN-MP,24.528700,80.830748,,India;Madhya Pradesh;Satna
3628,Majholi,IN-MP,23.234003,79.975911,,India;Madhya Pradesh;Jabalpur
6995,Makdon,IN-MP,23.330883,75.669034,,India;Madhya Pradesh;Ujjain
3616,Makhan Nagar,IN-MP,22.590666,77.990687,,India;Madhya Pradesh;Narmadapuram
3680,Maksoodangarh,IN-MP,24.555940,77.198633,,India;Madhya Pradesh;Guna
7014,Malharganj,IN-MP,22.713138,75.782221,,India;Madhya Pradesh;Indore
3493,Malhargarh,IN-MP,24.204426,75.405140,,India;Madhya Pradesh;Mandsaur
3445,Malthon,IN-MP,23.850043,78.759732,,India;Madhya Pradesh;Sagar
3491,Manasa,IN-MP,24.590871,75.141734,,India;Madhya Pradesh;Neemuch
3538,Manawar,IN-MP,22.497955,75.103968,,India;Madhya Pradesh;Dhar
415,Mandla,IN-MP,22.639254,80.512199,,India;Madhya Pradesh
3643,Mandla,IN-MP,22.639254,80.512199,,India;Madhya Pradesh;Mandla
416,Mandsaur,IN-MP,24.204426,75.405140,,India;Madhya Pradesh
3496,Mandsaur,IN-MP,24.204426,75.405140,,India;Madhya Pradesh;Mandsaur
7005,Mandsaur Nagar,IN-MP,24.204426,75.405140,,India;Madhya Pradesh;Mandsaur
3474,Mangawan,IN-MP,24.755316,81.587224,,India;Madhya Pradesh;Rewa
3484,Manpur,IN-MP,23.562793,80.973190,,India;Madhya Pradesh;Umaria
7000,Mau,IN-MP,26.421879,78.721245,,India;Madhya Pradesh;Bhind
3477,Mauganj,IN-MP,23.538142,78.289776,,India;Madhya Pradesh;MAUGANJ
3708,Meghnagar,IN-MP,22.892390,74.671552,,India;Madhya Pradesh;Jhabua
3393,Mehgaon,IN-MP,26.421879,78.721245,,India;Madhya Pradesh;Bhind
3397,Mihona,IN-MP,26.421879,78.721245,,India;Madhya Pradesh;Bhind
3419,Mohangarh,IN-MP,24.883196,79.016107,,India;Madhya Pradesh;Tikamgarh
3655,Mohkhed,IN-MP,22.122543,78.854128,,India;Madhya Pradesh;Chhindwara
3521,Moman Badodiya,IN-MP,23.383975,76.559497,,India;Madhya Pradesh;Shajapur
7038,Morar,IN-MP,26.039596,78.146084,,India;Madhya Pradesh;Gwalior
417,Morena,IN-MP,26.413015,77.868115,,India;Madhya Pradesh
3387,Morena,IN-MP,26.413015,77.868115,,India;Madhya Pradesh;Morena
7047,Morena Nagar,IN-MP,26.413015,77.868115,,India;Madhya Pradesh;Morena
3604,Multai,IN-MP,21.878491,77.871242,,India;Madhya Pradesh;Betul
7411,Mundi,IN-MP,21.935151,76.568398,,India;Madhya Pradesh;Khandwa (East Nimar)
3688,Mungaoli,IN-MP,24.609385,77.875356,,India;Madhya Pradesh;Ashoknagar
3620,Murwara Or Katni,IN-MP,23.752838,80.401399,,India;Madhya Pradesh;Katni
3509,Nagda,IN-MP,23.330883,75.669034,,India;Madhya Pradesh;Ujjain
3464,Nagod,IN-MP,24.528700,80.830748,,India;Madhya Pradesh;Satna
6973,Nai Sarai,IN-MP,24.609385,77.875356,,India;Madhya Pradesh;Ashoknagar
3478,Naigarhi,IN-MP,23.538142,78.289776,,India;Madhya Pradesh;MAUGANJ
3646,Nainpur,IN-MP,22.639254,80.512199,,India;Madhya Pradesh;Mandla
3516,Nalkheda,IN-MP,23.826490,76.071034,,India;Madhya Pradesh;Agar-Malwa
3642,Narayanganj,IN-MP,22.639254,80.512199,,India;Madhya Pradesh;Mandla
409,Narmadapuram,IN-MP,22.590666,77.990687,,India;Madhya Pradesh
418,Narsimhapur,IN-MP,22.936237,79.087885,,India;Madhya Pradesh
3636,Narsimhapur,IN-MP,22.936237,79.087885,,India;Madhya Pradesh;Narsimhapur
3568,Narsinghgarh,IN-MP,23.861158,76.732433,,India;Madhya Pradesh;Rajgarh
3409,Narwar,IN-MP,25.365539,77.805373,,India;Madhya Pradesh;Shivpuri
3575,Nateran,IN-MP,23.892313,77.813112,,India;Madhya Pradesh;Vidisha
419,Neemuch,IN-MP,24.590871,75.141734,,India;Madhya Pradesh
3489,Neemuch,IN-MP,24.590871,75.141734,,India;Madhya Pradesh;Neemuch
7035,Neemuch Nagar,IN-MP,24.590871,75.141734,,India;Madhya Pradesh;Neemuch
3721,Nepanagar,IN-MP,21.370677,76.369160,,India;Madhya Pradesh;Burhanpur
3560,Niwali,IN-MP,21.788217,75.020879,,India;Madhya Pradesh;Barwani
722,Niwari,IN-MP,25.284792,78.748152,,India;Madhya Pradesh
3415,Niwari,IN-MP,25.284792,78.748152,,India;Madhya Pradesh;Niwari
3641,Niwas,IN-MP,22.639254,80.512199,,India;Madhya Pradesh;Mandla
3427,Nowgong,IN-MP,24.798140,79.665843,,India;Madhya Pradesh;Chhatarpur
3486,Nowrozabad,IN-MP,23.562793,80.973190,,India;Madhya Pradesh;Umaria
3416,Orchha,IN-MP,25.284792,78.748152,,India;Madhya Pradesh;Niwari
3569,Pachore,IN-MP,23.861158,76.732433,,India;Madhya Pradesh;Rajgarh
3420,Palera,IN-MP,24.883196,79.016107,,India;Madhya Pradesh;Tikamgarh
3485,Pali,IN-MP,23.562793,80.973190,,India;Madhya Pradesh;Umaria
3632,Panagar,IN-MP,23.234003,79.975911,,India;Madhya Pradesh;Jabalpur
3718,Pandhana,IN-MP,21.935151,76.568398,,India;Madhya Pradesh;Khandwa (East Nimar)
785,Pandhurna,IN-MP,23.538142,78.289776,,India;Madhya Pradesh
3658,Pandhurna,IN-MP,23.538142,78.289776,,India;Madhya Pradesh;Pandhurna
420,Panna,IN-MP,24.421056,80.189010,,India;Madhya Pradesh
3436,Panna,IN-MP,24.421056,80.189010,,India;Madhya Pradesh;Panna
3559,Pansemal,IN-MP,21.788217,75.020879,,India;Madhya Pradesh;Barwani
3652,Parasia,IN-MP,22.122543,78.854128,,India;Madhya Pradesh;Chhindwara
3675,Paraswada,IN-MP,21.880796,80.359833,,India;Madhya Pradesh;Balaghat
3629,Patan,IN-MP,23.234003,79.975911,,India;Madhya Pradesh;Jabalpur
3455,Patera,IN-MP,23.812319,79.526831,,India;Madhya Pradesh;Damoh
6971,Pathari,IN-MP,23.892313,77.813112,,India;Madhya Pradesh;Vidisha
3457,Patharia,IN-MP,23.812319,79.526831,,India;Madhya Pradesh;Damoh
3555,Pati,IN-MP,21.788217,75.020879,,India;Madhya Pradesh;Barwani
3440,Pawai,IN-MP,24.421056,80.189010,,India;Madhya Pradesh;Panna
3707,Petlawad,IN-MP,22.892390,74.671552,,India;Madhya Pradesh;Jhabua
7412,Pichhor,IN-MP,26.039596,78.146084,,India;Madhya Pradesh;Gwalior
3413,Pichhore,IN-MP,25.365539,77.805373,,India;Madhya Pradesh;Shivpuri
3618,Pipariya,IN-MP,22.590666,77.990687,,India;Madhya Pradesh;Narmadapuram
3500,Piploda,IN-MP,23.502339,75.088589,,India;Madhya Pradesh;Ratlam
7036,Piprai,IN-MP,24.609385,77.875356,,India;Madhya Pradesh;Ashoknagar
7042,Pithampur,IN-MP,22.497955,75.103968,,India;Madhya Pradesh;Dhar
3407,Pohri,IN-MP,25.365539,77.805373,,India;Madhya Pradesh;Shivpuri
6511,Polaykala,IN-MP,23.383975,76.559497,,India;Madhya Pradesh;Shajapur
3386,Porsa,IN-MP,26.413015,77.868115,,India;Madhya Pradesh;Morena
7568,Pounda,IN-MP,23.234003,79.975911,,India;Madhya Pradesh;Jabalpur
7022,Prabhatpttan,IN-MP,21.878491,77.871242,,India;Madhya Pradesh;Betul
3417,Prithvipur,IN-MP,25.284792,78.748152,,India;Madhya Pradesh;Niwari
3717,Punasa,IN-MP,21.935151,76.568398,,India;Madhya Pradesh;Khandwa (East Nimar)
3696,Pushparajgarh,IN-MP,23.056856,81.682706,,India;Madhya Pradesh;Anuppur
3679,Raghogarh,IN-MP,24.555940,77.198633,,India;Madhya Pradesh;Guna
7111,Raghurajnagar (Nagriya),IN-MP,24.528700,80.830748,,India;Madhya Pradesh;Satna
3448,Rahatgarh,IN-MP,23.850043,78.759732,,India;Madhya Pradesh;Sagar
3480,Raipur Karchuliyan,IN-MP,24.755316,81.587224,,India;Madhya Pradesh;Rewa
3442,Raipura,IN-MP,24.421056,80.189010,,India;Madhya Pradesh;Panna
421,Raisen,IN-MP,23.220061,78.120590,,India;Madhya Pradesh
3590,Raisen,IN-MP,23.220061,78.120590,,India;Madhya Pradesh;Raisen
422,Rajgarh,IN-MP,23.861158,76.732433,,India;Madhya Pradesh
3565,Rajgarh,IN-MP,23.861158,76.732433,,India;Madhya Pradesh;Rajgarh
3430,Rajnagar,IN-MP,24.798140,79.665843,,India;Madhya Pradesh;Chhatarpur
3558,Rajpur,IN-MP,21.788217,75.020879,,India;Madhya Pradesh;Barwani
7004,Rama,IN-MP,22.892390,74.671552,,India;Madhya Pradesh;Jhabua
3469,Ramnagar,IN-MP,23.538142,78.289776,,India;Madhya Pradesh;Maihar
3466,Rampur Baghelan,IN-MP,24.528700,80.830748,,India;Madhya Pradesh;Satna
3697,Rampur Naikin,IN-MP,24.220619,81.834023,,India;Madhya Pradesh;Sidhi
7032,Rampura,IN-MP,24.590871,75.141734,,India;Madhya Pradesh;Neemuch
3710,Ranapur,IN-MP,22.892390,74.671552,,India;Madhya Pradesh;Jhabua
7025,Ranjhi,IN-MP,23.234003,79.975911,,India;Madhya Pradesh;Jabalpur
6976,Rannod,IN-MP,25.365539,77.805373,,India;Madhya Pradesh;Shivpuri
3506,Raoti,IN-MP,23.502339,75.088589,,India;Madhya Pradesh;Ratlam
423,Ratlam,IN-MP,23.502339,75.088589,,India;Madhya Pradesh
3507,Ratlam,IN-MP,23.502339,75.088589,,India;Madhya Pradesh;Ratlam
7009,Ratlam Nagar,IN-MP,23.502339,75.088589,,India;Madhya Pradesh;Ratlam
7016,Rau,IN-MP,22.713138,75.782221,,India;Madhya Pradesh;Indore
3611,Rehatgaon,IN-MP,22.232408,77.123520,,India;Madhya Pradesh;Harda
3451,Rehli,IN-MP,23.850043,78.759732,,India;Madhya Pradesh;Sagar
3589,Rehti,IN-MP,22.987637,77.127430,,India;Madhya Pradesh;Sehore
424,Rewa,IN-MP,24.755316,81.587224,,India;Madhya Pradesh
3621,Rithi,IN-MP,23.752838,80.401399,,India;Madhya Pradesh;Katni
3396,Ron,IN-MP,26.421879,78.721245,,India;Madhya Pradesh;Bhind
3390,Sabalgarh,IN-MP,26.413015,77.868115,,India;Madhya Pradesh;Morena
425,Sagar,IN-MP,23.850043,78.759732,,India;Madhya Pradesh
3449,Sagar,IN-MP,23.850043,78.759732,,India;Madhya Pradesh;Sagar
7030,Sagar Nagar,IN-MP,23.850043,78.759732,,India;Madhya Pradesh;Sagar
7003,Saikheda,IN-MP,22.936237,79.087885,,India;Madhya Pradesh;Narsimhapur
3504,Sailana,IN-MP,23.502339,75.088589,,India;Madhya Pradesh;Ratlam
6997,Sanawad,IN-MP,21.918639,75.771495,,India;Madhya Pradesh;Khargone (West Nimar)
3542,Sanwer,IN-MP,22.713138,75.782221,,India;Madhya Pradesh;Indore
6986,Sarai,IN-MP,24.215913,82.419945,,India;Madhya Pradesh;Singrauli
3567,Sarangpur,IN-MP,23.861158,76.732433,,India;Madhya Pradesh;Rajgarh
3533,Sardarpur,IN-MP,22.497955,75.103968,,India;Madhya Pradesh;Dhar
7397,Satai,IN-MP,24.798140,79.665843,,India;Madhya Pradesh;Chhatarpur
426,Satna,IN-MP,24.528700,80.830748,,India;Madhya Pradesh
3528,Satwas,IN-MP,22.744198,76.456861,,India;Madhya Pradesh;Dewas
3656,Sausar,IN-MP,23.538142,78.289776,,India;Madhya Pradesh;Pandhurna
3548,Segaon,IN-MP,21.918639,75.771495,,India;Madhya Pradesh;Khargone (West Nimar)
427,Sehore,IN-MP,22.987637,77.127430,,India;Madhya Pradesh
3582,Sehore,IN-MP,22.987637,77.127430,,India;Madhya Pradesh;Sehore
7008,Sehore Nagar,IN-MP,22.987637,77.127430,,India;Madhya Pradesh;Sehore
3475,Semaria,IN-MP,24.755316,81.587224,,India;Madhya Pradesh;Rewa
3561,Sendhwa,IN-MP,21.788217,75.020879,,India;Madhya Pradesh;Barwani
3403,Seondha,IN-MP,25.801368,78.598029,,India;Madhya Pradesh;Datia
428,Seoni,IN-MP,22.316960,79.689162,,India;Madhya Pradesh
3664,Seoni,IN-MP,22.316960,79.689162,,India;Madhya Pradesh;Seoni
3612,Seoni Malwa,IN-MP,22.590666,77.990687,,India;Madhya Pradesh;Narmadapuram
7018,Seoni Nagar,IN-MP,22.316960,79.689162,,India;Madhya Pradesh;Seoni
3687,Shadhora,IN-MP,24.609385,77.875356,,India;Madhya Pradesh;Ashoknagar
429,Shahdol,IN-MP,23.629442,81.473493,,India;Madhya Pradesh
3447,Shahgarh,IN-MP,23.850043,78.759732,,India;Madhya Pradesh;Sagar
3441,Shahnagar,IN-MP,24.421056,80.189010,,India;Madhya Pradesh;Panna
3603,Shahpur,IN-MP,21.878491,77.871242,,India;Madhya Pradesh;Betul
3630,Shahpura,IN-MP,23.234003,79.975911,,India;Madhya Pradesh;Jabalpur
3639,Shahpura,IN-MP,22.889989,81.051289,,India;Madhya Pradesh;Dindori
430,Shajapur,IN-MP,23.383975,76.559497,,India;Madhya Pradesh
3519,Shajapur,IN-MP,23.383975,76.559497,,India;Madhya Pradesh;Shajapur
3495,Shamgarh,IN-MP,24.204426,75.405140,,India;Madhya Pradesh;Mandsaur
3576,Shamshabad,IN-MP,23.892313,77.813112,,India;Madhya Pradesh;Vidisha
431,Sheopur,IN-MP,25.754479,77.007246,,India;Madhya Pradesh
3382,Sheopur,IN-MP,25.754479,77.007246,,India;Madhya Pradesh;Sheopur
7565,Shivpur,IN-MP,22.590666,77.990687,,India;Madhya Pradesh;Narmadapuram
432,Shivpuri,IN-MP,25.365539,77.805373,,India;Madhya Pradesh
3408,Shivpuri,IN-MP,25.365539,77.805373,,India;Madhya Pradesh;Shivpuri
7044,Shivpuri Nagar,IN-MP,25.365539,77.805373,,India;Madhya Pradesh;Shivpuri
3522,Shujalpur,IN-MP,23.383975,76.559497,,India;Madhya Pradesh;Shajapur
3583,Shyampur,IN-MP,22.987637,77.127430,,India;Madhya Pradesh;Sehore
433,Sidhi,IN-MP,24.220619,81.834023,,India;Madhya Pradesh
3700,Sihawal,IN-MP,24.220619,81.834023,,India;Madhya Pradesh;Sidhi
3627,Sihora,IN-MP,23.234003,79.975911,,India;Madhya Pradesh;Jabalpur
3596,Silwani,IN-MP,23.220061,78.120590,,India;Madhya Pradesh;Raisen
6975,Simaria,IN-MP,24.421056,80.189010,,India;Madhya Pradesh;Panna
3488,Singoli,IN-MP,24.590871,75.141734,,India;Madhya Pradesh;Neemuch
638,Singrauli,IN-MP,24.215913,82.419945,,India;Madhya Pradesh
3705,Singrauli,IN-MP,24.215913,82.419945,,India;Madhya Pradesh;Singrauli
7040,Singrauli Nagar,IN-MP,24.215913,82.419945,,India;Madhya Pradesh;Singrauli
3607,Sirali,IN-MP,22.232408,77.123520,,India;Madhya Pradesh;Harda
3473,Sirmour,IN-MP,24.755316,81.587224,,India;Madhya Pradesh;Rewa
3571,Sironj,IN-MP,23.892313,77.813112,,India;Madhya Pradesh;Vidisha
3498,Sitamau,IN-MP,24.204426,75.405140,,India;Madhya Pradesh;Mandsaur
6977,Sleemnabad,IN-MP,23.752838,80.401399,,India;Madhya Pradesh;Katni
3617,Sohagpur,IN-MP,22.590666,77.990687,,India;Madhya Pradesh;Narmadapuram
3691,Sohagpur,IN-MP,23.629442,81.473493,,India;Madhya Pradesh;Shahdol
6981,Sondawa,IN-MP,22.314414,74.363886,,India;Madhya Pradesh;Alirajpur
3525,Sonkatch,IN-MP,22.744198,76.456861,,India;Madhya Pradesh;Dewas
7421,Soyatkala,IN-MP,23.826490,76.071034,,India;Madhya Pradesh;Agar-Malwa
7566,Sultan-Ganj,IN-MP,23.220061,78.120590,,India;Madhya Pradesh;Raisen
6532,Sultanpur,IN-MP,23.220061,78.120590,,India;Madhya Pradesh;Raisen
3515,Susner,IN-MP,23.826490,76.071034,,India;Madhya Pradesh;Agar-Malwa
6992,Suthaliya,IN-MP,23.861158,76.732433,,India;Madhya Pradesh;Rajgarh
3499,Suwasara,IN-MP,24.204426,75.405140,,India;Madhya Pradesh;Mandsaur
3503,Tal,IN-MP,23.502339,75.088589,,India;Madhya Pradesh;Ratlam
3647,Tamia,IN-MP,22.122543,78.854128,,India;Madhya Pradesh;Chhindwara
7037,Tansen,IN-MP,26.039596,78.146084,,India;Madhya Pradesh;Gwalior
3512,Tarana,IN-MP,23.330883,75.669034,,India;Madhya Pradesh;Ujjain
3638,Tendukheda,IN-MP,22.936237,79.087885,,India;Madhya Pradesh;Narsimhapur
3460,Tendukheda,IN-MP,23.812319,79.526831,,India;Madhya Pradesh;Damoh
3471,Teonthar,IN-MP,24.755316,81.587224,,India;Madhya Pradesh;Rewa
3706,Thandla,IN-MP,22.892390,74.671552,,India;Madhya Pradesh;Jhabua
3556,Thikri,IN-MP,21.788217,75.020879,,India;Madhya Pradesh;Barwani
434,Tikamgarh,IN-MP,24.883196,79.016107,,India;Madhya Pradesh
3423,Tikamgarh,IN-MP,24.883196,79.016107,,India;Madhya Pradesh;Tikamgarh
3610,Timarni,IN-MP,22.232408,77.123520,,India;Madhya Pradesh;Harda
3668,Tirodi,IN-MP,21.880796,80.359833,,India;Madhya Pradesh;Balaghat
3524,Tonk Khurd,IN-MP,22.744198,76.456861,,India;Madhya Pradesh;Dewas
3574,Tyonda,IN-MP,23.892313,77.813112,,India;Madhya Pradesh;Vidisha
3597,Udaipura,IN-MP,23.220061,78.120590,,India;Madhya Pradesh;Raisen
6535,Udaynagar,IN-MP,22.744198,76.456861,,India;Madhya Pradesh;Dewas
435,Ujjain,IN-MP,23.330883,75.669034,,India;Madhya Pradesh
3513,Ujjain,IN-MP,23.330883,75.669034,,India;Madhya Pradesh;Ujjain
7046,Ujjain Nagar,IN-MP,23.330883,75.669034,,India;Madhya Pradesh;Ujjain
436,Umaria,IN-MP,23.562793,80.973190,,India;Madhya Pradesh
3653,Umreth,IN-MP,22.122543,78.854128,,India;Madhya Pradesh;Chhindwara
3465,Unchehara,IN-MP,24.528700,80.830748,,India;Madhya Pradesh;Satna
7434,Unhel,IN-MP,23.330883,75.669034,,India;Madhya Pradesh;Ujjain
3562,Varla,IN-MP,21.788217,75.020879,,India;Madhya Pradesh;Barwani
437,Vidisha,IN-MP,23.892313,77.813112,,India;Madhya Pradesh
3579,Vidisha,IN-MP,23.892313,77.813112,,India;Madhya Pradesh;Vidisha
7017,Vidisha Nagar,IN-MP,23.892313,77.813112,,India;Madhya Pradesh;Vidisha
3380,Vijaypur,IN-MP,25.754479,77.007246,,India;Madhya Pradesh;Sheopur
3624,Vijayraghavgarh,IN-MP,23.752838,80.401399,,India;Madhya Pradesh;Katni
3669,Waraseoni,IN-MP,21.880796,80.359833,,India;Madhya Pradesh;Balaghat
1904,Aibawk,IN-MZ,23.848541,92.890177,,India;Mizoram;Aizawl
261,Aizawl,IN-MZ,23.848541,92.890177,,India;Mizoram
1900,Bilkhawthlir,IN-MZ,24.141417,92.720432,,India;Mizoram;Kolasib
1912,Bunghmun,IN-MZ,22.972505,92.720138,,India;Mizoram;Lunglei
1918,Bungtlang South,IN-MZ,22.432755,92.765933,,India;Mizoram;Lawngtlai
262,Champhai,IN-MZ,23.540546,93.231068,,India;Mizoram
1908,Champhai,IN-MZ,23.540546,93.231068,,India;Mizoram;Champhai
1916,Chawngte,IN-MZ,22.432755,92.765933,,India;Mizoram;Lawngtlai
1902,Darlawn,IN-MZ,23.848541,92.890177,,India;Mizoram;Aizawl
1911,East Lungdar,IN-MZ,23.308820,92.941508,,India;Mizoram;Serchhip
726,Hnahthial,IN-MZ,23.306959,92.831811,,India;Mizoram
1915,Hnahthial,IN-MZ,23.306959,92.831811,,India;Mizoram;Hnahthial
7342,Kawrtethawveng,IN-MZ,23.755528,92.463997,,India;Mizoram;Mamit
1909,Khawbung,IN-MZ,23.540546,93.231068,,India;Mizoram;Champhai
728,Khawzawl,IN-MZ,23.306959,92.831811,,India;Mizoram
1907,Khawzawl,IN-MZ,23.306959,92.831811,,India;Mizoram;Khawzawl
263,Kolasib,IN-MZ,24.141417,92.720432,,India;Mizoram
264,Lawngtlai,IN-MZ,22.432755,92.765933,,India;Mizoram
1917,Lawngtlai,IN-MZ,22.432755,92.765933,,India;Mizoram;Lawngtlai
265,Lunglei,IN-MZ,22.972505,92.720138,,India;Mizoram
1914,Lunglei,IN-MZ,22.972505,92.720138,,India;Mizoram;Lunglei
1913,Lungsen,IN-MZ,22.972505,92.720138,,India;Mizoram;Lunglei
266,Mamit,IN-MZ,23.755528,92.463997,,India;Mizoram
1906,Ngopa,IN-MZ,23.306959,92.831811,,India;Mizoram;Saitual
1903,Phullen,IN-MZ,23.306959,92.831811,,India;Mizoram;Saitual
1898,Reiek,IN-MZ,23.755528,92.463997,,India;Mizoram;Mamit
727,Saitual,IN-MZ,23.306959,92.831811,,India;Mizoram
1919,Sangau,IN-MZ,22.432755,92.765933,,India;Mizoram;Lawngtlai
268,Serchhip,IN-MZ,23.308820,92.941508,,India;Mizoram
1910,Serchhip,IN-MZ,23.308820,92.941508,,India;Mizoram;Serchhip
267,Siaha,IN-MZ,22.291740,93.001449,,India;Mizoram
1921,Siaha,IN-MZ,22.291740,93.001449,,India;Mizoram;Siaha
1899,Thingdawl,IN-MZ,24.141417,92.720432,,India;Mizoram;Kolasib
1905,Thingsulthliah,IN-MZ,23.848541,92.890177,,India;Mizoram;Aizawl
1920,Tipa,IN-MZ,22.291740,93.001449,,India;Mizoram;Siaha
7358,Tlabung,IN-MZ,22.972505,92.720138,,India;Mizoram;Lunglei
1901,Tlangnuam,IN-MZ,23.848541,92.890177,,India;Mizoram;Aizawl
1897,West Phaileng,IN-MZ,23.755528,92.463997,,India;Mizoram;Mamit
1896,Zawlnuam,IN-MZ,23.755528,92.463997,,India;Mizoram;Mamit
1750,Aboi,IN-NL,26.677812,95.016718,,India;Nagaland;Mon
1771,Aghunato,IN-NL,25.999722,94.483933,,India;Nagaland;Zunheboto
1781,Aitepyong,IN-NL,26.188371,94.191816,,India;Nagaland;Wokha
1774,Akuhaito,IN-NL,25.999722,94.483933,,India;Nagaland;Zunheboto
1768,Akuluto,IN-NL,25.999722,94.483933,,India;Nagaland;Zunheboto
1759,Alongkima,IN-NL,26.472284,94.528963,,India;Nagaland;Mokokchung
1836,Amahator,IN-NL,25.842745,94.821768,,India;Nagaland;Kiphire
1754,Angjangyang,IN-NL,26.677812,95.016718,,India;Nagaland;Mon
1793,Aquqhnaqua,IN-NL,26.062153,94.466308,,India;Nagaland;Niuland
1770,Asuto,IN-NL,25.999722,94.483933,,India;Nagaland;Zunheboto
1853,Athibung,IN-NL,25.508382,93.624084,,India;Nagaland;Peren
1773,Atoizu,IN-NL,25.999722,94.483933,,India;Nagaland;Zunheboto
1783,Baghty,IN-NL,26.188371,94.191816,,India;Nagaland;Wokha
1782,Bhandari,IN-NL,26.188371,94.191816,,India;Nagaland;Wokha
1846,Botsa,IN-NL,25.771761,94.108881,,India;Nagaland;Kohima
1780,Changpang,IN-NL,26.188371,94.191816,,India;Nagaland;Wokha
1761,Changtongya,IN-NL,26.472284,94.528963,,India;Nagaland;Mokokchung
1815,Chare,IN-NL,26.166672,94.887560,,India;Nagaland;Tuensang
1753,Chen,IN-NL,26.677812,95.016718,,India;Nagaland;Mon
1827,Chessore,IN-NL,26.062153,94.466308,,India;Nagaland;Shamator
1807,Chetheba,IN-NL,25.647194,94.534539,,India;Nagaland;Phek
1845,Chiephobozou,IN-NL,25.771761,94.108881,,India;Nagaland;Kohima
1822,Chingmei,IN-NL,26.166672,94.887560,,India;Nagaland;Tuensang
1812,Chizami,IN-NL,25.647194,94.534539,,India;Nagaland;Phek
1806,Chozuba,IN-NL,25.647194,94.534539,,India;Nagaland;Phek
1762,Chuchuyimlang,IN-NL,26.472284,94.528963,,India;Nagaland;Mokokchung
1791,Chukitong,IN-NL,26.188371,94.191816,,India;Nagaland;Wokha
758,Chumoukedima,IN-NL,26.062153,94.466308,,India;Nagaland
1797,Chumukedima,IN-NL,26.062153,94.466308,,India;Nagaland;Chumoukedima
5987,Chunlikha,IN-NL,26.062153,94.466308,,India;Nagaland;Tseminyu
1798,Dhansiripar,IN-NL,26.062153,94.466308,,India;Nagaland;Chumoukedima
244,Dimapur,IN-NL,25.781128,93.794081,,India;Nagaland
1796,Dimapur Sadar,IN-NL,25.781128,93.794081,,India;Nagaland;Dimapur
1790,Englan,IN-NL,26.188371,94.191816,,India;Nagaland;Wokha
1776,Ghathashi,IN-NL,25.999722,94.483933,,India;Nagaland;Zunheboto
1746,Hunta,IN-NL,26.677812,95.016718,,India;Nagaland;Mon
1848,Jakhama,IN-NL,25.771761,94.108881,,India;Nagaland;Kohima
1852,Jalukie,IN-NL,25.508382,93.624084,,India;Nagaland;Peren
1854,Kebai Khelma,IN-NL,25.508382,93.624084,,India;Nagaland;Peren
1847,Kezocha,IN-NL,25.771761,94.108881,,India;Nagaland;Kohima
1811,Khezhakeno,IN-NL,25.647194,94.534539,,India;Nagaland;Phek
1842,Khongsa,IN-NL,25.842745,94.821768,,India;Nagaland;Kiphire
1802,Khuza,IN-NL,25.647194,94.534539,,India;Nagaland;Phek
5991,Kikruma,IN-NL,25.647194,94.534539,,India;Nagaland;Phek
614,Kiphire,IN-NL,25.842745,94.821768,,India;Nagaland
1837,Kiphire Sadar,IN-NL,25.842745,94.821768,,India;Nagaland;Kiphire
1838,Kiusam,IN-NL,25.842745,94.821768,,India;Nagaland;Kiphire
245,Kohima,IN-NL,25.771761,94.108881,,India;Nagaland
1849,Kohima Sadar,IN-NL,25.771761,94.108881,,India;Nagaland;Kohima
1763,Kubolong,IN-NL,26.472284,94.528963,,India;Nagaland;Mokokchung
1794,Kuhoboto,IN-NL,26.062153,94.466308,,India;Nagaland;Niuland
1758,Longchem,IN-NL,26.472284,94.528963,,India;Nagaland;Mokokchung
1816,Longkhim,IN-NL,26.166672,94.887560,,India;Nagaland;Tuensang
615,Longleng,IN-NL,26.552081,94.795531,,India;Nagaland
1833,Longleng,IN-NL,26.552081,94.795531,,India;Nagaland;Longleng
1840,Longmatra,IN-NL,25.842745,94.821768,,India;Nagaland;Kiphire
1751,Longshen,IN-NL,26.677812,95.016718,,India;Nagaland;Mon
1786,Lotsu,IN-NL,26.188371,94.191816,,India;Nagaland;Wokha
1828,Mangko,IN-NL,26.062153,94.466308,,India;Nagaland;Shamator
1764,Mangkolemba,IN-NL,26.472284,94.528963,,India;Nagaland;Mokokchung
1799,Medziphema,IN-NL,26.062153,94.466308,,India;Nagaland;Chumoukedima
788,Meluri,IN-NL,26.062153,94.466308,,India;Nagaland
1803,Meluri,IN-NL,26.062153,94.466308,,India;Nagaland;Meluri
1765,Merangmen,IN-NL,26.472284,94.528963,,India;Nagaland;Mokokchung
246,Mokokchung,IN-NL,26.472284,94.528963,,India;Nagaland
247,Mon,IN-NL,26.677812,95.016718,,India;Nagaland
1748,Mon Sadar,IN-NL,26.677812,95.016718,,India;Nagaland;Mon
1757,Monyakshu,IN-NL,26.677812,95.016718,,India;Nagaland;Mon
1755,Mopong,IN-NL,26.677812,95.016718,,India;Nagaland;Mon
1744,Naginimora,IN-NL,26.677812,95.016718,,India;Nagaland;Mon
1831,Namsang,IN-NL,26.552081,94.795531,,India;Nagaland;Longleng
1818,Ngoungchung,IN-NL,26.166672,94.887560,,India;Nagaland;Tuensang
1795,Nihokhu,IN-NL,26.062153,94.466308,,India;Nagaland;Niuland
764,Niuland,IN-NL,26.062153,94.466308,,India;Nagaland
1792,Niuland,IN-NL,26.062153,94.466308,,India;Nagaland;Niuland
1823,Nokhu,IN-NL,26.062153,94.466308,,India;Nagaland;Noklak
736,Noklak,IN-NL,26.062153,94.466308,,India;Nagaland
1821,Noklak,IN-NL,26.062153,94.466308,,India;Nagaland;Noklak
1814,Noksen,IN-NL,26.166672,94.887560,,India;Nagaland;Tuensang
1855,Nsong,IN-NL,25.508382,93.624084,,India;Nagaland;Peren
1766,Ongpangkong,IN-NL,26.472284,94.528963,,India;Nagaland;Mokokchung
5989,Ongpangkong (N),IN-NL,26.472284,94.528963,,India;Nagaland;Mokokchung
1824,Panso,IN-NL,26.062153,94.466308,,India;Nagaland;Noklak
1851,Pedi (Ngwalwa),IN-NL,25.508382,93.624084,,India;Nagaland;Peren
613,Peren,IN-NL,25.508382,93.624084,,India;Nagaland
1857,Peren,IN-NL,25.508382,93.624084,,India;Nagaland;Peren
1809,Pfutsero,IN-NL,25.647194,94.534539,,India;Nagaland;Phek
248,Phek,IN-NL,25.647194,94.534539,,India;Nagaland
1801,Phek Sadar,IN-NL,25.647194,94.534539,,India;Nagaland;Phek
1805,Phokhungri,IN-NL,26.062153,94.466308,,India;Nagaland;Meluri
1752,Phomching,IN-NL,26.677812,95.016718,,India;Nagaland;Mon
1804,Phor,IN-NL,26.062153,94.466308,,India;Nagaland;Meluri
1775,Pughoboto,IN-NL,25.999722,94.483933,,India;Nagaland;Zunheboto
1841,Pungro,IN-NL,25.842745,94.821768,,India;Nagaland;Kiphire
1787,Ralan,IN-NL,26.188371,94.191816,,India;Nagaland;Wokha
1813,Razieba,IN-NL,25.647194,94.534539,,India;Nagaland;Phek
1808,Sakraba,IN-NL,25.647194,94.534539,,India;Nagaland;Phek
1834,Sakshi,IN-NL,26.552081,94.795531,,India;Nagaland;Longleng
1819,Sangsangnyu,IN-NL,26.166672,94.887560,,India;Nagaland;Tuensang
1785,Sanis,IN-NL,26.188371,94.191816,,India;Nagaland;Wokha
1778,Saptiqa,IN-NL,25.999722,94.483933,,India;Nagaland;Zunheboto
1777,Satakha,IN-NL,25.999722,94.483933,,India;Nagaland;Zunheboto
1779,Satoi,IN-NL,25.999722,94.483933,,India;Nagaland;Zunheboto
1850,Sechu-Zubza,IN-NL,25.771761,94.108881,,India;Nagaland;Kohima
1800,Sekruzu,IN-NL,25.647194,94.534539,,India;Nagaland;Phek
1835,Seyochung,IN-NL,25.842745,94.821768,,India;Nagaland;Kiphire
765,Shamator,IN-NL,26.062153,94.466308,,India;Nagaland
1825,Shamator,IN-NL,26.062153,94.466308,,India;Nagaland;Shamator
1747,Shangnyu,IN-NL,26.677812,95.016718,,India;Nagaland;Mon
1839,Sitimi,IN-NL,25.842745,94.821768,,India;Nagaland;Kiphire
1820,Sotokur,IN-NL,26.062153,94.466308,,India;Nagaland;Shamator
1784,Sungro,IN-NL,26.188371,94.191816,,India;Nagaland;Wokha
1769,Suruhuto,IN-NL,25.999722,94.483933,,India;Nagaland;Zunheboto
1830,Tamlu,IN-NL,26.552081,94.795531,,India;Nagaland;Longleng
1856,Tening,IN-NL,25.508382,93.624084,,India;Nagaland;Peren
1829,Thonoknyu,IN-NL,26.062153,94.466308,,India;Nagaland;Noklak
1745,Tizit,IN-NL,26.677812,95.016718,,India;Nagaland;Mon
1756,Tobu,IN-NL,26.677812,95.016718,,India;Nagaland;Mon
5988,Tokiye,IN-NL,25.999722,94.483933,,India;Nagaland;Zunheboto
757,Tseminyu,IN-NL,26.062153,94.466308,,India;Nagaland
1843,Tseminyu,IN-NL,26.062153,94.466308,,India;Nagaland;Tseminyu
1844,Tsogin,IN-NL,26.062153,94.466308,,India;Nagaland;Tseminyu
5990,Tsurangkong,IN-NL,26.472284,94.528963,,India;Nagaland;Mokokchung
1826,Tsurungto,IN-NL,26.062153,94.466308,,India;Nagaland;Shamator
249,Tuensang,IN-NL,26.166672,94.887560,,India;Nagaland
1817,Tuensang Sadar,IN-NL,26.166672,94.887560,,India;Nagaland;Tuensang
1760,Tuli,IN-NL,26.472284,94.528963,,India;Nagaland;Mokokchung
1767,V.K.,IN-NL,25.999722,94.483933,,India;Nagaland;Zunheboto
1749,Wakching,IN-NL,26.677812,95.016718,,India;Nagaland;Mon
5992,Weziho,IN-NL,26.062153,94.466308,,India;Nagaland;Meluri
250,Wokha,IN-NL,26.188371,94.191816,,India;Nagaland
1789,Wokha Sadar,IN-NL,26.188371,94.191816,,India;Nagaland;Wokha
1788,Wozhuro,IN-NL,26.188371,94.191816,,India;Nagaland;Wokha
1832,Yongnyah,IN-NL,26.552081,94.795531,,India;Nagaland;Longleng
1810,Zuketsa,IN-NL,25.647194,94.534539,,India;Nagaland;Phek
251,Zunheboto,IN-NL,25.999722,94.483933,,India;Nagaland
1772,Zunheboto Sadar,IN-NL,25.999722,94.483933,,India;Nagaland;Zunheboto
2925,Aali,IN-OR,20.552578,86.609881,,India;Odisha;Kendrapada
7452,Agalpur,IN-OR,20.589427,83.171651,,India;Odisha;Balangir
2768,Ambabhona,IN-OR,21.219614,83.349141,,India;Odisha;Baragada
2854,Anandapur,IN-OR,21.537820,85.702386,,India;Odisha;Kendujhar
344,Anugola,IN-OR,20.986355,84.905206,,India;Odisha
3011,Anugola,IN-OR,20.986355,84.905206,,India;Odisha;Anugola
3078,Asika,IN-OR,19.624456,84.672465,,India;Odisha;Ganjam
3060,Astaranga,IN-OR,19.879081,85.725732,,India;Odisha;Puri
2950,Athagada,IN-OR,20.453340,85.696462,,India;Odisha;Kataka
3017,Athmallik,IN-OR,20.986355,84.905206,,India;Odisha;Anugola
2769,Attabira,IN-OR,21.219614,83.349141,,India;Odisha;Baragada
2946,Badamba,IN-OR,20.453340,85.696462,,India;Odisha;Kataka
2882,Badasahi,IN-OR,21.895372,86.408568,,India;Odisha;Mayurbhanj
2859,Bahalda,IN-OR,21.895372,86.408568,,India;Odisha;Mayurbhanj
7500,Bahanaga,IN-OR,21.494441,86.906311,,India;Odisha;Baleshwar
345,Balangir,IN-OR,20.589427,83.171651,,India;Odisha
3142,Balangir,IN-OR,20.589427,83.171651,,India;Odisha;Balangir
346,Baleshwar,IN-OR,21.494441,86.906311,,India;Odisha
7510,Baleshwar,IN-OR,21.494441,86.906311,,India;Odisha;Baleshwar
3042,Balianta,IN-OR,20.091062,85.514274,,India;Odisha;Khordha
2893,Baliapal,IN-OR,21.494441,86.906311,,India;Odisha;Baleshwar
3119,Baliguda,IN-OR,20.128180,84.045937,,India;Odisha;Kandhamala
2943,Balikuda,IN-OR,20.218649,86.335211,,India;Odisha;Jagatsinghapur
3043,Balipatna,IN-OR,20.091062,85.514274,,India;Odisha;Khordha
7468,Balisankara,IN-OR,22.079904,84.533191,,India;Odisha;Sundaragada
7461,Bamara,IN-OR,21.452534,84.273391,,India;Odisha;Sambalpur
3054,Banapur,IN-OR,20.091062,85.514274,,India;Odisha;Khordha
3010,Banarpal,IN-OR,20.986355,84.905206,,India;Odisha;Anugola
3205,Bandhugaon,IN-OR,18.812874,82.719717,,India;Odisha;Koraput
2830,Banei,IN-OR,22.079904,84.533191,,India;Odisha;Sundaragada
2875,Bangiriposi,IN-OR,21.895372,86.408568,,India;Odisha;Mayurbhanj
3150,Bangomunda,IN-OR,20.589427,83.171651,,India;Odisha;Balangir
2948,Banki,IN-OR,20.453340,85.696462,,India;Odisha;Kataka
7493,Banspal,IN-OR,21.537820,85.702386,,India;Odisha;Kendujhar
2911,Banta,IN-OR,20.983044,86.625018,,India;Odisha;Bhadrak
347,Baragada,IN-OR,21.219614,83.349141,,India;Odisha
2765,Baragada,IN-OR,21.219614,83.349141,,India;Odisha;Baragada
2812,Baragaon,IN-OR,22.079904,84.533191,,India;Odisha;Sundaragada
2951,Barang,IN-OR,20.453340,85.696462,,India;Odisha;Kataka
2834,Barbil,IN-OR,21.537820,85.702386,,India;Odisha;Kendujhar
2985,Bari,IN-OR,20.856145,86.149442,,India;Odisha;Jajpur
2872,Baripada,IN-OR,21.895372,86.408568,,India;Odisha;Mayurbhanj
2801,Barkot,IN-OR,21.467033,84.785302,,India;Odisha;Debagada
2763,Barpali,IN-OR,21.219614,83.349141,,India;Odisha;Baragada
2895,Basta,IN-OR,21.494441,86.906311,,India;Odisha;Baleshwar
2915,Basudevpur,IN-OR,20.983044,86.625018,,India;Odisha;Bhadrak
3035,Begunia,IN-OR,20.091062,85.514274,,India;Odisha;Khordha
7489,Bellaguntha,IN-OR,19.624456,84.672465,,India;Odisha;Ganjam
3147,Belpara,IN-OR,20.589427,83.171651,,India;Odisha;Balangir
3093,Berhampur,IN-OR,19.624456,84.672465,,India;Odisha;Ganjam
2881,Betnoti,IN-OR,21.895372,86.408568,,India;Odisha;Mayurbhanj
348,Bhadrak,IN-OR,20.983044,86.625018,,India;Odisha
2914,Bhadrak,IN-OR,20.983044,86.625018,,India;Odisha;Bhadrak
2912,Bhandari Pokhari,IN-OR,20.983044,86.625018,,India;Odisha;Bhadrak
7482,Bhapur,IN-OR,20.213177,84.997802,,India;Odisha;Nayagada
2767,Bhatli,IN-OR,21.219614,83.349141,,India;Odisha;Baragada
2764,Bheden,IN-OR,21.219614,83.349141,,India;Odisha;Baragada
2891,Bhograi,IN-OR,21.494441,86.906311,,India;Odisha;Baleshwar
2990,Bhuban,IN-OR,20.826874,85.523896,,India;Odisha;Dhenkanal
7498,Bhubaneswar,IN-OR,20.091062,85.514274,,India;Odisha;Khordha
7476,Bijatala,IN-OR,21.895372,86.408568,,India;Odisha;Mayurbhanj
2762,Bijepur,IN-OR,21.219614,83.349141,,India;Odisha;Baragada
3135,Binika,IN-OR,20.930816,83.822370,,India;Odisha;Subarnapur
2984,Binjharpur,IN-OR,20.856145,86.149442,,India;Odisha;Jajpur
3137,Biramaharajpur,IN-OR,20.930816,83.822370,,India;Odisha;Subarnapur
2816,Biramitrapur,IN-OR,22.079904,84.533191,,India;Odisha;Sundaragada
2941,Biridi,IN-OR,20.218649,86.335211,,India;Odisha;Jagatsinghapur
3175,Bishamakatak,IN-OR,19.363492,83.512441,,India;Odisha;Rayagada
2864,Bisoi,IN-OR,21.895372,86.408568,,India;Odisha;Mayurbhanj
2818,Bisra,IN-OR,22.079904,84.533191,,India;Odisha;Sundaragada
3157,Boden,IN-OR,20.466045,82.576879,,India;Odisha;Nuapada
3211,Boipariguda,IN-OR,18.812874,82.719717,,India;Odisha;Koraput
3034,Bolagad,IN-OR,20.091062,85.514274,,India;Odisha;Khordha
3200,Boriguma,IN-OR,18.812874,82.719717,,India;Odisha;Koraput
349,Boudh,IN-OR,20.644444,84.172873,,India;Odisha
3130,Boudh,IN-OR,20.644444,84.172873,,India;Odisha;Boudh
3067,Brahmagiri,IN-OR,19.879081,85.725732,,India;Odisha;Puri
3072,Buguda,IN-OR,19.624456,84.672465,,India;Odisha;Ganjam
3116,Chakapada,IN-OR,20.128180,84.045937,,India;Odisha;Kandhamala
2839,Champua,IN-OR,21.537820,85.702386,,India;Odisha;Kendujhar
3190,Chandahandi,IN-OR,19.576483,82.334523,,India;Odisha;Nabarangpur
2919,Chandbali,IN-OR,20.983044,86.625018,,India;Odisha;Bhadrak
3174,Chandrapur,IN-OR,19.363492,83.512441,,India;Odisha;Rayagada
3085,Chhatrapur,IN-OR,19.624456,84.672465,,India;Odisha;Ganjam
3014,Chhendipada,IN-OR,20.986355,84.905206,,India;Odisha;Anugola
7487,Chikiti,IN-OR,19.624456,84.672465,,India;Odisha;Ganjam
7497,Chilika,IN-OR,20.091062,85.514274,,India;Odisha;Khordha
3223,Chitrakonda,IN-OR,18.257715,81.950493,,India;Odisha;Malkangiri
2962,Cuttack,IN-OR,20.453340,85.696462,,India;Odisha;Kataka
3192,Dabugan,IN-OR,19.576483,82.334523,,India;Odisha;Nabarangpur
7475,Dangadi,IN-OR,20.856145,86.149442,,India;Odisha;Jajpur
3125,Daringbadi,IN-OR,20.128180,84.045937,,India;Odisha;Kandhamala
7474,Darpan,IN-OR,20.856145,86.149442,,India;Odisha;Jajpur
3202,Dasamantapur,IN-OR,18.812874,82.719717,,India;Odisha;Koraput
3023,Dasapalla,IN-OR,20.213177,84.997802,,India;Odisha;Nayagada
7473,Dasarathpur,IN-OR,20.856145,86.149442,,India;Odisha;Jajpur
351,Debagada,IN-OR,21.467033,84.785302,,India;Odisha
2800,Debagarh,IN-OR,21.467033,84.785302,,India;Odisha;Debagada
3056,Delanga,IN-OR,19.879081,85.725732,,India;Odisha;Puri
7453,Deogaon,IN-OR,20.589427,83.171651,,India;Odisha;Balangir
2930,Derabish,IN-OR,20.552578,86.609881,,India;Odisha;Kendrapada
2913,Dhamnagar,IN-OR,20.983044,86.625018,,India;Odisha;Bhadrak
3079,Dharakote,IN-OR,19.624456,84.672465,,India;Odisha;Ganjam
3168,Dharamgarh,IN-OR,19.867583,83.107938,,India;Odisha;Kalahandi
2979,Dharmasala,IN-OR,20.856145,86.149442,,India;Odisha;Jajpur
352,Dhenkanal,IN-OR,20.826874,85.523896,,India;Odisha
2999,Dhenkanal Sadar,IN-OR,20.826874,85.523896,,India;Odisha;Dhenkanal
3096,Digapahandi,IN-OR,19.624456,84.672465,,India;Odisha;Ganjam
7501,Dompada,IN-OR,20.453340,85.696462,,India;Odisha;Kataka
2938,Ersama,IN-OR,20.218649,86.335211,,India;Odisha;Jagatsinghapur
3114,G.Udayagiri,IN-OR,20.128180,84.045937,,India;Odisha;Kandhamala
2759,Gaisilet,IN-OR,21.219614,83.349141,,India;Odisha;Baragada
353,Gajapati,IN-OR,19.184171,84.161163,,India;Odisha
2991,Gandia,IN-OR,20.826874,85.523896,,India;Odisha;Dhenkanal
3022,Gania,IN-OR,20.213177,84.997802,,India;Odisha;Nayagada
354,Ganjam,IN-OR,19.624456,84.672465,,India;Odisha
3086,Ganjam,IN-OR,19.624456,84.672465,,India;Odisha;Ganjam
7499,Garadpur,IN-OR,20.552578,86.609881,,India;Odisha;Kendrapada
2853,Ghasipura,IN-OR,21.537820,85.702386,,India;Odisha;Kendujhar
2850,Ghatgaon,IN-OR,21.537820,85.702386,,India;Odisha;Kendujhar
7490,Ghumusar,IN-OR,19.624456,84.672465,,India;Odisha;Ganjam
3167,Golamunda,IN-OR,19.867583,83.107938,,India;Odisha;Kalahandi
3062,Gop,IN-OR,19.879081,85.725732,,India;Odisha;Puri
7480,Gopabandhunagar,IN-OR,21.895372,86.408568,,India;Odisha;Mayurbhanj
3184,Gudari,IN-OR,19.363492,83.512441,,India;Odisha;Rayagada
7505,Gumma,IN-OR,19.184171,84.161163,,India;Odisha;Gajapati
3183,Gunupur,IN-OR,19.363492,83.512441,,India;Odisha;Rayagada
2828,Gurundia,IN-OR,22.079904,84.533191,,India;Odisha;Sundaragada
3132,Harabhanga,IN-OR,20.644444,84.172873,,India;Odisha;Boudh
2851,Harichandanpur,IN-OR,21.537820,85.702386,,India;Odisha;Kendujhar
7494,Hatadihi,IN-OR,21.537820,85.702386,,India;Odisha;Kendujhar
2804,Hemgir,IN-OR,22.079904,84.533191,,India;Odisha;Sundaragada
2997,Hindol,IN-OR,20.826874,85.523896,,India;Odisha;Dhenkanal
3090,Hinjili,IN-OR,19.624456,84.672465,,India;Odisha;Ganjam
3073,Jagannath Prasad,IN-OR,19.624456,84.672465,,India;Odisha;Ganjam
355,Jagatsinghapur,IN-OR,20.218649,86.335211,,India;Odisha
2940,Jagatsinghapur,IN-OR,20.218649,86.335211,,India;Odisha;Jagatsinghapur
356,Jajpur,IN-OR,20.856145,86.149442,,India;Odisha
2977,Jajpur,IN-OR,20.856145,86.149442,,India;Odisha;Jajpur
2890,Jaleswar,IN-OR,21.494441,86.906311,,India;Odisha;Baleshwar
2792,Jamankira,IN-OR,21.452534,84.273391,,India;Odisha;Sambalpur
2860,Jamda,IN-OR,21.895372,86.408568,,India;Odisha;Mayurbhanj
2867,Jashipur,IN-OR,21.895372,86.408568,,India;Odisha;Mayurbhanj
3049,Jatani,IN-OR,20.091062,85.514274,,India;Odisha;Khordha
3170,Jayapatna,IN-OR,19.867583,83.107938,,India;Odisha;Kalahandi
3209,Jeypore,IN-OR,18.812874,82.719717,,India;Odisha;Koraput
2756,Jharbandh,IN-OR,21.219614,83.349141,,India;Odisha;Baragada
3191,Jharigan,IN-OR,19.576483,82.334523,,India;Odisha;Nabarangpur
357,Jharsuguda,IN-OR,21.807224,83.946640,,India;Odisha
2776,Jharsuguda,IN-OR,21.807224,83.946640,,India;Odisha;Jharsuguda
2840,Jhumpura,IN-OR,21.537820,85.702386,,India;Odisha;Kendujhar
2794,Jujomura,IN-OR,21.452534,84.273391,,India;Odisha;Sambalpur
3166,Junagarh,IN-OR,19.867583,83.107938,,India;Odisha;Kalahandi
7496,K. Nuagaon,IN-OR,20.128180,84.045937,,India;Odisha;Kandhamala
3080,Kabisuryanagar,IN-OR,19.624456,84.672465,,India;Odisha;Ganjam
3059,Kakatpur,IN-OR,19.879081,85.725732,,India;Odisha;Puri
358,Kalahandi,IN-OR,19.867583,83.107938,,India;Odisha
7507,Kalahandi,IN-OR,19.867583,83.107938,,India;Odisha;Kalahandi
7508,Kalampur,IN-OR,19.867583,83.107938,,India;Odisha;Kalahandi
3227,Kalimela,IN-OR,18.257715,81.950493,,India;Odisha;Malkangiri
3176,Kalyanasingpur,IN-OR,19.363492,83.512441,,India;Odisha;Rayagada
2988,Kamakshyanagar,IN-OR,20.826874,85.523896,,India;Odisha;Dhenkanal
7466,Kanas,IN-OR,19.879081,85.725732,,India;Odisha;Puri
7495,Kandhamal,IN-OR,20.128180,84.045937,,India;Odisha;Kandhamala
359,Kandhamala,IN-OR,20.128180,84.045937,,India;Odisha
3003,Kaniha,IN-OR,20.986355,84.905206,,India;Odisha;Anugola
7486,Kanisi,IN-OR,19.624456,84.672465,,India;Odisha;Ganjam
2989,Kankadahad,IN-OR,20.826874,85.523896,,India;Odisha;Dhenkanal
3149,Kantabanji,IN-OR,20.589427,83.171651,,India;Odisha;Balangir
3127,Kantamal,IN-OR,20.644444,84.172873,,India;Odisha;Boudh
7502,Kantapada,IN-OR,20.453340,85.696462,,India;Odisha;Kataka
2885,Kaptipada,IN-OR,21.895372,86.408568,,India;Odisha;Mayurbhanj
2870,Karanjia,IN-OR,21.895372,86.408568,,India;Odisha;Mayurbhanj
7509,Karlamunda,IN-OR,19.867583,83.107938,,India;Odisha;Kalahandi
3177,Kashipur,IN-OR,19.363492,83.512441,,India;Odisha;Rayagada
3104,Kasinagar,IN-OR,19.184171,84.161163,,India;Odisha;Gajapati
350,Kataka,IN-OR,20.453340,85.696462,,India;Odisha
360,Kendrapada,IN-OR,20.552578,86.609881,,India;Odisha
2927,Kendrapara,IN-OR,20.552578,86.609881,,India;Odisha;Kendrapada
361,Kendujhar,IN-OR,21.537820,85.702386,,India;Odisha
7492,Keonjhar,IN-OR,21.537820,85.702386,,India;Odisha;Kendujhar
3159,Kesinga,IN-OR,19.867583,83.107938,,India;Odisha;Kalahandi
2906,Khaira,IN-OR,21.494441,86.906311,,India;Odisha;Baleshwar
7469,Khairput,IN-OR,18.257715,81.950493,,India;Odisha;Malkangiri
3113,Khajuripada,IN-OR,20.128180,84.045937,,India;Odisha;Kandhamala
7485,Khallikote,IN-OR,19.624456,84.672465,,India;Odisha;Ganjam
3026,Khandapada,IN-OR,20.213177,84.997802,,India;Odisha;Nayagada
3145,Khaprakhol,IN-OR,20.589427,83.171651,,India;Odisha;Balangir
3156,Khariar,IN-OR,20.466045,82.576879,,India;Odisha;Nuapada
362,Khordha,IN-OR,20.091062,85.514274,,India;Odisha
3036,Khordha,IN-OR,20.091062,85.514274,,India;Odisha;Khordha
2883,Khunta,IN-OR,21.895372,86.408568,,India;Odisha;Mayurbhanj
7506,Kirmira,IN-OR,21.807224,83.946640,,India;Odisha;Jharsuguda
2960,Kishannagar,IN-OR,20.453340,85.696462,,India;Odisha;Kataka
3016,Kishorenagar,IN-OR,20.986355,84.905206,,India;Odisha;Anugola
2782,Kochinda,IN-OR,21.452534,84.273391,,India;Odisha;Sambalpur
3082,Kodala,IN-OR,19.624456,84.672465,,India;Odisha;Ganjam
3194,Kodinga,IN-OR,19.576483,82.334523,,India;Odisha;Nabarangpur
2826,Koida,IN-OR,22.079904,84.533191,,India;Odisha;Sundaragada
3169,Kokasara,IN-OR,19.867583,83.107938,,India;Odisha;Kalahandi
2779,Kolabira,IN-OR,21.807224,83.946640,,India;Odisha;Jharsuguda
7512,Kolnara,IN-OR,19.363492,83.512441,,India;Odisha;Rayagada
3155,Komna,IN-OR,20.466045,82.576879,,India;Odisha;Nuapada
363,Koraput,IN-OR,18.812874,82.719717,,India;Odisha
3207,Koraput,IN-OR,18.812874,82.719717,,India;Odisha;Koraput
3123,Kotagarh,IN-OR,20.128180,84.045937,,India;Odisha;Kandhamala
3199,Kotpad,IN-OR,18.812874,82.719717,,India;Odisha;Koraput
3069,Krushna Prasad,IN-OR,19.879081,85.725732,,India;Odisha;Puri
7470,Kudumuluguma,IN-OR,18.257715,81.950493,,India;Odisha;Malkangiri
2936,Kujang,IN-OR,20.218649,86.335211,,India;Odisha;Jagatsinghapur
7484,Kukudakhandi,IN-OR,19.624456,84.672465,,India;Odisha;Ganjam
7458,Kuliana,IN-OR,21.895372,86.408568,,India;Odisha;Mayurbhanj
3210,Kundura,IN-OR,18.812874,82.719717,,India;Odisha;Koraput
7478,Kusumi,IN-OR,21.895372,86.408568,,India;Odisha;Mayurbhanj
2813,Kutra,IN-OR,22.079904,84.533191,,India;Odisha;Sundaragada
2827,Lahunipara,IN-OR,22.079904,84.533191,,India;Odisha;Sundaragada
2778,Laikera,IN-OR,21.807224,83.946640,,India;Odisha;Jharsuguda
2771,Lakhanpur,IN-OR,21.807224,83.946640,,India;Odisha;Jharsuguda
3203,Lakshmipur,IN-OR,18.812874,82.719717,,India;Odisha;Koraput
3162,Lanjigarh,IN-OR,19.867583,83.107938,,India;Odisha;Kalahandi
2823,Lathikata,IN-OR,22.079904,84.533191,,India;Odisha;Sundaragada
2805,Lephripara,IN-OR,22.079904,84.533191,,India;Odisha;Sundaragada
3141,Loisinga,IN-OR,20.589427,83.171651,,India;Odisha;Balangir
3212,Machh Kund,IN-OR,18.812874,82.719717,,India;Odisha;Koraput
3160,Madanpur Rampur,IN-OR,19.867583,83.107938,,India;Odisha;Kalahandi
2933,Mahakalapada,IN-OR,20.552578,86.609881,,India;Odisha;Kendrapada
2956,Mahanga,IN-OR,20.453340,85.696462,,India;Odisha;Kataka
364,Malkangiri,IN-OR,18.257715,81.950493,,India;Odisha
3220,Malkangiri,IN-OR,18.257715,81.950493,,India;Odisha;Malkangiri
7465,Maneswar,IN-OR,21.452534,84.273391,,India;Odisha;Sambalpur
2932,Marsaghai,IN-OR,20.552578,86.609881,,India;Odisha;Kendrapada
3221,Mathili,IN-OR,18.257715,81.950493,,India;Odisha;Malkangiri
365,Mayurbhanj,IN-OR,21.895372,86.408568,,India;Odisha
3101,Mohana,IN-OR,19.184171,84.161163,,India;Odisha;Gajapati
2878,Morada,IN-OR,21.895372,86.408568,,India;Odisha;Mayurbhanj
3230,Motu,IN-OR,18.257715,81.950493,,India;Odisha;Malkangiri
3173,Muniguda,IN-OR,19.363492,83.512441,,India;Odisha;Rayagada
7454,Muribahal,IN-OR,20.589427,83.171651,,India;Odisha;Balangir
3196,Nabarangapur P.S,IN-OR,19.576483,82.334523,,India;Odisha;Nabarangpur
366,Nabarangpur,IN-OR,19.576483,82.334523,,India;Odisha
2798,Naktideul,IN-OR,21.452534,84.273391,,India;Odisha;Sambalpur
7481,Nandahandi,IN-OR,19.576483,82.334523,,India;Odisha;Nabarangpur
3214,Nandapur,IN-OR,18.812874,82.719717,,India;Odisha;Koraput
3161,Narala,IN-OR,19.867583,83.107938,,India;Odisha;Kalahandi
3204,Narayanpatana,IN-OR,18.812874,82.719717,,India;Odisha;Koraput
2944,Narsinghpur,IN-OR,20.453340,85.696462,,India;Odisha;Kataka
2942,Naugaon,IN-OR,20.218649,86.335211,,India;Odisha;Jagatsinghapur
367,Nayagada,IN-OR,20.213177,84.997802,,India;Odisha
3028,Nayagarh,IN-OR,20.213177,84.997802,,India;Odisha;Nayagada
2967,Niali,IN-OR,20.453340,85.696462,,India;Odisha;Kataka
2903,Nilagiri,IN-OR,21.494441,86.906311,,India;Odisha;Baleshwar
3058,Nimapada,IN-OR,19.879081,85.725732,,India;Odisha;Puri
2958,Nischintakoili,IN-OR,20.453340,85.696462,,India;Odisha;Kataka
7504,Nuagad,IN-OR,19.184171,84.161163,,India;Odisha;Gajapati
3025,Nuagaon,IN-OR,20.213177,84.997802,,India;Odisha;Nayagada
368,Nuapada,IN-OR,20.466045,82.576879,,India;Odisha
3154,Nuapada,IN-OR,20.466045,82.576879,,India;Odisha;Nuapada
3031,Odagaon,IN-OR,20.213177,84.997802,,India;Odisha;Nayagada
7503,Odapada,IN-OR,20.826874,85.523896,,India;Odisha;Dhenkanal
2905,Oupada,IN-OR,21.494441,86.906311,,India;Odisha;Baleshwar
2757,Padampur,IN-OR,21.219614,83.349141,,India;Odisha;Baragada
3185,Padmapur,IN-OR,19.363492,83.512441,,India;Odisha;Rayagada
2755,Paikmal,IN-OR,21.219614,83.349141,,India;Odisha;Baragada
3000,Palalahada,IN-OR,20.986355,84.905206,,India;Odisha;Anugola
7463,Panposh,IN-OR,22.079904,84.533191,,India;Odisha;Sundaragada
3193,Paparahandi,IN-OR,19.576483,82.334523,,India;Odisha;Nabarangpur
2987,Parajang,IN-OR,20.826874,85.523896,,India;Odisha;Dhenkanal
3105,Paralakhemundi,IN-OR,19.184171,84.161163,,India;Odisha;Gajapati
2843,Patana,IN-OR,21.537820,85.702386,,India;Odisha;Kendujhar
3144,Patnagarh,IN-OR,20.589427,83.171651,,India;Odisha;Balangir
7483,Patrapur,IN-OR,19.624456,84.672465,,India;Odisha;Ganjam
2926,Pattamundai,IN-OR,20.552578,86.609881,,India;Odisha;Kendrapada
3118,Phiringia,IN-OR,20.128180,84.045937,,India;Odisha;Kandhamala
3057,Pipili,IN-OR,19.879081,85.725732,,India;Odisha;Puri
3081,Polasara,IN-OR,19.624456,84.672465,,India;Odisha;Ganjam
3218,Pottangi,IN-OR,18.812874,82.719717,,India;Odisha;Koraput
7455,Puintala,IN-OR,20.589427,83.171651,,India;Odisha;Balangir
369,Puri,IN-OR,19.879081,85.725732,,India;Odisha
7467,Puri,IN-OR,19.879081,85.725732,,India;Odisha;Puri
3089,Purushottampur,IN-OR,19.624456,84.672465,,India;Odisha;Ganjam
3102,R.Udayagiri,IN-OR,19.184171,84.161163,,India;Odisha;Gajapati
7513,Raghunathapur,IN-OR,20.218649,86.335211,,India;Odisha;Jagatsinghapur
3187,Raighar,IN-OR,19.576483,82.334523,,India;Odisha;Nabarangpur
3126,Raikia,IN-OR,20.128180,84.045937,,India;Odisha;Kandhamala
2797,Rairakhol,IN-OR,21.452534,84.273391,,India;Odisha;Sambalpur
2865,Rairangpur,IN-OR,21.895372,86.408568,,India;Odisha;Mayurbhanj
2814,Rajagangapur,IN-OR,22.079904,84.533191,,India;Odisha;Sundaragada
2922,Rajkanika,IN-OR,20.552578,86.609881,,India;Odisha;Kendrapada
2923,Rajnagar,IN-OR,20.552578,86.609881,,India;Odisha;Kendrapada
7511,Ramanaguda,IN-OR,19.363492,83.512441,,India;Odisha;Rayagada
3134,Rampur,IN-OR,20.930816,83.822370,,India;Odisha;Subarnapur
3033,Ranapur,IN-OR,20.213177,84.997802,,India;Odisha;Nayagada
2868,Raruan,IN-OR,21.895372,86.408568,,India;Odisha;Mayurbhanj
2879,Rasgobindpur,IN-OR,21.895372,86.408568,,India;Odisha;Mayurbhanj
7471,Rasulpur,IN-OR,20.856145,86.149442,,India;Odisha;Jajpur
370,Rayagada,IN-OR,19.363492,83.512441,,India;Odisha
3181,Rayagada,IN-OR,19.363492,83.512441,,India;Odisha;Rayagada
3107,Rayagada,IN-OR,19.184171,84.161163,,India;Odisha;Gajapati
2803,Reamal,IN-OR,21.467033,84.785302,,India;Odisha;Debagada
2902,Remuna,IN-OR,21.494441,86.906311,,India;Odisha;Baleshwar
2785,Rengali,IN-OR,21.452534,84.273391,,India;Odisha;Sambalpur
7462,Rourkela,IN-OR,22.079904,84.533191,,India;Odisha;Sundaragada
7491,Saharapada,IN-OR,21.537820,85.702386,,India;Odisha;Kendujhar
3148,Saintala,IN-OR,20.589427,83.171651,,India;Odisha;Balangir
2957,Salepur,IN-OR,20.453340,85.696462,,India;Odisha;Kataka
371,Sambalpur,IN-OR,21.452534,84.273391,,India;Odisha
7464,Sambalpur,IN-OR,21.452534,84.273391,,India;Odisha;Sambalpur
7488,Sanakhemundi,IN-OR,19.624456,84.672465,,India;Odisha;Ganjam
7479,Saraskana,IN-OR,21.895372,86.408568,,India;Odisha;Mayurbhanj
3064,Satyabadi,IN-OR,19.879081,85.725732,,India;Odisha;Puri
7457,Shamakhunta,IN-OR,21.895372,86.408568,,India;Odisha;Mayurbhanj
3092,Sheragada,IN-OR,19.624456,84.672465,,India;Odisha;Ganjam
3215,Similiguda,IN-OR,18.812874,82.719717,,India;Odisha;Koraput
2908,Simulia,IN-OR,21.494441,86.906311,,India;Odisha;Baleshwar
3158,Sinapali,IN-OR,20.466045,82.576879,,India;Odisha;Nuapada
2761,Sohela,IN-OR,21.219614,83.349141,,India;Odisha;Baragada
3139,Sonapur,IN-OR,20.930816,83.822370,,India;Odisha;Subarnapur
2907,Sora,IN-OR,21.494441,86.906311,,India;Odisha;Baleshwar
372,Subarnapur,IN-OR,20.930816,83.822370,,India;Odisha
7460,Subdega,IN-OR,22.079904,84.533191,,India;Odisha;Sundaragada
2969,Sukinda,IN-OR,20.856145,86.149442,,India;Odisha;Jajpur
7477,Sukruli,IN-OR,21.895372,86.408568,,India;Odisha;Mayurbhanj
2877,Suliapada,IN-OR,21.895372,86.408568,,India;Odisha;Mayurbhanj
373,Sundaragada,IN-OR,22.079904,84.533191,,India;Odisha
2809,Sundargarh,IN-OR,22.079904,84.533191,,India;Odisha;Sundaragada
3076,Surada,IN-OR,19.624456,84.672465,,India;Odisha;Ganjam
3006,Talacher,IN-OR,20.986355,84.905206,,India;Odisha;Anugola
7459,Tangarpali,IN-OR,22.079904,84.533191,,India;Odisha;Sundaragada
3052,Tangi,IN-OR,20.091062,85.514274,,India;Odisha;Khordha
2955,Tangi-Choudwar,IN-OR,20.453340,85.696462,,India;Odisha;Kataka
3140,Tarbha,IN-OR,20.930816,83.822370,,India;Odisha;Subarnapur
2848,Telkoi,IN-OR,21.537820,85.702386,,India;Odisha;Kendujhar
3197,Tentulikhunti,IN-OR,19.576483,82.334523,,India;Odisha;Nabarangpur
2871,Thakurmunda,IN-OR,21.895372,86.408568,,India;Odisha;Mayurbhanj
3171,Thuamul Rampur,IN-OR,19.867583,83.107938,,India;Odisha;Kalahandi
2949,Tigiria,IN-OR,20.453340,85.696462,,India;Odisha;Kataka
2917,Tihidi,IN-OR,20.983044,86.625018,,India;Odisha;Bhadrak
3115,Tikabali,IN-OR,20.128180,84.045937,,India;Odisha;Kandhamala
2858,Tiring,IN-OR,21.895372,86.408568,,India;Odisha;Mayurbhanj
2939,Tirtol,IN-OR,20.218649,86.335211,,India;Odisha;Jagatsinghapur
3152,Titlagarh,IN-OR,20.589427,83.171651,,India;Odisha;Balangir
3121,Tumudibandha,IN-OR,20.128180,84.045937,,India;Odisha;Kandhamala
3143,Tusura,IN-OR,20.589427,83.171651,,India;Odisha;Balangir
2884,Udala,IN-OR,21.895372,86.408568,,India;Odisha;Mayurbhanj
3136,Ulunda,IN-OR,20.930816,83.822370,,India;Odisha;Subarnapur
3189,Umarkote,IN-OR,19.576483,82.334523,,India;Odisha;Nabarangpur
7472,Vyasanagar,IN-OR,20.856145,86.149442,,India;Odisha;Jajpur
238,Abohar,IN-PB,30.277026,74.163643,,India;Punjab;Fazilka
7192,Adampur,IN-PB,31.212738,75.565804,,India;Punjab;Jalandhar
6856,Ahmedgarh,IN-PB,30.842128,75.415888,,India;Punjab;Malerkotla
255,Ajnala,IN-PB,31.705642,74.899424,,India;Punjab;Amritsar
7122,Amargarh,IN-PB,30.842128,75.415888,,India;Punjab;Malerkotla
222,Amloh,IN-PB,30.642697,76.375469,,India;Punjab;Fatehgarh Sahib
27,Amritsar,IN-PB,31.705642,74.899424,,India;Punjab
256,Amritsar -I,IN-PB,31.705642,74.899424,,India;Punjab;Amritsar
257,Amritsar- II,IN-PB,31.705642,74.899424,,India;Punjab;Amritsar
262,Anandpur Sahib,IN-PB,31.062049,76.487646,,India;Punjab;Rupnagar
258,Baba Bakala,IN-PB,31.705642,74.899424,,India;Punjab;Amritsar
232,Bagha Purana,IN-PB,30.761814,75.170324,,India;Punjab;Moga
219,Balachaur,IN-PB,31.110048,76.154318,,India;Punjab;Shahid Bhagat Singh Nagar
5993,Banga,IN-PB,31.110048,76.154318,,India;Punjab;Shahid Bhagat Singh Nagar
605,Barnala,IN-PB,30.387784,75.498635,,India;Punjab
275,Barnala,IN-PB,30.387784,75.498635,,India;Punjab;Barnala
220,Bassi Pathana,IN-PB,30.642697,76.375469,,India;Punjab;Fatehgarh Sahib
203,Batala,IN-PB,31.916470,75.291003,,India;Punjab;Gurdaspur
28,Bathinda,IN-PB,30.183238,75.040269,,India;Punjab
245,Bathinda,IN-PB,30.183238,75.040269,,India;Punjab;Bathinda
6855,Bhawanigarh,IN-PB,30.211970,75.869115,,India;Punjab;Sangrur
6853,Bhikhiwind,IN-PB,31.336494,74.840379,,India;Punjab;Tarn Taran
205,Bhulath,IN-PB,31.354438,75.400042,,India;Punjab;Kapurthala
248,Budhlada,IN-PB,29.907347,75.438503,,India;Punjab;Mansa
265,Chamkaur Sahib,IN-PB,31.062049,76.487646,,India;Punjab;Rupnagar
214,Dasua,IN-PB,31.625016,75.857919,,India;Punjab;Hoshiarpur
204,Dera Baba Nanak,IN-PB,31.916470,75.291003,,India;Punjab;Gurdaspur
268,Dera Bassi,IN-PB,30.680921,76.739758,,India;Punjab;S.A.S Nagar
200,Dhar Kalan,IN-PB,32.296307,75.616245,,India;Punjab;Pathankot
5996,Dharamkot,IN-PB,30.761814,75.170324,,India;Punjab;Moga
270,Dhuri,IN-PB,30.211970,75.869115,,India;Punjab;Sangrur
6860,Dinanagar,IN-PB,31.916470,75.291003,,India;Punjab;Gurdaspur
6852,Dirba,IN-PB,30.211970,75.869115,,India;Punjab;Sangrur
6849,Dudhan Sadhan,IN-PB,30.281721,76.350755,,India;Punjab;Patiala
29,Faridkot,IN-PB,30.613481,74.777318,,India;Punjab
242,Faridkot,IN-PB,30.613481,74.777318,,India;Punjab;Faridkot
7191,Fatehgarh Churian,IN-PB,31.916470,75.291003,,India;Punjab;Gurdaspur
30,Fatehgarh Sahib,IN-PB,30.642697,76.375469,,India;Punjab
221,Fatehgarh Sahib,IN-PB,30.642697,76.375469,,India;Punjab;Fatehgarh Sahib
651,Fazilka,IN-PB,30.277026,74.163643,,India;Punjab
237,Fazilka,IN-PB,30.277026,74.163643,,India;Punjab;Fazilka
31,Ferozepur,IN-PB,30.912989,74.703010,,India;Punjab
235,Firozpur,IN-PB,30.912989,74.703010,,India;Punjab;Ferozepur
217,Garhshankar,IN-PB,31.625016,75.857919,,India;Punjab;Hoshiarpur
240,Gidderbaha,IN-PB,30.299843,74.538399,,India;Punjab;Sri Muktsar Sahib
32,Gurdaspur,IN-PB,31.916470,75.291003,,India;Punjab
202,Gurdaspur,IN-PB,31.916470,75.291003,,India;Punjab;Gurdaspur
6011,Guruharsahai,IN-PB,30.912989,74.703010,,India;Punjab;Ferozepur
33,Hoshiarpur,IN-PB,31.625016,75.857919,,India;Punjab
216,Hoshiarpur,IN-PB,31.625016,75.857919,,India;Punjab;Hoshiarpur
230,Jagraon,IN-PB,30.805395,75.832732,,India;Punjab;Ludhiana
243,Jaitu,IN-PB,30.613481,74.777318,,India;Punjab;Faridkot
236,Jalalabad,IN-PB,30.277026,74.163643,,India;Punjab;Fazilka
34,Jalandhar,IN-PB,31.212738,75.565804,,India;Punjab
212,Jalandhar - I,IN-PB,31.212738,75.565804,,India;Punjab;Jalandhar
213,Jalandhar - II,IN-PB,31.212738,75.565804,,India;Punjab;Jalandhar
6859,Kalanaur,IN-PB,31.916470,75.291003,,India;Punjab;Gurdaspur
35,Kapurthala,IN-PB,31.354438,75.400042,,India;Punjab
206,Kapurthala,IN-PB,31.354438,75.400042,,India;Punjab;Kapurthala
261,Khadur Sahib,IN-PB,31.336494,74.840379,,India;Punjab;Tarn Taran
223,Khamanon,IN-PB,30.642697,76.375469,,India;Punjab;Fatehgarh Sahib
225,Khanna,IN-PB,30.805395,75.832732,,India;Punjab;Ludhiana
266,Kharar,IN-PB,30.680921,76.739758,,India;Punjab;S.A.S Nagar
5984,Kotkapura,IN-PB,30.613481,74.777318,,India;Punjab;Faridkot
273,Lehra,IN-PB,30.211970,75.869115,,India;Punjab;Sangrur
7341,Lopoke,IN-PB,31.705642,74.899424,,India;Punjab;Amritsar
36,Ludhiana,IN-PB,30.805395,75.832732,,India;Punjab
227,Ludhiana (East),IN-PB,30.805395,75.832732,,India;Punjab;Ludhiana
228,Ludhiana (West),IN-PB,30.805395,75.832732,,India;Punjab;Ludhiana
6854,Majitha,IN-PB,31.705642,74.899424,,India;Punjab;Amritsar
737,Malerkotla,IN-PB,30.842128,75.415888,,India;Punjab
269,Malerkotla,IN-PB,30.842128,75.415888,,India;Punjab;Malerkotla
239,Malout,IN-PB,30.299843,74.538399,,India;Punjab;Sri Muktsar Sahib
37,Mansa,IN-PB,29.907347,75.438503,,India;Punjab
249,Mansa,IN-PB,29.907347,75.438503,,India;Punjab;Mansa
6858,Maur,IN-PB,30.183238,75.040269,,India;Punjab;Bathinda
7409,Mehal Kalan,IN-PB,30.387784,75.498635,,India;Punjab;Barnala
38,Moga,IN-PB,30.761814,75.170324,,India;Punjab
233,Moga,IN-PB,30.761814,75.170324,,India;Punjab;Moga
274,Moonak,IN-PB,30.211970,75.869115,,India;Punjab;Sangrur
6857,Morinda,IN-PB,31.062049,76.487646,,India;Punjab;Rupnagar
215,Mukerian,IN-PB,31.625016,75.857919,,India;Punjab;Hoshiarpur
252,Nabha,IN-PB,30.281721,76.350755,,India;Punjab;Patiala
210,Nakodar,IN-PB,31.212738,75.565804,,India;Punjab;Jalandhar
263,Nangal,IN-PB,31.062049,76.487646,,India;Punjab;Rupnagar
218,Nawanshahr,IN-PB,31.110048,76.154318,,India;Punjab;Shahid Bhagat Singh Nagar
231,Nihal Singhwala,IN-PB,30.761814,75.170324,,India;Punjab;Moga
662,Pathankot,IN-PB,32.296307,75.616245,,India;Punjab
201,Pathankot,IN-PB,32.296307,75.616245,,India;Punjab;Pathankot
41,Patiala,IN-PB,30.281721,76.350755,,India;Punjab
253,Patiala,IN-PB,30.281721,76.350755,,India;Punjab;Patiala
251,Patran,IN-PB,30.281721,76.350755,,India;Punjab;Patiala
260,Patti,IN-PB,31.336494,74.840379,,India;Punjab;Tarn Taran
226,Payal,IN-PB,30.805395,75.832732,,India;Punjab;Ludhiana
208,Phagwara,IN-PB,31.354438,75.400042,,India;Punjab;Kapurthala
211,Phillaur,IN-PB,31.212738,75.565804,,India;Punjab;Jalandhar
229,Raikot,IN-PB,30.805395,75.832732,,India;Punjab;Ludhiana
254,Rajpura,IN-PB,30.281721,76.350755,,India;Punjab;Patiala
244,Rampura Phul,IN-PB,30.183238,75.040269,,India;Punjab;Bathinda
264,Rup Nagar,IN-PB,31.062049,76.487646,,India;Punjab;Rupnagar
42,Rupnagar,IN-PB,31.062049,76.487646,,India;Punjab
608,S.A.S Nagar,IN-PB,30.680921,76.739758,,India;Punjab
250,Samana,IN-PB,30.281721,76.350755,,India;Punjab;Patiala
224,Samrala,IN-PB,30.805395,75.832732,,India;Punjab;Ludhiana
43,Sangrur,IN-PB,30.211970,75.869115,,India;Punjab
271,Sangrur,IN-PB,30.211970,75.869115,,India;Punjab;Sangrur
247,Sardulgarh,IN-PB,29.907347,75.438503,,India;Punjab;Mansa
267,Sas Nagar (Mohali),IN-PB,30.680921,76.739758,,India;Punjab;S.A.S Nagar
40,Shahid Bhagat Singh Nagar,IN-PB,31.110048,76.154318,,India;Punjab
209,Shahkot,IN-PB,31.212738,75.565804,,India;Punjab;Jalandhar
39,Sri Muktsar Sahib,IN-PB,30.299843,74.538399,,India;Punjab
241,Sri Muktsar Sahib,IN-PB,30.299843,74.538399,,India;Punjab;Sri Muktsar Sahib
207,Sultanpur Lodhi,IN-PB,31.354438,75.400042,,India;Punjab;Kapurthala
272,Sunam,IN-PB,30.211970,75.869115,,India;Punjab;Sangrur
246,Talwandi Sabo,IN-PB,30.183238,75.040269,,India;Punjab;Bathinda
7193,Tanda,IN-PB,31.625016,75.857919,,India;Punjab;Hoshiarpur
276,Tapa,IN-PB,30.387784,75.498635,,India;Punjab;Barnala
609,Tarn Taran,IN-PB,31.336494,74.840379,,India;Punjab
259,Tarn Taran,IN-PB,31.336494,74.840379,,India;Punjab;Tarn Taran
234,Zira,IN-PB,30.912989,74.703010,,India;Punjab;Ferozepur
5912,Bahour,IN-PY,11.916989,79.766405,,India;Puducherry;Puducherry
598,Karaikal,IN-PY,10.933424,79.802948,,India;Puducherry
5914,Karaikal,IN-PY,10.933424,79.802948,,India;Puducherry;Karaikal
5913,Mahe,IN-PY,11.916989,79.766405,,India;Puducherry;Puducherry
5910,Oulgaret,IN-PY,11.916989,79.766405,,India;Puducherry;Puducherry
600,Puducherry,IN-PY,11.916989,79.766405,Pondicherry,India;Puducherry
5909,Puducherry,IN-PY,11.916989,79.766405,Pondicherry,India;Puducherry;Puducherry
5915,Thirunallar,IN-PY,10.933424,79.802948,,India;Puducherry;Karaikal
5911,Villianur,IN-PY,11.916989,79.766405,,India;Puducherry;Puducherry
5908,Yanam,IN-PY,11.916989,79.766405,,India;Puducherry;Puducherry
7146,Aau,IN-RJ,26.584176,73.849855,,India;Rajasthan;Phalodi
6612,Abapura,IN-RJ,23.476390,74.361987,,India;Rajasthan;Banswara
595,Abu Road,IN-RJ,24.761751,72.776047,,India;Rajasthan;Sirohi
586,Ahore,IN-RJ,25.099518,72.211683,,India;Rajasthan;Jalore
86,Ajmer,IN-RJ,26.233499,74.773091,,India;Rajasthan
607,Ajmer,IN-RJ,26.233499,74.773091,,India;Rajasthan;Ajmer
680,Aklera,IN-RJ,24.335986,76.193443,,India;Rajasthan;Jhalawar
7371,Aligarh,IN-RJ,26.148317,75.665959,,India;Rajasthan;Tonk
87,Alwar,IN-RJ,27.590899,76.601627,,India;Rajasthan
499,Alwar,IN-RJ,27.590899,76.601627,,India;Rajasthan;Alwar
547,Amber,IN-RJ,26.976650,75.719841,,India;Rajasthan;Jaipur
641,Amet,IN-RJ,25.227968,73.891708,,India;Rajasthan;Rajsamand
6061,Anandpuri,IN-RJ,23.476390,74.361987,,India;Rajasthan;Banswara
7140,Andhi,IN-RJ,26.976650,75.719841,,India;Rajasthan;Jaipur
671,Anta,IN-RJ,24.995630,76.747835,,India;Rajasthan;Baran
7362,Antali,IN-RJ,25.481644,74.726677,,India;Rajasthan;Bhilwara
462,Anupgarh,IN-RJ,29.395945,73.570535,,India;Rajasthan;Ganganagar
6659,Arain,IN-RJ,26.233499,74.773091,,India;Rajasthan;Ajmer
700,Arnod,IN-RJ,24.029241,74.650304,,India;Rajasthan;Pratapgarh
6922,Arthuna,IN-RJ,23.476390,74.361987,,India;Rajasthan;Banswara
627,Asind,IN-RJ,25.481644,74.726677,,India;Rajasthan;Bhilwara
6055,Asnawar,IN-RJ,24.335986,76.193443,,India;Rajasthan;Jhalawar
647,Aspur,IN-RJ,23.731872,73.853138,,India;Rajasthan;Dungarpur
673,Atru,IN-RJ,24.995630,76.747835,,India;Rajasthan;Baran
6903,Badgaon,IN-RJ,24.418699,73.689784,,India;Rajasthan;Udaipur
6066,Badnor,IN-RJ,26.584176,73.849855,,India;Rajasthan;Beawar
653,Bagidora,IN-RJ,23.476390,74.361987,,India;Rajasthan;Banswara
589,Bagora,IN-RJ,25.099518,72.211683,,India;Rajasthan;Jalore
7134,Bahrawanda,IN-RJ,26.857579,76.510297,,India;Rajasthan;Dausa
7135,Baijupara,IN-RJ,26.857579,76.510297,,India;Rajasthan;Dausa
6913,Bajju,IN-RJ,28.177209,73.174572,,India;Rajasthan;Bikaner
6666,Bakani,IN-RJ,24.335986,76.193443,,India;Rajasthan;Jhalawar
6049,Balesar,IN-RJ,26.747773,72.785854,,India;Rajasthan;Jodhpur
7360,Balghat,IN-RJ,26.523079,76.958707,,India;Rajasthan;Karauli
605,Bali,IN-RJ,25.706921,73.519596,,India;Rajasthan;Pali
775,Balotra,IN-RJ,26.584176,73.849855,,India;Rajasthan
527,Bamanwas,IN-RJ,26.217244,76.460987,,India;Rajasthan;Sawai Madhopur
7210,Bandikui,IN-RJ,26.857579,76.510297,,India;Rajasthan;Dausa
630,Banera,IN-RJ,25.481644,74.726677,,India;Rajasthan;Bhilwara
500,Bansur,IN-RJ,26.584176,73.849855,,India;Rajasthan;Kotputli-Behror
88,Banswara,IN-RJ,23.476390,74.361987,,India;Rajasthan
652,Banswara,IN-RJ,23.476390,74.361987,,India;Rajasthan;Banswara
6047,Baori,IN-RJ,26.747773,72.785854,,India;Rajasthan;Jodhpur
6048,Bap,IN-RJ,26.584176,73.849855,,India;Rajasthan;Phalodi
6916,Bapini,IN-RJ,26.584176,73.849855,,India;Rajasthan;Phalodi
89,Baran,IN-RJ,24.995630,76.747835,,India;Rajasthan
672,Baran,IN-RJ,24.995630,76.747835,,India;Rajasthan;Baran
7361,Barapal,IN-RJ,24.418699,73.689784,,India;Rajasthan;Udaipur
516,Bari,IN-RJ,26.680863,77.702142,,India;Rajasthan;Dholpur
664,Bari Sadri,IN-RJ,24.822240,74.775399,,India;Rajasthan;Chittorgarh
90,Barmer,IN-RJ,25.734986,71.474795,,India;Rajasthan
582,Barmer,IN-RJ,25.734986,71.474795,,India;Rajasthan;Barmer
7131,Barmer Gramin,IN-RJ,25.734986,71.474795,,India;Rajasthan;Barmer
7224,Barnala,IN-RJ,26.217244,76.460987,,India;Rajasthan;Sawai Madhopur
7372,Basai Nawab,IN-RJ,26.680863,77.702142,,India;Rajasthan;Dholpur
515,Baseri,IN-RJ,26.680863,77.702142,,India;Rajasthan;Dholpur
549,Bassi,IN-RJ,26.976650,75.719841,,India;Rajasthan;Jaipur
7133,Bassi,IN-RJ,24.822240,74.775399,,India;Rajasthan;Chittorgarh
533,Baswa,IN-RJ,26.857579,76.510297,,India;Rajasthan;Dausa
7363,Batadoo,IN-RJ,25.734986,71.474795,,India;Rajasthan;Barmer
513,Bayana,IN-RJ,27.247765,77.276538,,India;Rajasthan;Bharatpur
578,Baytoo,IN-RJ,25.734986,71.474795,,India;Rajasthan;Barmer
774,Beawar,IN-RJ,26.584176,73.849855,,India;Rajasthan
609,Beawar,IN-RJ,26.584176,73.849855,,India;Rajasthan;Beawar
657,Begun,IN-RJ,24.822240,74.775399,,India;Rajasthan;Chittorgarh
493,Behror,IN-RJ,26.584176,73.849855,,India;Rajasthan;Kotputli-Behror
662,Bhadesar,IN-RJ,24.822240,74.775399,,India;Rajasthan;Chittorgarh
472,Bhadra,IN-RJ,29.265979,74.561463,,India;Rajasthan;Hanumangarh
7217,Bhadrajun,IN-RJ,25.099518,72.211683,,India;Rajasthan;Jalore
7373,Bhandarej,IN-RJ,26.857579,76.510297,,India;Rajasthan;Dausa
7209,Bhanipura,IN-RJ,28.345118,74.696405,,India;Rajasthan;Churu
6040,Bhaniyana,IN-RJ,27.075201,70.901037,,India;Rajasthan;Jaisalmer
91,Bharatpur,IN-RJ,27.247765,77.276538,,India;Rajasthan
511,Bharatpur,IN-RJ,27.247765,77.276538,,India;Rajasthan;Bharatpur
92,Bhilwara,IN-RJ,25.481644,74.726677,,India;Rajasthan
634,Bhilwara,IN-RJ,25.481644,74.726677,,India;Rajasthan;Bhilwara
639,Bhim,IN-RJ,25.227968,73.891708,,India;Rajasthan;Rajsamand
612,Bhinay,IN-RJ,26.233499,74.773091,,India;Rajasthan;Ajmer
6917,Bhinder,IN-RJ,24.418699,73.689784,,India;Rajasthan;Udaipur
588,Bhinmal,IN-RJ,25.099518,72.211683,,India;Rajasthan;Jalore
569,Bhopalgarh,IN-RJ,26.747773,72.785854,,India;Rajasthan;Jodhpur
6057,Bhupalsagar,IN-RJ,24.822240,74.775399,,India;Rajasthan;Chittorgarh
6665,Bhusawar,IN-RJ,27.247765,77.276538,,India;Rajasthan;Bharatpur
6058,Bichhiwara,IN-RJ,23.731872,73.853138,,India;Rajasthan;Dungarpur
6426,Bidasar,IN-RJ,28.345118,74.696405,,India;Rajasthan;Churu
638,Bijoliya,IN-RJ,25.481644,74.726677,,India;Rajasthan;Bhilwara
93,Bikaner,IN-RJ,28.177209,73.174572,,India;Rajasthan
473,Bikaner,IN-RJ,28.177209,73.174572,,India;Rajasthan;Bikaner
573,Bilara,IN-RJ,26.747773,72.785854,,India;Rajasthan;Jodhpur
7218,Bissau,IN-RJ,28.092715,75.549656,,India;Rajasthan;Jhunjhunu
529,Bonli,IN-RJ,26.217244,76.460987,,India;Rajasthan;Sawai Madhopur
489,Buhana,IN-RJ,28.092715,75.549656,,India;Rajasthan;Jhunjhunu
94,Bundi,IN-RJ,25.485609,75.790630,,India;Rajasthan
626,Bundi,IN-RJ,25.485609,75.790630,,India;Rajasthan;Bundi
550,Chaksu,IN-RJ,26.976650,75.719841,,India;Rajasthan;Jaipur
7374,Chamu,IN-RJ,26.747773,72.785854,,India;Rajasthan;Jodhpur
530,Chauth Ka Barwara,IN-RJ,26.217244,76.460987,,India;Rajasthan;Sawai Madhopur
7375,Chechat,IN-RJ,25.109266,76.106084,,India;Rajasthan;Kota
676,Chhabra,IN-RJ,24.995630,76.747835,,India;Rajasthan;Baran
479,Chhatargarh,IN-RJ,28.177209,73.174572,,India;Rajasthan;Bikaner
677,Chhipabarod,IN-RJ,24.995630,76.747835,,India;Rajasthan;Baran
7364,Chhoti Khatoo,IN-RJ,26.584176,73.849855,,India;Rajasthan;Didwana-Kuchaman
698,Chhoti Sadri,IN-RJ,24.029241,74.650304,,India;Rajasthan;Pratapgarh
6042,Chhoti Sarwan,IN-RJ,23.476390,74.361987,,India;Rajasthan;Banswara
6059,Chikhali,IN-RJ,23.731872,73.853138,,India;Rajasthan;Dungarpur
488,Chirawa,IN-RJ,28.092715,75.549656,,India;Rajasthan;Jhunjhunu
6046,Chitalwana,IN-RJ,25.099518,72.211683,,India;Rajasthan;Jalore
95,Chittorgarh,IN-RJ,24.822240,74.775399,,India;Rajasthan
659,Chittorgarh,IN-RJ,24.822240,74.775399,,India;Rajasthan;Chittorgarh
584,Chohtan,IN-RJ,25.734986,71.474795,,India;Rajasthan;Barmer
541,Chomu,IN-RJ,26.976650,75.719841,,India;Rajasthan;Jaipur
96,Churu,IN-RJ,28.345118,74.696405,,India;Rajasthan
484,Churu,IN-RJ,28.345118,74.696405,,India;Rajasthan;Churu
6926,Dag,IN-RJ,24.335986,76.193443,,India;Rajasthan;Jhalawar
7151,Dalot,IN-RJ,24.029241,74.650304,,India;Rajasthan;Pratapgarh
554,Danta Ramgarh,IN-RJ,27.634011,75.288276,,India;Rajasthan;Sikar
97,Dausa,IN-RJ,26.857579,76.510297,,India;Rajasthan
536,Dausa,IN-RJ,26.857579,76.510297,,India;Rajasthan;Dausa
6937,Dechoo,IN-RJ,26.584176,73.849855,,India;Rajasthan;Phalodi
767,Deeg,IN-RJ,26.584176,73.849855,,India;Rajasthan
508,Deeg,IN-RJ,26.584176,73.849855,,India;Rajasthan;Deeg
563,Degana,IN-RJ,27.065964,74.175488,,India;Rajasthan;Nagaur
7223,Deh,IN-RJ,27.065964,74.175488,,India;Rajasthan;Nagaur
7154,Deldar,IN-RJ,24.761751,72.776047,,India;Rajasthan;Sirohi
6935,Delwara,IN-RJ,25.227968,73.891708,,India;Rajasthan;Rajsamand
640,Deogarh,IN-RJ,25.227968,73.891708,,India;Rajasthan;Rajsamand
620,Deoli,IN-RJ,26.148317,75.665959,,India;Rajasthan;Tonk
603,Desuri,IN-RJ,25.706921,73.519596,,India;Rajasthan;Pali
6912,Dhanau,IN-RJ,25.734986,71.474795,,India;Rajasthan;Barmer
696,Dhariawad,IN-RJ,24.029241,74.650304,,India;Rajasthan;Pratapgarh
6387,Dhod,IN-RJ,27.634011,75.288276,,India;Rajasthan;Sikar
98,Dholpur,IN-RJ,26.680863,77.702142,,India;Rajasthan
518,Dholpur,IN-RJ,26.680863,77.702142,,India;Rajasthan;Dholpur
6050,Dhorimanna,IN-RJ,26.584176,73.849855,,India;Rajasthan;Balotra
558,Didwana,IN-RJ,26.584176,73.849855,,India;Rajasthan;Didwana-Kuchaman
768,Didwana-Kuchaman,IN-RJ,26.584176,73.849855,,India;Rajasthan
666,Digod,IN-RJ,25.109266,76.106084,,India;Rajasthan;Kota
6910,Dooni,IN-RJ,26.148317,75.665959,,India;Rajasthan;Tonk
7137,Dovda,IN-RJ,23.731872,73.853138,,India;Rajasthan;Dungarpur
6027,Dudu,IN-RJ,26.976650,75.719841,,India;Rajasthan;Jaipur
99,Dungarpur,IN-RJ,23.731872,73.853138,,India;Rajasthan
646,Dungarpur,IN-RJ,23.731872,73.853138,,India;Rajasthan;Dungarpur
661,Dungla,IN-RJ,24.822240,74.775399,,India;Rajasthan;Chittorgarh
576,Fatehgarh,IN-RJ,27.075201,70.901037,,India;Rajasthan;Jaisalmer
551,Fatehpur,IN-RJ,27.634011,75.288276,,India;Rajasthan;Sikar
6906,Gadraroad,IN-RJ,25.734986,71.474795,,India;Rajasthan;Barmer
7376,Gajsinghpur,IN-RJ,29.395945,73.570535,,India;Rajasthan;Ganganagar
6060,Galiyakot,IN-RJ,23.731872,73.853138,,India;Rajasthan;Dungarpur
7138,Gamri Ahara,IN-RJ,23.731872,73.853138,,India;Rajasthan;Dungarpur
6610,Gangadtalai,IN-RJ,23.476390,74.361987,,India;Rajasthan;Banswara
100,Ganganagar,IN-RJ,29.395945,73.570535,,India;Rajasthan
458,Ganganagar,IN-RJ,29.395945,73.570535,,India;Rajasthan;Ganganagar
526,Gangapur,IN-RJ,26.217244,76.460987,,India;Rajasthan;Sawai Madhopur
684,Gangdhar,IN-RJ,24.335986,76.193443,,India;Rajasthan;Jhalawar
656,Gangrar,IN-RJ,24.822240,74.775399,,India;Rajasthan;Chittorgarh
6611,Ganora,IN-RJ,23.476390,74.361987,,India;Rajasthan;Banswara
6392,Garhbor,IN-RJ,25.227968,73.891708,,India;Rajasthan;Rajsamand
651,Garhi,IN-RJ,23.476390,74.361987,,India;Rajasthan;Banswara
7221,Ghantiyali,IN-RJ,26.584176,73.849855,,India;Rajasthan;Phalodi
463,Gharsana,IN-RJ,29.395945,73.570535,,India;Rajasthan;Ganganagar
7377,Ghasa,IN-RJ,24.418699,73.689784,,India;Rajasthan;Udaipur
650,Ghatol,IN-RJ,23.476390,74.361987,,India;Rajasthan;Banswara
6907,Gida,IN-RJ,26.584176,73.849855,,India;Rajasthan;Balotra
689,Girwa,IN-RJ,24.418699,73.689784,,India;Rajasthan;Udaipur
686,Gogunda,IN-RJ,24.418699,73.689784,,India;Rajasthan;Udaipur
6383,Govindgarh,IN-RJ,27.590899,76.601627,,India;Rajasthan;Alwar
581,Gudha Malani,IN-RJ,26.584176,73.849855,,India;Rajasthan;Balotra
7144,Gudhagorji,IN-RJ,28.092715,75.549656,,India;Rajasthan;Jhunjhunu
7378,Hadan,IN-RJ,28.177209,73.174572,,India;Rajasthan;Bikaner
6068,Hameergarh,IN-RJ,25.481644,74.726677,,India;Rajasthan;Bhilwara
101,Hanumangarh,IN-RJ,29.265979,74.561463,,India;Rajasthan
468,Hanumangarh,IN-RJ,29.265979,74.561463,,India;Rajasthan;Hanumangarh
7208,Harsoli,IN-RJ,26.584176,73.849855,,India;Rajasthan;Khairthal-Tijara
522,Hindaun,IN-RJ,26.523079,76.958707,,India;Rajasthan;Karauli
622,Hindoli,IN-RJ,25.485609,75.790630,,India;Rajasthan;Bundi
628,Hurda,IN-RJ,25.481644,74.726677,,India;Rajasthan;Bhilwara
624,Indragarh,IN-RJ,25.485609,75.790630,,India;Rajasthan;Bundi
636,Jahazpur,IN-RJ,25.481644,74.726677,,India;Rajasthan;Bhilwara
102,Jaipur,IN-RJ,26.976650,75.719841,,India;Rajasthan
546,Jaipur,IN-RJ,26.976650,75.719841,,India;Rajasthan;Jaipur
103,Jaisalmer,IN-RJ,27.075201,70.901037,,India;Rajasthan
574,Jaisalmer,IN-RJ,27.075201,70.901037,,India;Rajasthan;Jaisalmer
597,Jaitaran,IN-RJ,26.584176,73.849855,,India;Rajasthan;Beawar
104,Jalore,IN-RJ,25.099518,72.211683,,India;Rajasthan
587,Jalore,IN-RJ,25.099518,72.211683,,India;Rajasthan;Jalore
7379,Jalsu,IN-RJ,26.976650,75.719841,,India;Rajasthan;Jaipur
548,Jamwaramgarh,IN-RJ,26.976650,75.719841,,India;Rajasthan;Jaipur
7380,Janoothar,IN-RJ,26.584176,73.849855,,India;Rajasthan;Deeg
7365,Jasrasar,IN-RJ,28.177209,73.174572,,India;Rajasthan;Bikaner
6044,Jaswantpura,IN-RJ,25.099518,72.211683,,India;Rajasthan;Jalore
559,Jayal,IN-RJ,27.065964,74.175488,,India;Rajasthan;Nagaur
688,Jhadol,IN-RJ,24.418699,73.689784,,India;Rajasthan;Udaipur
105,Jhalawar,IN-RJ,24.335986,76.193443,,India;Rajasthan
7229,Jhallara,IN-RJ,26.584176,73.849855,,India;Rajasthan;Salumbar
679,Jhalrapatan,IN-RJ,24.335986,76.193443,,India;Rajasthan;Jhalawar
7220,Jhanwar,IN-RJ,26.747773,72.785854,,India;Rajasthan;Jodhpur
6070,Jhonthripal,IN-RJ,23.731872,73.853138,,India;Rajasthan;Dungarpur
106,Jhunjhunu,IN-RJ,28.092715,75.549656,,India;Rajasthan
487,Jhunjhunu,IN-RJ,28.092715,75.549656,,India;Rajasthan;Jhunjhunu
7141,Jobner,IN-RJ,26.976650,75.719841,,India;Rajasthan;Jaipur
107,Jodhpur,IN-RJ,26.747773,72.785854,,India;Rajasthan
570,Jodhpur,IN-RJ,26.747773,72.785854,,India;Rajasthan;Jodhpur
7381,Jurhara,IN-RJ,26.584176,73.849855,,India;Rajasthan;Deeg
7366,Kachhola,IN-RJ,25.481644,74.726677,,India;Rajasthan;Bhilwara
7215,Kalwar,IN-RJ,26.976650,75.719841,,India;Rajasthan;Jaipur
7130,Kalyanpur,IN-RJ,26.584176,73.849855,,India;Rajasthan;Balotra
506,Kaman,IN-RJ,26.584176,73.849855,,India;Rajasthan;Deeg
6929,Kanod,IN-RJ,24.418699,73.689784,,India;Rajasthan;Udaipur
6054,Kanwas,IN-RJ,25.109266,76.106084,,India;Rajasthan;Kota
660,Kapasan,IN-RJ,24.822240,74.775399,,India;Rajasthan;Chittorgarh
457,Karanpur,IN-RJ,29.395945,73.570535,,India;Rajasthan;Ganganagar
108,Karauli,IN-RJ,26.523079,76.958707,,India;Rajasthan
523,Karauli,IN-RJ,26.523079,76.958707,,India;Rajasthan;Karauli
6064,Karera,IN-RJ,25.481644,74.726677,,India;Rajasthan;Bhilwara
504,Kathumar,IN-RJ,27.590899,76.601627,,India;Rajasthan;Alwar
614,Kekri,IN-RJ,26.233499,74.773091,,India;Rajasthan;Ajmer
625,Keshoraipatan,IN-RJ,25.485609,75.790630,,India;Rajasthan;Bundi
7207,Khairthal,IN-RJ,26.584176,73.849855,,India;Rajasthan;Khairthal-Tijara
770,Khairthal-Tijara,IN-RJ,26.584176,73.849855,,India;Rajasthan
478,Khajuwala,IN-RJ,28.177209,73.174572,,India;Rajasthan;Bikaner
6393,Khamnor,IN-RJ,25.227968,73.891708,,India;Rajasthan;Rajsamand
532,Khandar,IN-RJ,26.217244,76.460987,,India;Rajasthan;Sawai Madhopur
6384,Khandela,IN-RJ,27.634011,75.288276,,India;Rajasthan;Sikar
678,Khanpur,IN-RJ,24.335986,76.193443,,India;Rajasthan;Jhalawar
561,Kheenvsar,IN-RJ,27.065964,74.175488,,India;Rajasthan;Nagaur
695,Kherwara,IN-RJ,24.418699,73.689784,,India;Rajasthan;Udaipur
490,Khetri,IN-RJ,28.092715,75.549656,,India;Rajasthan;Jhunjhunu
674,Kishanganj,IN-RJ,24.995630,76.747835,,India;Rajasthan;Baran
606,Kishangarh,IN-RJ,26.233499,74.773091,,India;Rajasthan;Ajmer
6026,Kishangarh Renwal,IN-RJ,26.976650,75.719841,,India;Rajasthan;Jaipur
497,Kishangarhbas,IN-RJ,26.584176,73.849855,,India;Rajasthan;Khairthal-Tijara
476,Kolayat,IN-RJ,28.177209,73.174572,,India;Rajasthan;Bikaner
109,Kota,IN-RJ,25.109266,76.106084,,India;Rajasthan
495,Kotkasim,IN-RJ,26.584176,73.849855,,India;Rajasthan;Khairthal-Tijara
6028,Kotkhawda,IN-RJ,26.976650,75.719841,,India;Rajasthan;Jaipur
538,Kotputli,IN-RJ,26.584176,73.849855,,India;Rajasthan;Kotputli-Behror
782,Kotputli-Behror,IN-RJ,26.584176,73.849855,,India;Rajasthan
687,Kotra,IN-RJ,24.418699,73.689784,,India;Rajasthan;Udaipur
635,Kotri,IN-RJ,25.481644,74.726677,,India;Rajasthan;Bhilwara
6065,Kuchaman City,IN-RJ,26.584176,73.849855,,India;Rajasthan;Didwana-Kuchaman
7219,Kudi Bhagtasni,IN-RJ,26.747773,72.785854,,India;Rajasthan;Jodhpur
642,Kumbhalgarh,IN-RJ,25.227968,73.891708,,India;Rajasthan;Rajsamand
510,Kumher,IN-RJ,26.584176,73.849855,,India;Rajasthan;Deeg
7382,Kundal,IN-RJ,26.857579,76.510297,,India;Rajasthan;Dausa
6928,Kunwariya,IN-RJ,25.227968,73.891708,,India;Rajasthan;Rajsamand
7156,Kurabar,IN-RJ,24.418699,73.689784,,India;Rajasthan;Udaipur
654,Kushalgarh,IN-RJ,23.476390,74.361987,,India;Rajasthan;Banswara
503,Lachhmangarh,IN-RJ,27.590899,76.601627,,India;Rajasthan;Alwar
552,Lachhmangarh,IN-RJ,27.634011,75.288276,,India;Rajasthan;Sikar
557,Ladnu,IN-RJ,26.584176,73.849855,,India;Rajasthan;Didwana-Kuchaman
667,Ladpura,IN-RJ,25.109266,76.106084,,India;Rajasthan;Kota
537,Lalsot,IN-RJ,26.857579,76.510297,,India;Rajasthan;Dausa
691,Lasadiya,IN-RJ,26.584176,73.849855,,India;Rajasthan;Salumbar
6909,Lawan,IN-RJ,26.857579,76.510297,,India;Rajasthan;Dausa
6391,Lohawat,IN-RJ,26.584176,73.849855,,India;Rajasthan;Phalodi
572,Luni,IN-RJ,26.747773,72.785854,,India;Rajasthan;Jodhpur
475,Lunkaransar,IN-RJ,28.177209,73.174572,,India;Rajasthan;Bikaner
7139,Madhorajpura,IN-RJ,26.976650,75.719841,,India;Rajasthan;Jaipur
534,Mahwa,IN-RJ,26.857579,76.510297,,India;Rajasthan;Dausa
565,Makrana,IN-RJ,26.584176,73.849855,,India;Rajasthan;Didwana-Kuchaman
6382,Malakhera,IN-RJ,27.590899,76.601627,,India;Rajasthan;Alwar
528,Malarna Doongar,IN-RJ,26.217244,76.460987,,India;Rajasthan;Sawai Madhopur
615,Malpura,IN-RJ,26.148317,75.665959,,India;Rajasthan;Tonk
6370,Malsisar,IN-RJ,28.092715,75.549656,,India;Rajasthan;Jhunjhunu
631,Mandal,IN-RJ,25.481644,74.726677,,India;Rajasthan;Bhilwara
637,Mandalgarh,IN-RJ,25.481644,74.726677,,India;Rajasthan;Bhilwara
7145,Mandawa,IN-RJ,28.092715,75.549656,,India;Rajasthan;Jhunjhunu
6914,Mandawar,IN-RJ,26.857579,76.510297,,India;Rajasthan;Dausa
7383,Mandhan,IN-RJ,26.584176,73.849855,,India;Rajasthan;Kotputli-Behror
524,Mandrayal,IN-RJ,26.523079,76.958707,,India;Rajasthan;Karauli
670,Mangrol,IN-RJ,24.995630,76.747835,,India;Rajasthan;Baran
6933,Maniya,IN-RJ,26.680863,77.702142,,India;Rajasthan;Dholpur
681,Manohar Thana,IN-RJ,24.335986,76.193443,,India;Rajasthan;Jhalawar
602,Marwar Junction,IN-RJ,25.706921,73.519596,,India;Rajasthan;Pali
6379,Masalpur,IN-RJ,26.523079,76.958707,,India;Rajasthan;Karauli
610,Masuda,IN-RJ,26.584176,73.849855,,India;Rajasthan;Beawar
7222,Maulasar,IN-RJ,26.584176,73.849855,,India;Rajasthan;Didwana-Kuchaman
543,Mauzamabad,IN-RJ,26.976650,75.719841,,India;Rajasthan;Jaipur
685,Mavli,IN-RJ,24.418699,73.689784,,India;Rajasthan;Udaipur
562,Merta,IN-RJ,27.065964,74.175488,,India;Rajasthan;Nagaur
7152,Mitrapura,IN-RJ,26.217244,76.460987,,India;Rajasthan;Sawai Madhopur
494,Mundawar,IN-RJ,26.584176,73.849855,,India;Rajasthan;Khairthal-Tijara
6378,Mundwa,IN-RJ,27.065964,74.175488,,India;Rajasthan;Nagaur
509,Nadbai,IN-RJ,27.247765,77.276538,,India;Rajasthan;Bharatpur
521,Nadoti,IN-RJ,26.523079,76.958707,,India;Rajasthan;Karauli
507,Nagar,IN-RJ,26.584176,73.849855,,India;Rajasthan;Deeg
7155,Nagarfort,IN-RJ,26.148317,75.665959,,India;Rajasthan;Tonk
110,Nagaur,IN-RJ,27.065964,74.175488,,India;Rajasthan
560,Nagaur,IN-RJ,27.065964,74.175488,,India;Rajasthan;Nagaur
623,Nainwa,IN-RJ,25.485609,75.790630,,India;Rajasthan;Bundi
6053,Nangal Rajawatan,IN-RJ,26.857579,76.510297,,India;Rajasthan;Dausa
6936,Narayanpur,IN-RJ,26.584176,73.849855,,India;Rajasthan;Kotputli-Behror
611,Nasirabad,IN-RJ,26.233499,74.773091,,India;Rajasthan;Ajmer
645,Nathdwara,IN-RJ,25.227968,73.891708,,India;Rajasthan;Rajsamand
7129,Nauganwa,IN-RJ,27.590899,76.601627,,India;Rajasthan;Alwar
566,Nawa,IN-RJ,26.584176,73.849855,,India;Rajasthan;Didwana-Kuchaman
491,Nawalgarh,IN-RJ,28.092715,75.549656,,India;Rajasthan;Jhunjhunu
7157,Nayagaon,IN-RJ,24.418699,73.689784,,India;Rajasthan;Udaipur
7153,Nechhwa,IN-RJ,27.634011,75.288276,,India;Rajasthan;Sikar
556,Neem Ka Thana,IN-RJ,27.634011,75.288276,,India;Rajasthan;Sikar
6380,Neemrana,IN-RJ,26.584176,73.849855,,India;Rajasthan;Kotputli-Behror
663,Nimbahera,IN-RJ,24.822240,74.775399,,India;Rajasthan;Chittorgarh
7211,Nirjharna,IN-RJ,26.857579,76.510297,,India;Rajasthan;Dausa
617,Niwai,IN-RJ,26.148317,75.665959,,India;Rajasthan;Tonk
471,Nohar,IN-RJ,29.265979,74.561463,,India;Rajasthan;Hanumangarh
477,Nokha,IN-RJ,28.177209,73.174572,,India;Rajasthan;Bikaner
7132,Nokhra,IN-RJ,25.734986,71.474795,,India;Rajasthan;Barmer
7384,Obri,IN-RJ,23.731872,73.853138,,India;Rajasthan;Dungarpur
568,Osian,IN-RJ,26.747773,72.785854,,India;Rajasthan;Jodhpur
579,Pachpadra,IN-RJ,26.584176,73.849855,,India;Rajasthan;Balotra
682,Pachpahar,IN-RJ,24.335986,76.193443,,India;Rajasthan;Jhalawar
460,Padampur,IN-RJ,29.395945,73.570535,,India;Rajasthan;Ganganagar
505,Pahari,IN-RJ,26.584176,73.849855,,India;Rajasthan;Deeg
7212,Paldewal,IN-RJ,23.731872,73.853138,,India;Rajasthan;Dungarpur
111,Pali,IN-RJ,25.706921,73.519596,,India;Rajasthan
601,Pali,IN-RJ,25.706921,73.519596,,India;Rajasthan;Pali
7213,Pallu,IN-RJ,29.265979,74.561463,,India;Rajasthan;Hanumangarh
6924,Paota,IN-RJ,26.584176,73.849855,,India;Rajasthan;Kotputli-Behror
7367,Paparda,IN-RJ,26.857579,76.510297,,India;Rajasthan;Dausa
564,Parbatsar,IN-RJ,26.584176,73.849855,,India;Rajasthan;Didwana-Kuchaman
7227,Patan,IN-RJ,27.634011,75.288276,,India;Rajasthan;Sikar
7368,Patodi,IN-RJ,26.584176,73.849855,,India;Rajasthan;Balotra
697,Peepalkhoont,IN-RJ,24.029241,74.650304,,India;Rajasthan;Pratapgarh
616,Peeplu,IN-RJ,26.148317,75.665959,,India;Rajasthan;Tonk
608,Peesangan,IN-RJ,26.233499,74.773091,,India;Rajasthan;Ajmer
544,Phagi,IN-RJ,26.976650,75.719841,,India;Rajasthan;Jaipur
7385,Phalasiyan,IN-RJ,24.418699,73.689784,,India;Rajasthan;Udaipur
772,Phalodi,IN-RJ,26.584176,73.849855,,India;Rajasthan
567,Phalodi,IN-RJ,26.584176,73.849855,,India;Rajasthan;Phalodi
7214,Phalsoond,IN-RJ,27.075201,70.901037,,India;Rajasthan;Jaisalmer
6067,Phooliya Kalan,IN-RJ,25.481644,74.726677,,India;Rajasthan;Bhilwara
542,Phulera (Hq.Sambhar),IN-RJ,26.976650,75.719841,,India;Rajasthan;Jaipur
7386,Pilani,IN-RJ,28.092715,75.549656,,India;Rajasthan;Jhunjhunu
469,Pilibanga,IN-RJ,29.265979,74.561463,,India;Rajasthan;Hanumangarh
594,Pindwara,IN-RJ,24.761751,72.776047,,India;Rajasthan;Sirohi
665,Pipalda,IN-RJ,25.109266,76.106084,,India;Rajasthan;Kota
6051,Pipar Shahar,IN-RJ,26.747773,72.785854,,India;Rajasthan;Jodhpur
683,Pirawa,IN-RJ,24.335986,76.193443,,India;Rajasthan;Jhalawar
575,Pokaran,IN-RJ,27.075201,70.901037,,India;Rajasthan;Jaisalmer
474,Poogal,IN-RJ,28.177209,73.174572,,India;Rajasthan;Bikaner
629,Pratapgarh,IN-RJ,24.029241,74.650304,,India;Rajasthan
699,Pratapgarh,IN-RJ,24.029241,74.650304,,India;Rajasthan;Pratapgarh
7387,Pratapgarh,IN-RJ,27.590899,76.601627,,India;Rajasthan;Alwar
6655,Pushkar,IN-RJ,26.233499,74.773091,,India;Rajasthan;Ajmer
6932,Rahuwas,IN-RJ,26.857579,76.510297,,India;Rajasthan;Dausa
644,Railmagra,IN-RJ,25.227968,73.891708,,India;Rajasthan;Rajsamand
6925,Raipur,IN-RJ,24.335986,76.193443,,India;Rajasthan;Jhalawar
598,Raipur,IN-RJ,26.584176,73.849855,,India;Rajasthan;Beawar
632,Raipur,IN-RJ,25.481644,74.726677,,India;Rajasthan;Bhilwara
461,Raisinghnagar,IN-RJ,29.395945,73.570535,,India;Rajasthan;Ganganagar
7359,Raithal,IN-RJ,25.485609,75.790630,,India;Rajasthan;Bundi
519,Rajakhera,IN-RJ,26.680863,77.702142,,India;Rajasthan;Dholpur
7388,Rajaldesar,IN-RJ,28.345118,74.696405,,India;Rajasthan;Churu
502,Rajgarh,IN-RJ,27.590899,76.601627,,India;Rajasthan;Alwar
482,Rajgarh,IN-RJ,28.345118,74.696405,,India;Rajasthan;Churu
112,Rajsamand,IN-RJ,25.227968,73.891708,,India;Rajasthan
643,Rajsamand,IN-RJ,25.227968,73.891708,,India;Rajasthan;Rajsamand
668,Ramganj Mandi,IN-RJ,25.109266,76.106084,,India;Rajasthan;Kota
498,Ramgarh,IN-RJ,27.590899,76.601627,,India;Rajasthan;Alwar
7216,Ramgarh,IN-RJ,27.075201,70.901037,,India;Rajasthan;Jaisalmer
6908,Ramgarh Pachwara,IN-RJ,26.857579,76.510297,,India;Rajasthan;Dausa
6388,Ramgarh Shekhawati,IN-RJ,27.634011,75.288276,,India;Rajasthan;Sikar
7391,Rampura Dabri,IN-RJ,26.976650,75.719841,,India;Rajasthan;Jaipur
583,Ramsar,IN-RJ,25.734986,71.474795,,India;Rajasthan;Barmer
6898,Rani,IN-RJ,25.706921,73.519596,,India;Rajasthan;Pali
591,Raniwara,IN-RJ,25.099518,72.211683,,India;Rajasthan;Jalore
7369,Rarah,IN-RJ,26.584176,73.849855,,India;Rajasthan;Deeg
655,Rashmi,IN-RJ,24.822240,74.775399,,India;Rajasthan;Chittorgarh
485,Ratangarh,IN-RJ,28.345118,74.696405,,India;Rajasthan;Churu
658,Rawatbhata,IN-RJ,24.822240,74.775399,,India;Rajasthan;Chittorgarh
470,Rawatsar,IN-RJ,29.265979,74.561463,,India;Rajasthan;Hanumangarh
6915,Rawla,IN-RJ,29.395945,73.570535,,India;Rajasthan;Ganganagar
7226,Reengus,IN-RJ,27.634011,75.288276,,India;Rajasthan;Sikar
6381,Reni,IN-RJ,27.590899,76.601627,,India;Rajasthan;Alwar
596,Reodar,IN-RJ,24.761751,72.776047,,India;Rajasthan;Sirohi
694,Rishabhdeo,IN-RJ,24.418699,73.689784,,India;Rajasthan;Udaipur
6069,Riyan Bari,IN-RJ,27.065964,74.175488,,India;Rajasthan;Nagaur
600,Rohat,IN-RJ,25.706921,73.519596,,India;Rajasthan;Pali
6657,Roopangarh,IN-RJ,26.233499,74.773091,,India;Rajasthan;Ajmer
7389,Rudawal,IN-RJ,27.247765,77.276538,,India;Rajasthan;Bharatpur
514,Rupbas,IN-RJ,27.247765,77.276538,,India;Rajasthan;Bharatpur
6062,Sabla,IN-RJ,23.731872,73.853138,,India;Rajasthan;Dungarpur
459,Sadulshahar,IN-RJ,29.395945,73.570535,,India;Rajasthan;Ganganagar
648,Sagwara,IN-RJ,23.731872,73.853138,,India;Rajasthan;Dungarpur
633,Sahara,IN-RJ,25.481644,74.726677,,India;Rajasthan;Bhilwara
7136,Sainthal,IN-RJ,26.857579,76.510297,,India;Rajasthan;Dausa
6043,Sajjangarh,IN-RJ,23.476390,74.361987,,India;Rajasthan;Banswara
777,Salumbar,IN-RJ,26.584176,73.849855,,India;Rajasthan
692,Salumbar,IN-RJ,26.584176,73.849855,,India;Rajasthan;Salumbar
7143,Sam,IN-RJ,27.075201,70.901037,,India;Rajasthan;Jaisalmer
6904,Samdari,IN-RJ,26.584176,73.849855,,India;Rajasthan;Balotra
590,Sanchore,IN-RJ,25.099518,72.211683,,India;Rajasthan;Jalore
545,Sanganer,IN-RJ,26.976650,75.719841,,India;Rajasthan;Jaipur
466,Sangaria,IN-RJ,29.265979,74.561463,,India;Rajasthan;Hanumangarh
669,Sangod,IN-RJ,25.109266,76.106084,,India;Rajasthan;Kota
7149,Sanjoo,IN-RJ,27.065964,74.175488,,India;Rajasthan;Nagaur
525,Sapotra,IN-RJ,26.523079,76.958707,,India;Rajasthan;Karauli
693,Sarada,IN-RJ,26.584176,73.849855,,India;Rajasthan;Salumbar
7370,Sardargarh,IN-RJ,25.227968,73.891708,,India;Rajasthan;Rajsamand
483,Sardarshahar,IN-RJ,28.345118,74.696405,,India;Rajasthan;Churu
6389,Sarmathura,IN-RJ,26.680863,77.702142,,India;Rajasthan;Dholpur
613,Sarwar,IN-RJ,26.233499,74.773091,,India;Rajasthan;Ajmer
113,Sawai Madhopur,IN-RJ,26.217244,76.460987,,India;Rajasthan
531,Sawai Madhopur,IN-RJ,26.217244,76.460987,,India;Rajasthan;Sawai Madhopur
6660,Sawar,IN-RJ,26.233499,74.773091,,India;Rajasthan;Ajmer
585,Sayla,IN-RJ,25.099518,72.211683,,India;Rajasthan;Jalore
7390,Sayra,IN-RJ,24.418699,73.689784,,India;Rajasthan;Udaipur
6045,Sedwa,IN-RJ,25.734986,71.474795,,India;Rajasthan;Barmer
6927,Sekhala,IN-RJ,26.747773,72.785854,,India;Rajasthan;Jodhpur
6911,Semari,IN-RJ,26.584176,73.849855,,India;Rajasthan;Salumbar
517,Sepau,IN-RJ,26.680863,77.702142,,India;Rajasthan;Dholpur
7147,Setrawa,IN-RJ,26.584176,73.849855,,India;Rajasthan;Phalodi
675,Shahbad,IN-RJ,24.995630,76.747835,,India;Rajasthan;Baran
629,Shahpura,IN-RJ,25.481644,74.726677,,India;Rajasthan;Bhilwara
540,Shahpura,IN-RJ,26.976650,75.719841,,India;Rajasthan;Jaipur
577,Sheo,IN-RJ,25.734986,71.474795,,India;Rajasthan;Barmer
592,Sheoganj,IN-RJ,24.761751,72.776047,,India;Rajasthan;Sirohi
571,Shergarh,IN-RJ,26.747773,72.785854,,India;Rajasthan;Jodhpur
555,Shrimadhopur,IN-RJ,27.634011,75.288276,,India;Rajasthan;Sikar
7148,Shrimahaveer Ji,IN-RJ,26.523079,76.958707,,India;Rajasthan;Karauli
6931,Sidhmukh,IN-RJ,28.345118,74.696405,,India;Rajasthan;Churu
114,Sikar,IN-RJ,27.634011,75.288276,,India;Rajasthan
553,Sikar,IN-RJ,27.634011,75.288276,,India;Rajasthan;Sikar
7228,Sikar Gramin,IN-RJ,27.634011,75.288276,,India;Rajasthan;Sikar
535,Sikrai,IN-RJ,26.857579,76.510297,,India;Rajasthan;Dausa
6930,Sikri,IN-RJ,26.584176,73.849855,,India;Rajasthan;Deeg
649,Simalwara,IN-RJ,23.731872,73.853138,,India;Rajasthan;Dungarpur
6052,Sindhari,IN-RJ,26.584176,73.849855,,India;Rajasthan;Balotra
115,Sirohi,IN-RJ,24.761751,72.776047,,India;Rajasthan
593,Sirohi,IN-RJ,24.761751,72.776047,,India;Rajasthan;Sirohi
580,Siwana,IN-RJ,26.584176,73.849855,,India;Rajasthan;Balotra
599,Sojat,IN-RJ,25.706921,73.519596,,India;Rajasthan;Pali
480,Sridungargarh,IN-RJ,28.177209,73.174572,,India;Rajasthan;Bikaner
7150,Suhagpura,IN-RJ,24.029241,74.650304,,India;Rajasthan;Pratapgarh
486,Sujangarh,IN-RJ,28.345118,74.696405,,India;Rajasthan;Churu
604,Sumerpur,IN-RJ,25.706921,73.519596,,India;Rajasthan;Pali
6667,Sunel,IN-RJ,24.335986,76.193443,,India;Rajasthan;Jhalawar
6371,Surajgarh,IN-RJ,28.092715,75.549656,,India;Rajasthan;Jhunjhunu
465,Suratgarh,IN-RJ,29.395945,73.570535,,India;Rajasthan;Ganganagar
6934,Suroth,IN-RJ,26.523079,76.958707,,India;Rajasthan;Karauli
7225,Talawara,IN-RJ,26.217244,76.460987,,India;Rajasthan;Sawai Madhopur
6033,Talera,IN-RJ,25.485609,75.790630,,India;Rajasthan;Bundi
6658,Tantoti,IN-RJ,26.233499,74.773091,,India;Rajasthan;Ajmer
7128,Tapukara,IN-RJ,26.584176,73.849855,,India;Rajasthan;Khairthal-Tijara
481,Taranagar,IN-RJ,28.345118,74.696405,,India;Rajasthan;Churu
6656,Tatgarh,IN-RJ,26.584176,73.849855,,India;Rajasthan;Beawar
7113,Tehla,IN-RJ,27.590899,76.601627,,India;Rajasthan;Alwar
501,Thanagazi,IN-RJ,27.590899,76.601627,,India;Rajasthan;Alwar
467,Tibbi,IN-RJ,29.265979,74.561463,,India;Rajasthan;Hanumangarh
496,Tijara,IN-RJ,26.584176,73.849855,,India;Rajasthan;Khairthal-Tijara
6390,Tinwari,IN-RJ,26.747773,72.785854,,India;Rajasthan;Jodhpur
520,Todabhim,IN-RJ,26.523079,76.958707,,India;Rajasthan;Karauli
619,Todaraisingh,IN-RJ,26.148317,75.665959,,India;Rajasthan;Tonk
116,Tonk,IN-RJ,26.148317,75.665959,,India;Rajasthan
618,Tonk,IN-RJ,26.148317,75.665959,,India;Rajasthan;Tonk
7142,Toonga,IN-RJ,26.976650,75.719841,,India;Rajasthan;Jaipur
6923,Uchchain,IN-RJ,27.247765,77.276538,,India;Rajasthan;Bharatpur
117,Udaipur,IN-RJ,24.418699,73.689784,,India;Rajasthan
492,Udaipurwati,IN-RJ,28.092715,75.549656,,India;Rajasthan;Jhunjhunu
621,Uniara,IN-RJ,26.148317,75.665959,,India;Rajasthan;Tonk
690,Vallabhnagar,IN-RJ,24.418699,73.689784,,India;Rajasthan;Udaipur
464,Vijainagar,IN-RJ,29.395945,73.570535,,India;Rajasthan;Ganganagar
6661,Vijainagar,IN-RJ,26.584176,73.849855,,India;Rajasthan;Beawar
539,Viratnagar,IN-RJ,26.584176,73.849855,,India;Rajasthan;Kotputli-Behror
6386,Wazeerpur,IN-RJ,26.217244,76.460987,,India;Rajasthan;Sawai Madhopur
512,Weir,IN-RJ,27.247765,77.276538,,India;Rajasthan;Bharatpur
1547,Chungthang,IN-SK,27.743446,88.528275,,India;Sikkim;Mangan
6398,Dentam,IN-SK,27.348415,88.175462,,India;Sikkim;Gyalshing
6402,Dzongu,IN-SK,27.743446,88.528275,,India;Sikkim;Mangan
225,Gangtok,IN-SK,27.292057,88.673069,,India;Sikkim
1553,Gangtok,IN-SK,27.292057,88.673069,,India;Sikkim;Gangtok
228,Gyalshing,IN-SK,27.348415,88.175462,,India;Sikkim
1549,Gyalshing,IN-SK,27.348415,88.175462,,India;Sikkim;Gyalshing
6399,Jorethang,IN-SK,27.286440,88.384824,,India;Sikkim;Namchi
6401,Kabi,IN-SK,27.743446,88.528275,,India;Sikkim;Mangan
7178,Mangalbarey,IN-SK,27.570188,88.473019,,India;Sikkim;Soreng
226,Mangan,IN-SK,27.743446,88.528275,,India;Sikkim
1548,Mangan,IN-SK,27.743446,88.528275,,India;Sikkim;Mangan
227,Namchi,IN-SK,27.286440,88.384824,,India;Sikkim
1551,Namchi,IN-SK,27.286440,88.384824,,India;Sikkim;Namchi
7542,Namthang,IN-SK,27.286440,88.384824,,India;Sikkim;Namchi
741,Pakyong,IN-SK,27.570188,88.473019,,India;Sikkim
1554,Pakyong,IN-SK,27.570188,88.473019,,India;Sikkim;Pakyong
7177,Rabdang,IN-SK,27.292057,88.673069,,India;Sikkim;Gangtok
6396,Rangpo,IN-SK,27.570188,88.473019,,India;Sikkim;Pakyong
1552,Ravangla,IN-SK,27.286440,88.384824,,India;Sikkim;Namchi
1555,Rongli,IN-SK,27.570188,88.473019,,India;Sikkim;Pakyong
742,Soreng,IN-SK,27.570188,88.473019,,India;Sikkim
1550,Soreng,IN-SK,27.570188,88.473019,,India;Sikkim;Soreng
6400,Yangang,IN-SK,27.286440,88.384824,,India;Sikkim;Namchi
6397,Yuksom,IN-SK,27.348415,88.175462,,India;Sikkim;Gyalshing
6319,Abdullapurmet,IN-TG,17.130963,78.412504,,India;Telangana;Ranga Reddy
4579,Achampet,IN-TG,16.382246,78.595988,,India;Telangana;Nagarkurnool
6304,Adavidevulapalli,IN-TG,16.876525,79.193064,,India;Telangana;Nalgonda
6310,Adda Guduru,IN-TG,17.451240,78.978697,,India;Telangana;Yadadri Bhuvanagiri
4586,Addakal,IN-TG,16.751490,78.013247,,India;Telangana;Mahabubnagar
501,Adilabad,IN-TG,19.519916,78.565982,,India;Telangana
6221,Adilabad Rural,IN-TG,19.519916,78.565982,,India;Telangana;Adilabad
4306,Adilabad Urban,IN-TG,19.519916,78.565982,,India;Telangana;Adilabad
7524,Akberpet-Bhoompally,IN-TG,18.021641,78.855083,,India;Telangana;Siddipet
6285,Akkannapet,IN-TG,18.021641,78.855083,,India;Telangana;Siddipet
4617,Alair,IN-TG,17.451240,78.978697,,India;Telangana;Yadadri Bhuvanagiri
4612,Alampur,IN-TG,16.071697,77.780993,,India;Telangana;Jogulamba Gadwal
4470,Alladurg,IN-TG,17.953209,78.265038,,India;Telangana;Medak
6267,Allapalli,IN-TG,17.690454,80.716493,,India;Telangana;Bhadradri Kothagudem
7528,Aloor,IN-TG,18.701604,78.211364,,India;Telangana;Nizamabad
6328,Alwal,IN-TG,17.544214,78.557696,,India;Telangana;Medchal Malkajgiri
4563,Amangal,IN-TG,17.130963,78.412504,,India;Telangana;Ranga Reddy
6290,Amarchintha,IN-TG,16.287718,78.049507,,India;Telangana;Wanaparthy
4502,Amberpet,IN-TG,17.395112,78.470167,,India;Telangana;Hyderabad
6276,Ameenpur,IN-TG,17.785340,77.874129,,India;Telangana;Sangareddy
4497,Ameerpet,IN-TG,17.395112,78.470167,,India;Telangana;Hyderabad
4578,Amrabad,IN-TG,16.382246,78.595988,,India;Telangana;Nagarkurnool
6302,Ananthagiri,IN-TG,17.080643,79.754395,,India;Telangana;Suryapet
4479,Andole,IN-TG,17.785340,77.874129,,India;Telangana;Sangareddy
6268,Annapureddypalli,IN-TG,17.690454,80.716493,,India;Telangana;Bhadradri Kothagudem
6214,Anthergaon,IN-TG,18.620155,79.453681,,India;Telangana;Peddapalli
4660,Anumula,IN-TG,16.876525,79.193064,,India;Telangana;Nalgonda
4360,Armoor,IN-TG,18.701604,78.211364,,India;Telangana;Nizamabad
4506,Asif Nagar,IN-TG,17.395112,78.470167,,India;Telangana;Hyderabad
4319,Asifabad,IN-TG,19.357095,79.419802,,India;Telangana;Kumuram Bheem Asifabad
4728,Aswapuram,IN-TG,17.690454,80.716493,,India;Telangana;Bhadradri Kothagudem
4749,Aswaraopeta,IN-TG,17.690454,80.716493,,India;Telangana;Bhadradri Kothagudem
4694,Athmakur,IN-TG,18.046534,79.463730,,India;Telangana;Hanumakonda
4592,Atmakur,IN-TG,16.287718,78.049507,,India;Telangana;Wanaparthy
4626,Atmakur (M),IN-TG,17.451240,78.978697,,India;Telangana;Yadadri Bhuvanagiri
4622,Atmakur (S),IN-TG,17.080643,79.754395,,India;Telangana;Suryapet
4630,B Pochampally,IN-TG,17.451240,78.978697,,India;Telangana;Yadadri Bhuvanagiri
4674,Bachannapet,IN-TG,17.727859,79.284325,,India;Telangana;Jangoan
6315,Bachupally,IN-TG,17.544214,78.557696,,India;Telangana;Medchal Malkajgiri
4508,Bahadurpura,IN-TG,17.395112,78.470167,,India;Telangana;Hyderabad
4557,Balanagar,IN-TG,16.751490,78.013247,,India;Telangana;Mahabubnagar
4517,Balanagar,IN-TG,17.544214,78.557696,,India;Telangana;Medchal Malkajgiri
6323,Balapur,IN-TG,17.130963,78.412504,,India;Telangana;Ranga Reddy
4361,Balkonda,IN-TG,18.701604,78.211364,,India;Telangana;Nizamabad
4597,Balmoor,IN-TG,16.382246,78.595988,,India;Telangana;Nagarkurnool
4509,Bandlaguda,IN-TG,17.395112,78.470167,,India;Telangana;Hyderabad
4383,Banswada,IN-TG,18.324814,78.061681,,India;Telangana;Kamareddy
4532,Bantwaram,IN-TG,17.246310,77.750811,,India;Telangana;Vikarabad
6205,Basar,IN-TG,19.113181,78.314942,,India;Telangana;Nirmal
4535,Basheerabad,IN-TG,17.246310,77.750811,,India;Telangana;Vikarabad
4742,Bayyaram,IN-TG,17.675222,79.996276,,India;Telangana;Mahabubabad
4323,Bazarhatnoor,IN-TG,19.519916,78.565982,,India;Telangana;Adilabad
6212,Beerpur,IN-TG,18.832238,78.877896,,India;Telangana;Jagitial
4437,Bejjanki,IN-TG,18.021641,78.855083,,India;Telangana;Siddipet
4317,Bejjur,IN-TG,19.357095,79.419802,,India;Telangana;Kumuram Bheem Asifabad
4308,Bela,IN-TG,19.519916,78.565982,,India;Telangana;Adilabad
4350,Bellampally,IN-TG,18.991463,79.512315,,India;Telangana;Mancherial
4730,Bhadrachalam,IN-TG,17.690454,80.716493,,India;Telangana;Bhadradri Kothagudem
690,Bhadradri Kothagudem,IN-TG,17.690454,80.716493,,India;Telangana
4339,Bhainsa,IN-TG,19.113181,78.314942,,India;Telangana;Nirmal
4448,Bheemadevarpalli,IN-TG,18.046534,79.463730,,India;Telangana;Hanumakonda
6228,Bheemaram,IN-TG,18.991463,79.512315,,India;Telangana;Mancherial
7541,Bheemaram (20),IN-TG,18.832238,78.877896,,India;Telangana;Jagitial
4364,Bheemgal,IN-TG,18.701604,78.211364,,India;Telangana;Nizamabad
4328,Bheemini,IN-TG,18.991463,79.512315,,India;Telangana;Mancherial
6223,Bheempur,IN-TG,19.519916,78.565982,,India;Telangana;Adilabad
4391,Bhiknoor,IN-TG,18.324814,78.061681,,India;Telangana;Kamareddy
4628,Bhongir,IN-TG,17.451240,78.978697,,India;Telangana;Yadadri Bhuvanagiri
4574,Bhoothpur,IN-TG,16.751490,78.013247,,India;Telangana;Mahabubnagar
7529,Bhoraj,IN-TG,19.519916,78.565982,,India;Telangana;Adilabad
4682,Bhupalpally,IN-TG,18.506030,79.924365,,India;Telangana;Jayashankar Bhupalapally
4629,Bibinagar,IN-TG,17.451240,78.978697,,India;Telangana;Yadadri Bhuvanagiri
6242,Bibipet,IN-TG,18.324814,78.061681,,India;Telangana;Kamareddy
4374,Bichkunda,IN-TG,18.324814,78.061681,,India;Telangana;Kamareddy
4584,Bijinapally,IN-TG,16.382246,78.595988,,India;Telangana;Nagarkurnool
4375,Birkur,IN-TG,18.324814,78.061681,,India;Telangana;Kamareddy
4324,Boath,IN-TG,19.519916,78.565982,,India;Telangana;Adilabad
4370,Bodhan,IN-TG,18.701604,78.211364,,India;Telangana;Nizamabad
4429,Boinpalli,IN-TG,18.414096,78.763447,,India;Telangana;Rajanna Sircilla
4550,Bomaraspeta,IN-TG,17.246310,77.750811,,India;Telangana;Vikarabad
4613,Bommalaramaram,IN-TG,17.451240,78.978697,,India;Telangana;Yadadri Bhuvanagiri
4765,Bonakal,IN-TG,17.205947,80.365131,,India;Telangana;Khammam
6213,Buggaram,IN-TG,18.832238,78.877896,,India;Telangana;Jagitial
4736,Burgampahad,IN-TG,17.690454,80.716493,,India;Telangana;Bhadradri Kothagudem
4652,Chandampeta,IN-TG,16.876525,79.193064,,India;Telangana;Nalgonda
4747,Chandrugonda,IN-TG,17.690454,80.716493,,India;Telangana;Bhadradri Kothagudem
6669,Chandur,IN-TG,18.701604,78.211364,,India;Telangana;Nizamabad
4655,Chandur,IN-TG,16.876525,79.193064,,India;Telangana;Nalgonda
4419,Chandurthi,IN-TG,18.414096,78.763447,,India;Telangana;Rajanna Sircilla
6293,Charakonda,IN-TG,16.382246,78.595988,,India;Telangana;Nagarkurnool
4510,Charminar,IN-TG,17.395112,78.470167,,India;Telangana;Hyderabad
4466,Chegunta,IN-TG,17.953209,78.265038,,India;Telangana;Medak
4712,Chennaraopet,IN-TG,17.919204,79.737482,,India;Telangana;Warangal
4356,Chennur,IN-TG,18.991463,79.512315,,India;Telangana;Mancherial
4672,Cherial,IN-TG,18.021641,78.855083,,India;Telangana;Siddipet
4726,Cherla,IN-TG,17.690454,80.716493,,India;Telangana;Bhadradri Kothagudem
4529,Chevella,IN-TG,17.130963,78.412504,,India;Telangana;Ranga Reddy
4442,Chigurumamidi,IN-TG,18.380033,79.245348,,India;Telangana;Karimnagar
4667,Chilkur,IN-TG,17.080643,79.754395,,India;Telangana;Suryapet
6274,Chilpched,IN-TG,17.953209,78.265038,,India;Telangana;Medak
6259,Chilpur,IN-TG,17.727859,79.284325,,India;Telangana;Jangoan
4587,Chinnachintakunta,IN-TG,16.751490,78.013247,,India;Telangana;Mahabubnagar
6254,Chinnagudur,IN-TG,17.675222,79.996276,,India;Telangana;Mahabubabad
4460,Chinnakodur,IN-TG,18.021641,78.855083,,India;Telangana;Siddipet
6287,Chinnambavi,IN-TG,16.287718,78.049507,,India;Telangana;Wanaparthy
6314,Chintalamanepally,IN-TG,19.357095,79.419802,,India;Telangana;Kumuram Bheem Asifabad
4760,Chinthakani,IN-TG,17.205947,80.365131,,India;Telangana;Khammam
6303,Chinthalapalem,IN-TG,17.080643,79.754395,,India;Telangana;Suryapet
4650,Chinthapally,IN-TG,16.876525,79.193064,,India;Telangana;Nalgonda
4633,Chityal,IN-TG,16.876525,79.193064,,India;Telangana;Nalgonda
4681,Chityal,IN-TG,18.506030,79.924365,,India;Telangana;Jayashankar Bhupalapally
4639,Chivemla,IN-TG,17.080643,79.754395,,India;Telangana;Suryapet
4424,Choppadandi,IN-TG,18.380033,79.245348,,India;Telangana;Karimnagar
4631,Choutuppal,IN-TG,17.451240,78.978697,,India;Telangana;Yadadri Bhuvanagiri
7186,Chowdapur,IN-TG,17.246310,77.750811,,India;Telangana;Vikarabad
7188,Chowtakur,IN-TG,17.785340,77.874129,,India;Telangana;Sangareddy
6376,Chunchupalli,IN-TG,17.690454,80.716493,,India;Telangana;Bhadradri Kothagudem
4329,Dahegoan,IN-TG,19.357095,79.419802,,India;Telangana;Kumuram Bheem Asifabad
4553,Damargidda,IN-TG,16.638254,77.582727,,India;Telangana;Narayanpet
6375,Damera,IN-TG,18.046534,79.463730,,India;Telangana;Hanumakonda
4663,Dameracherla,IN-TG,16.876525,79.193064,,India;Telangana;Nalgonda
4750,Dammapeta,IN-TG,17.690454,80.716493,,India;Telangana;Bhadradri Kothagudem
4348,Dandepally,IN-TG,18.991463,79.512315,,India;Telangana;Mancherial
6255,Danthalapalle,IN-TG,17.675222,79.996276,,India;Telangana;Mahabubabad
6207,Dasturabad,IN-TG,19.113181,78.314942,,India;Telangana;Nirmal
4573,Devarakadra,IN-TG,16.751490,78.013247,,India;Telangana;Mahabubnagar
4653,Devarakonda,IN-TG,16.876525,79.193064,,India;Telangana;Nalgonda
4701,Devaruppula,IN-TG,17.727859,79.284325,,India;Telangana;Jangoan
4572,Dhanwada,IN-TG,16.638254,77.582727,,India;Telangana;Narayanpet
4397,Dharmapuri,IN-TG,18.832238,78.877896,,India;Telangana;Jagitial
4411,Dharmaram,IN-TG,18.620155,79.453681,,India;Telangana;Peddapalli
4677,Dharmasagar,IN-TG,18.046534,79.463730,,India;Telangana;Hanumakonda
4591,Dharoor,IN-TG,16.071697,77.780993,,India;Telangana;Jogulamba Gadwal
4378,Dharpally,IN-TG,18.701604,78.211364,,India;Telangana;Nizamabad
4531,Dharur,IN-TG,17.246310,77.750811,,India;Telangana;Vikarabad
7189,Dhoolmitta,IN-TG,18.021641,78.855083,,India;Telangana;Siddipet
4377,Dichpally,IN-TG,18.701604,78.211364,,India;Telangana;Nizamabad
4343,Dilawarpur,IN-TG,19.113181,78.314942,,India;Telangana;Nirmal
4537,Doma,IN-TG,17.246310,77.750811,,India;Telangana;Vikarabad
4392,Domakonda,IN-TG,18.324814,78.061681,,India;Telangana;Kamareddy
7525,Dongli,IN-TG,18.324814,78.061681,,India;Telangana;Kamareddy
7530,Donkeshwar,IN-TG,18.701604,78.211364,,India;Telangana;Nizamabad
4722,Dornakal,IN-TG,17.675222,79.996276,,India;Telangana;Mahabubabad
4552,Doulathabad,IN-TG,17.246310,77.750811,,India;Telangana;Vikarabad
4465,Doultabad,IN-TG,18.021641,78.855083,,India;Telangana;Siddipet
4458,Dubbak,IN-TG,18.021641,78.855083,,India;Telangana;Siddipet
7540,Dudyal,IN-TG,17.246310,77.750811,,India;Telangana;Vikarabad
4693,Duggondi,IN-TG,17.919204,79.737482,,India;Telangana;Warangal
4729,Dummugudem,IN-TG,17.690454,80.716493,,India;Telangana;Bhadradri Kothagudem
4410,Eligaid,IN-TG,18.620155,79.453681,,India;Telangana;Peddapalli
4449,Elkathurthy,IN-TG,18.046534,79.463730,,India;Telangana;Hanumakonda
6234,Ellandakunta,IN-TG,18.380033,79.245348,,India;Telangana;Karimnagar
7539,Endapalli,IN-TG,18.832238,78.877896,,India;Telangana;Jagitial
4753,Enkoor,IN-TG,17.205947,80.365131,,India;Telangana;Khammam
4685,Eturunagaram,IN-TG,18.291487,80.337459,,India;Telangana;Mulugu
4559,Farooqnagar,IN-TG,17.130963,78.412504,,India;Telangana;Ranga Reddy
6225,Gadiguda,IN-TG,19.519916,78.565982,,India;Telangana;Adilabad
4603,Gadwal,IN-TG,16.071697,77.780993,,India;Telangana;Jogulamba Gadwal
4483,Gajwel,IN-TG,18.021641,78.855083,,India;Telangana;Siddipet
4433,Gambhiraopet,IN-TG,18.414096,78.763447,,India;Telangana;Rajanna Sircilla
4538,Gandeed,IN-TG,16.751490,78.013247,,India;Telangana;Mahabubnagar
4382,Gandhari,IN-TG,18.324814,78.061681,,India;Telangana;Kamareddy
6316,Gandimaisamma Dundigal,IN-TG,17.544214,78.557696,,India;Telangana;Medchal Malkajgiri
6320,Gandipet,IN-TG,17.130963,78.412504,,India;Telangana;Ranga Reddy
4422,Gangadhara,IN-TG,18.380033,79.245348,,India;Telangana;Karimnagar
6253,Gangaram,IN-TG,17.675222,79.996276,,India;Telangana;Mahabubabad
6232,Ganneruvaram,IN-TG,18.380033,79.245348,,India;Telangana;Karimnagar
4666,Garidepally,IN-TG,17.080643,79.754395,,India;Telangana;Suryapet
4743,Garla,IN-TG,17.675222,79.996276,,India;Telangana;Mahabubabad
7526,Gattuppal,IN-TG,16.876525,79.193064,,India;Telangana;Nalgonda
4707,Geesugonda,IN-TG,17.919204,79.737482,,India;Telangana;Warangal
4585,Ghanpur,IN-TG,16.287718,78.049507,,India;Telangana;Wanaparthy
4683,Ghanpur (Mulug),IN-TG,18.506030,79.924365,,India;Telangana;Jayashankar Bhupalapally
4676,Ghanpur (Station),IN-TG,17.727859,79.284325,,India;Telangana;Jangoan
4523,Ghatkesar,IN-TG,17.544214,78.557696,,India;Telangana;Medchal Malkajgiri
4605,Ghattu,IN-TG,16.071697,77.780993,,India;Telangana;Jogulamba Gadwal
4507,Golconda,IN-TG,17.395112,78.470167,,India;Telangana;Hyderabad
4412,Gollapalli,IN-TG,18.832238,78.877896,,India;Telangana;Jagitial
4596,Gopalpeta,IN-TG,16.287718,78.049507,,India;Telangana;Wanaparthy
4688,Govindaraopet,IN-TG,18.291487,80.337459,,India;Telangana;Mulugu
4310,Gudihatnoor,IN-TG,19.519916,78.565982,,India;Telangana;Adilabad
7527,Gudipally,IN-TG,16.876525,79.193064,,India;Telangana;Nalgonda
4711,Gudur,IN-TG,17.675222,79.996276,,India;Telangana;Mahabubabad
6277,Gummadidala,IN-TG,17.785340,77.874129,,India;Telangana;Sangareddy
4618,Gundala,IN-TG,17.451240,78.978697,,India;Telangana;Yadadri Bhuvanagiri
4741,Gundala,IN-TG,17.690454,80.716493,,India;Telangana;Bhadradri Kothagudem
4651,Gundlapally,IN-TG,16.876525,79.193064,,India;Telangana;Nalgonda
7523,Gundumal,IN-TG,16.638254,77.582727,,India;Telangana;Narayanpet
4657,Gurrampode,IN-TG,16.876525,79.193064,,India;Telangana;Nalgonda
6227,Hajipur,IN-TG,18.991463,79.512315,,India;Telangana;Mancherial
4695,Hanamkonda,IN-TG,18.046534,79.463730,,India;Telangana;Hanumakonda
686,Hanumakonda,IN-TG,18.046534,79.463730,,India;Telangana
4555,Hanwada,IN-TG,16.751490,78.013247,,India;Telangana;Mahabubnagar
4678,Hasanparthy,IN-TG,18.046534,79.463730,,India;Telangana;Hanumakonda
4489,Hathnoora,IN-TG,17.785340,77.874129,,India;Telangana;Sangareddy
6270,Havelighanapur,IN-TG,17.953209,78.265038,,India;Telangana;Medak
4525,Hayathnagar,IN-TG,17.130963,78.412504,,India;Telangana;Ranga Reddy
4503,Himayatnagar,IN-TG,17.395112,78.470167,,India;Telangana;Hyderabad
4444,Husnabad,IN-TG,18.021641,78.855083,,India;Telangana;Siddipet
4446,Huzurabad,IN-TG,18.380033,79.245348,,India;Telangana;Karimnagar
4669,Huzurnagar,IN-TG,17.080643,79.754395,,India;Telangana;Suryapet
507,Hyderabad,IN-TG,17.395112,78.470167,Hyderabad City;Secunderabad,India;Telangana
4393,Ibrahimpatnam,IN-TG,18.832238,78.877896,,India;Telangana;Jagitial
4546,Ibrahimpatnam,IN-TG,17.130963,78.412504,,India;Telangana;Ranga Reddy
4322,Ichoda,IN-TG,19.519916,78.565982,,India;Telangana;Adilabad
4606,Ieeja,IN-TG,16.071697,77.780993,,India;Telangana;Jogulamba Gadwal
4436,Illanthakunta,IN-TG,18.414096,78.763447,,India;Telangana;Rajanna Sircilla
6249,Inavole,IN-TG,18.046534,79.463730,,India;Telangana;Hanumakonda
6236,Indalwai,IN-TG,18.701604,78.211364,,India;Telangana;Nizamabad
4311,Inderavelly,IN-TG,19.519916,78.565982,,India;Telangana;Adilabad
7538,Inugurthy,IN-TG,17.675222,79.996276,,India;Telangana;Mahabubabad
4607,Itikyala,IN-TG,16.071697,77.780993,,India;Telangana;Jogulamba Gadwal
4567,Jadcherla,IN-TG,16.751490,78.013247,,India;Telangana;Mahabubnagar
4484,Jagdevpur,IN-TG,18.021641,78.855083,,India;Telangana;Siddipet
681,Jagitial,IN-TG,18.832238,78.877896,,India;Telangana
4414,Jagitial,IN-TG,18.832238,78.877896,,India;Telangana;Jagitial
6211,Jagitial Rural,IN-TG,18.832238,78.877896,,India;Telangana;Jagitial
4307,Jainath,IN-TG,19.519916,78.565982,,India;Telangana;Adilabad
4320,Jainoor,IN-TG,19.357095,79.419802,,India;Telangana;Kumuram Bheem Asifabad
4355,Jaipur,IN-TG,18.991463,79.512315,,India;Telangana;Mancherial
4623,Jajireddygudem,IN-TG,17.080643,79.754395,,India;Telangana;Suryapet
4366,Jakranpally,IN-TG,18.701604,78.211364,,India;Telangana;Nizamabad
4440,Jammikunta,IN-TG,18.380033,79.245348,,India;Telangana;Karimnagar
689,Jangoan,IN-TG,17.727859,79.284325,,India;Telangana
4699,Jangoan,IN-TG,17.727859,79.284325,,India;Telangana;Jangoan
4334,Jannaram,IN-TG,18.991463,79.512315,,India;Telangana;Mancherial
687,Jayashankar Bhupalapally,IN-TG,18.506030,79.924365,,India;Telangana
4476,Jharasangam,IN-TG,17.785340,77.874129,,India;Telangana;Sangareddy
6322,Jilled Chowdergudem,IN-TG,17.130963,78.412504,,India;Telangana;Ranga Reddy
4493,Jinnaram,IN-TG,17.785340,77.874129,,India;Telangana;Sangareddy
695,Jogulamba Gadwal,IN-TG,16.071697,77.780993,,India;Telangana
4373,Jukkal,IN-TG,18.324814,78.061681,,India;Telangana;Kamareddy
4409,Julapalli,IN-TG,18.620155,79.453681,,India;Telangana;Peddapalli
4746,Julurpadu,IN-TG,17.690454,80.716493,,India;Telangana;Bhadradri Kothagudem
4335,Kaddam Peddur,IN-TG,19.113181,78.314942,,India;Telangana;Nirmal
6324,Kadthal,IN-TG,17.130963,78.412504,,India;Telangana;Ranga Reddy
4318,Kagaznagar,IN-TG,19.357095,79.419802,,India;Telangana;Kumuram Bheem Asifabad
4453,Kalher,IN-TG,17.785340,77.874129,,India;Telangana;Sangareddy
4763,Kalluru,IN-TG,17.205947,80.365131,,India;Telangana;Khammam
6297,Kaloor Thimmandoddi,IN-TG,16.071697,77.780993,,India;Telangana;Jogulamba Gadwal
4576,Kalwakurthy,IN-TG,16.382246,78.595988,,India;Telangana;Nagarkurnool
4447,Kamalapur,IN-TG,18.046534,79.463730,,India;Telangana;Hanumakonda
4400,Kamanpur,IN-TG,18.620155,79.453681,,India;Telangana;Peddapalli
685,Kamareddy,IN-TG,18.324814,78.061681,,India;Telangana
4390,Kamareddy,IN-TG,18.324814,78.061681,,India;Telangana;Kamareddy
4745,Kamepalli,IN-TG,17.205947,80.365131,,India;Telangana;Khammam
4363,Kammarpally,IN-TG,18.701604,78.211364,,India;Telangana;Nizamabad
4656,Kanagal,IN-TG,16.876525,79.193064,,India;Telangana;Nalgonda
6275,Kandi,IN-TG,17.785340,77.874129,,India;Telangana;Sangareddy
4545,Kandukur,IN-TG,17.130963,78.412504,,India;Telangana;Ranga Reddy
4450,Kangti,IN-TG,17.785340,77.874129,,India;Telangana;Sangareddy
6251,Kannaigudem,IN-TG,18.291487,80.337459,,India;Telangana;Mulugu
6229,Kannepally,IN-TG,18.991463,79.512315,,India;Telangana;Mancherial
6317,Kapra,IN-TG,17.544214,78.557696,,India;Telangana;Medchal Malkajgiri
6269,Karakagudem,IN-TG,17.690454,80.716493,,India;Telangana;Bhadradri Kothagudem
508,Karimnagar,IN-TG,18.380033,79.245348,,India;Telangana
6231,Karimnagar,IN-TG,18.380033,79.245348,,India;Telangana;Karimnagar
4428,Karimnagar Rural,IN-TG,18.380033,79.245348,,India;Telangana;Karimnagar
4349,Kasipet,IN-TG,18.991463,79.512315,,India;Telangana;Mancherial
4402,Kataram,IN-TG,18.506030,79.924365,,India;Telangana;Jayashankar Bhupalapally
4418,Kathlapur,IN-TG,18.832238,78.877896,,India;Telangana;Jagitial
4635,Kattangur,IN-TG,16.876525,79.193064,,India;Telangana;Nalgonda
4522,Keesara,IN-TG,17.544214,78.557696,,India;Telangana;Medchal Malkajgiri
4313,Kerameri,IN-TG,19.357095,79.419802,,India;Telangana;Kumuram Bheem Asifabad
4717,Kesamudram,IN-TG,17.675222,79.996276,,India;Telangana;Mahabubabad
4561,Keshampet,IN-TG,17.130963,78.412504,,India;Telangana;Ranga Reddy
4637,Kethepally,IN-TG,16.876525,79.193064,,India;Telangana;Nalgonda
4505,Khairatabad,IN-TG,17.395112,78.470167,,India;Telangana;Hyderabad
509,Khammam,IN-TG,17.205947,80.365131,,India;Telangana
4756,Khammam (Rural),IN-TG,17.205947,80.365131,,India;Telangana;Khammam
6326,Khammam Urban,IN-TG,17.205947,80.365131,,India;Telangana;Khammam
4709,Khanapur,IN-TG,17.919204,79.737482,,India;Telangana;Warangal
4347,Khanapur,IN-TG,19.113181,78.314942,,India;Telangana;Nirmal
6247,Khazipet,IN-TG,18.046534,79.463730,,India;Telangana;Hanumakonda
6246,Khila Warangal,IN-TG,17.919204,79.737482,,India;Telangana;Warangal
4668,Kodad,IN-TG,17.080643,79.754395,,India;Telangana;Suryapet
4600,Kodair,IN-TG,16.382246,78.595988,,India;Telangana;Nagarkurnool
4702,Kodakandla,IN-TG,17.727859,79.284325,,India;Telangana;Jangoan
4549,Kodangal,IN-TG,17.246310,77.750811,,India;Telangana;Vikarabad
4420,Kodimial,IN-TG,18.832238,78.877896,,India;Telangana;Jagitial
4443,Koheda,IN-TG,18.021641,78.855083,,India;Telangana;Siddipet
4475,Kohir,IN-TG,17.785340,77.874129,,India;Telangana;Sangareddy
4569,Koilkonda,IN-TG,16.751490,78.013247,,India;Telangana;Mahabubnagar
4609,Kollapur,IN-TG,16.382246,78.595988,,India;Telangana;Nagarkurnool
6284,Komuravelli,IN-TG,18.021641,78.855083,,India;Telangana;Siddipet
4431,Konaraopet,IN-TG,18.414096,78.763447,,India;Telangana;Rajanna Sircilla
6307,Kondamallepally,IN-TG,16.876525,79.193064,,India;Telangana;Nalgonda
4462,Kondapak,IN-TG,18.021641,78.855083,,India;Telangana;Siddipet
4491,Kondapur,IN-TG,17.785340,77.874129,,India;Telangana;Sangareddy
4558,Kondurg,IN-TG,17.130963,78.412504,,India;Telangana;Ranga Reddy
4761,Konijerla,IN-TG,17.205947,80.365131,,India;Telangana;Khammam
4416,Korutla,IN-TG,18.832238,78.877896,,India;Telangana;Jagitial
4551,Kosgi,IN-TG,16.638254,77.582727,,India;Telangana;Narayanpet
4371,Kotagiri,IN-TG,18.701604,78.211364,,India;Telangana;Nizamabad
4351,Kotapally,IN-TG,18.991463,79.512315,,India;Telangana;Mancherial
6312,Kotepally,IN-TG,17.246310,77.750811,,India;Telangana;Vikarabad
4710,Kothaguda,IN-TG,17.675222,79.996276,,India;Telangana;Mahabubabad
4738,Kothagudem,IN-TG,17.690454,80.716493,,India;Telangana;Bhadradri Kothagudem
4593,Kothakota,IN-TG,16.287718,78.049507,,India;Telangana;Wanaparthy
6230,Kothapally,IN-TG,18.380033,79.245348,,India;Telangana;Karimnagar
7537,Kothapally (15),IN-TG,16.638254,77.582727,,India;Telangana;Narayanpet
7531,Kothapallygori,IN-TG,18.506030,79.924365,,India;Telangana;Jayashankar Bhupalapally
4560,Kothur,IN-TG,17.130963,78.412504,,India;Telangana;Ranga Reddy
7522,Koukuntla,IN-TG,16.751490,78.013247,,India;Telangana;Mahabubnagar
4316,Koutala,IN-TG,19.357095,79.419802,,India;Telangana;Kumuram Bheem Asifabad
4480,Kowdipally,IN-TG,17.953209,78.265038,,India;Telangana;Medak
6264,Krishna,IN-TG,16.638254,77.582727,,India;Telangana;Narayanpet
4338,Kubeer,IN-TG,19.113181,78.314942,,India;Telangana;Nirmal
6327,Kukatpally,IN-TG,17.544214,78.557696,,India;Telangana;Medchal Malkajgiri
7521,Kukunoorpally,IN-TG,18.021641,78.855083,,India;Telangana;Siddipet
4468,Kulcharam,IN-TG,17.953209,78.265038,,India;Telangana;Medak
4539,Kulkacharla,IN-TG,17.246310,77.750811,,India;Telangana;Vikarabad
699,Kumuram Bheem Asifabad,IN-TG,19.357095,79.419802,,India;Telangana
4337,Kuntala,IN-TG,19.113181,78.314942,,India;Telangana;Nirmal
4721,Kuravi,IN-TG,17.675222,79.996276,,India;Telangana;Mahabubabad
4755,Kusumanchi,IN-TG,17.205947,80.365131,,India;Telangana;Khammam
4345,Laxmanchanda,IN-TG,19.113181,78.314942,,India;Telangana;Nirmal
6266,Laxmidevipalli,IN-TG,17.690454,80.716493,,India;Telangana;Bhadradri Kothagudem
4598,Lingal,IN-TG,16.382246,78.595988,,India;Telangana;Nagarkurnool
4700,Lingalaghanpur,IN-TG,17.727859,79.284325,,India;Telangana;Jangoan
4388,Lingampet,IN-TG,18.324814,78.061681,,India;Telangana;Kamareddy
6311,Lingapur,IN-TG,19.357095,79.419802,,India;Telangana;Kumuram Bheem Asifabad
4342,Lokeswaram,IN-TG,19.113181,78.314942,,India;Telangana;Nirmal
4353,Luxettipet,IN-TG,18.991463,79.512315,,India;Telangana;Mancherial
4380,Machareddy,IN-TG,18.324814,78.061681,,India;Telangana;Kamareddy
6289,Madanapur,IN-TG,16.287718,78.049507,,India;Telangana;Wanaparthy
6300,Maddirala,IN-TG,17.080643,79.754395,,India;Telangana;Suryapet
4673,Maddur,IN-TG,18.021641,78.855083,,India;Telangana;Siddipet
4554,Maddur,IN-TG,16.638254,77.582727,,India;Telangana;Narayanpet
4564,Madgul,IN-TG,17.130963,78.412504,,India;Telangana;Ranga Reddy
4766,Madhira,IN-TG,17.205947,80.365131,,India;Telangana;Khammam
4372,Madnoor,IN-TG,18.324814,78.061681,,India;Telangana;Kamareddy
6305,Madugulapally,IN-TG,16.876525,79.193064,,India;Telangana;Nalgonda
4590,Maganoor,IN-TG,16.638254,77.582727,,India;Telangana;Narayanpet
688,Mahabubabad,IN-TG,17.675222,79.996276,,India;Telangana
4718,Mahabubabad,IN-TG,17.675222,79.996276,,India;Telangana;Mahabubabad
512,Mahabubnagar,IN-TG,16.751490,78.013247,,India;Telangana
6258,Mahabubnagar Rural,IN-TG,16.751490,78.013247,,India;Telangana;Mahabubnagar
4568,Mahabubnagar Urban,IN-TG,16.751490,78.013247,,India;Telangana;Mahabubnagar
4403,Mahadevpur,IN-TG,18.506030,79.924365,,India;Telangana;Jayashankar Bhupalapally
4544,Maheshwaram,IN-TG,17.130963,78.412504,,India;Telangana;Ranga Reddy
4367,Makloor,IN-TG,18.701604,78.211364,,India;Telangana;Nizamabad
4589,Makthal,IN-TG,16.638254,77.582727,,India;Telangana;Narayanpet
4604,Maldakal,IN-TG,16.071697,77.780993,,India;Telangana;Jogulamba Gadwal
4405,Malharrao,IN-TG,18.506030,79.924365,,India;Telangana;Jayashankar Bhupalapally
4521,Malkajgiri,IN-TG,17.544214,78.557696,,India;Telangana;Medchal Malkajgiri
7536,Mallampally,IN-TG,18.291487,80.337459,,India;Telangana;Mulugu
4394,Mallapur,IN-TG,18.832238,78.877896,,India;Telangana;Jagitial
4413,Mallial,IN-TG,18.832238,78.877896,,India;Telangana;Jagitial
4346,Mamada,IN-TG,19.113181,78.314942,,India;Telangana;Nirmal
4427,Manakondur,IN-TG,18.380033,79.245348,,India;Telangana;Karimnagar
4547,Manchal,IN-TG,17.130963,78.412504,,India;Telangana;Ranga Reddy
684,Mancherial,IN-TG,18.991463,79.512315,,India;Telangana
4354,Mancherial,IN-TG,18.991463,79.512315,,India;Telangana;Mancherial
4352,Mandamarri,IN-TG,18.991463,79.512315,,India;Telangana;Mancherial
4686,Mangapet,IN-TG,18.291487,80.337459,,India;Telangana;Mulugu
6273,Manoharabad,IN-TG,17.953209,78.265038,,India;Telangana;Medak
4451,Manoor,IN-TG,17.785340,77.874129,,India;Telangana;Sangareddy
4611,Manopad,IN-TG,16.071697,77.780993,,India;Telangana;Jogulamba Gadwal
4401,Manthani,IN-TG,18.620155,79.453681,,India;Telangana;Peddapalli
4727,Manuguru,IN-TG,17.690454,80.716493,,India;Telangana;Bhadradri Kothagudem
6263,Marikal,IN-TG,16.638254,77.582727,,India;Telangana;Narayanpet
4720,Maripeda,IN-TG,17.675222,79.996276,,India;Telangana;Mahabubabad
6282,Markook,IN-TG,18.021641,78.855083,,India;Telangana;Siddipet
4512,Marpalle,IN-TG,17.246310,77.750811,,India;Telangana;Vikarabad
4500,Marredpally,IN-TG,17.395112,78.470167,,India;Telangana;Hyderabad
4649,Marriguda,IN-TG,16.876525,79.193064,,India;Telangana;Nalgonda
7190,Masaipet,IN-TG,17.953209,78.265038,,India;Telangana;Medak
4670,Mattampally,IN-TG,17.080643,79.754395,,India;Telangana;Suryapet
6222,Mavala,IN-TG,19.519916,78.565982,,India;Telangana;Adilabad
513,Medak,IN-TG,17.953209,78.265038,,India;Telangana
4456,Medak,IN-TG,17.953209,78.265038,,India;Telangana;Medak
4519,Medchal,IN-TG,17.544214,78.557696,,India;Telangana;Medchal Malkajgiri
700,Medchal Malkajgiri,IN-TG,17.544214,78.557696,,India;Telangana
4415,Medipalli,IN-TG,18.832238,78.877896,,India;Telangana;Jagitial
6318,Medipally,IN-TG,17.544214,78.557696,,India;Telangana;Medchal Malkajgiri
4671,Mellachervu,IN-TG,17.080643,79.754395,,India;Telangana;Suryapet
6237,Mendora,IN-TG,18.701604,78.211364,,India;Telangana;Nizamabad
4417,Metpalli,IN-TG,18.832238,78.877896,,India;Telangana;Jagitial
4566,Midjil,IN-TG,16.751490,78.013247,,India;Telangana;Mahabubnagar
4464,Mirdoddi,IN-TG,18.021641,78.855083,,India;Telangana;Siddipet
4664,Miryalaguda,IN-TG,16.876525,79.193064,,India;Telangana;Nalgonda
6278,Mogudampally,IN-TG,17.785340,77.874129,,India;Telangana;Sangareddy
4680,Mogullapally,IN-TG,18.506030,79.924365,,India;Telangana;Jayashankar Bhupalapally
7187,Mohammadabad,IN-TG,16.751490,78.013247,,India;Telangana;Mahabubnagar
7520,Mohammadnagar,IN-TG,18.324814,78.061681,,India;Telangana;Kamareddy
4528,Moinabad,IN-TG,17.130963,78.412504,,India;Telangana;Ranga Reddy
4513,Mominpet,IN-TG,17.246310,77.750811,,India;Telangana;Vikarabad
6260,Moosapet,IN-TG,16.751490,78.013247,,India;Telangana;Mahabubnagar
4362,Morthad,IN-TG,18.701604,78.211364,,India;Telangana;Nizamabad
6668,Mosara,IN-TG,18.701604,78.211364,,India;Telangana;Nizamabad
6309,Motakonduru,IN-TG,17.451240,78.978697,,India;Telangana;Yadadri Bhuvanagiri
4640,Mothey,IN-TG,17.080643,79.754395,,India;Telangana;Suryapet
4625,Mothkur,IN-TG,17.451240,78.978697,,India;Telangana;Yadadri Bhuvanagiri
4341,Mudhole,IN-TG,19.113181,78.314942,,India;Telangana;Nirmal
4758,Mudigonda,IN-TG,17.205947,80.365131,,India;Telangana;Khammam
6671,Muduchinthalapally,IN-TG,17.544214,78.557696,,India;Telangana;Medchal Malkajgiri
6235,Mugpal,IN-TG,18.701604,78.211364,,India;Telangana;Nizamabad
4748,Mulkalapally,IN-TG,17.690454,80.716493,,India;Telangana;Bhadradri Kothagudem
4689,Mulug,IN-TG,18.291487,80.337459,,India;Telangana;Mulugu
4486,Mulug,IN-TG,18.021641,78.855083,,India;Telangana;Siddipet
720,Mulugu,IN-TG,18.291487,80.337459,,India;Telangana
4642,Munagala,IN-TG,17.080643,79.754395,,India;Telangana;Suryapet
4477,Munipally,IN-TG,17.785340,77.874129,,India;Telangana;Sangareddy
4647,Munugode,IN-TG,16.876525,79.193064,,India;Telangana;Nalgonda
6238,Mupkal,IN-TG,18.701604,78.211364,,India;Telangana;Nizamabad
4501,Musheerabad,IN-TG,17.395112,78.470167,,India;Telangana;Hyderabad
4434,Mustabad,IN-TG,18.414096,78.763447,,India;Telangana;Rajanna Sircilla
4406,Mutharam (Manthani),IN-TG,18.620155,79.453681,,India;Telangana;Peddapalli
4404,Mutharam Mahadevpur,IN-TG,18.506030,79.924365,,India;Telangana;Jayashankar Bhupalapally
4641,Nadigudem,IN-TG,17.080643,79.754395,,India;Telangana;Suryapet
6547,Nadikuda,IN-TG,18.046534,79.463730,,India;Telangana;Hanumakonda
6280,Nagalgidda,IN-TG,17.785340,77.874129,,India;Telangana;Sangareddy
6298,Nagaram,IN-TG,17.080643,79.754395,,India;Telangana;Suryapet
694,Nagarkurnool,IN-TG,16.382246,78.595988,,India;Telangana
4583,Nagarkurnool,IN-TG,16.382246,78.595988,,India;Telangana;Nagarkurnool
4387,Nagireddypet,IN-TG,18.324814,78.061681,,India;Telangana;Kamareddy
4636,Nakrekal,IN-TG,16.876525,79.193064,,India;Telangana;Nalgonda
514,Nalgonda,IN-TG,16.876525,79.193064,,India;Telangana
4646,Nalgonda,IN-TG,16.876525,79.193064,,India;Telangana;Nalgonda
4692,Nallabelli,IN-TG,17.919204,79.737482,,India;Telangana;Warangal
4654,Nampally,IN-TG,16.876525,79.193064,,India;Telangana;Nalgonda
4504,Nampally,IN-TG,17.395112,78.470167,,India;Telangana;Hyderabad
6321,Nandigama,IN-TG,17.130963,78.412504,,India;Telangana;Ranga Reddy
4359,Nandipet,IN-TG,18.701604,78.211364,,India;Telangana;Nizamabad
4461,Nangnoor,IN-TG,18.021641,78.855083,,India;Telangana;Siddipet
6670,Narayanaraopet,IN-TG,18.021641,78.855083,,India;Telangana;Siddipet
4452,Narayankhed,IN-TG,17.785340,77.874129,,India;Telangana;Sangareddy
721,Narayanpet,IN-TG,16.638254,77.582727,,India;Telangana
4570,Narayanpet,IN-TG,16.638254,77.582727,,India;Telangana;Narayanpet
4648,Narayanpur,IN-TG,17.451240,78.978697,,India;Telangana;Yadadri Bhuvanagiri
4634,Narketpally,IN-TG,16.876525,79.193064,,India;Telangana;Nalgonda
4675,Narmetta,IN-TG,17.727859,79.284325,,India;Telangana;Jangoan
4312,Narnoor,IN-TG,19.519916,78.565982,,India;Telangana;Adilabad
4708,Narsampet,IN-TG,17.919204,79.737482,,India;Telangana;Warangal
4488,Narsapur,IN-TG,17.953209,78.265038,,India;Telangana;Medak
6208,Narsapur G,IN-TG,19.113181,78.314942,,India;Telangana;Nirmal
4719,Narsimhulapet,IN-TG,17.675222,79.996276,,India;Telangana;Mahabubabad
6272,Narsingi,IN-TG,17.953209,78.265038,,India;Telangana;Medak
4588,Narwa,IN-TG,16.638254,77.582727,,India;Telangana;Narayanpet
6226,Naspur,IN-TG,18.991463,79.512315,,India;Telangana;Mancherial
6244,Nasurullabad,IN-TG,18.324814,78.061681,,India;Telangana;Kamareddy
4358,Navipet,IN-TG,18.701604,78.211364,,India;Telangana;Nizamabad
4514,Nawabpet,IN-TG,17.246310,77.750811,,India;Telangana;Vikarabad
4556,Nawabpet,IN-TG,16.751490,78.013247,,India;Telangana;Mahabubnagar
4713,Nekkonda,IN-TG,17.919204,79.737482,,India;Telangana;Warangal
4759,Nelakondapalli,IN-TG,17.205947,80.365131,,India;Telangana;Khammam
4716,Nellikudur,IN-TG,17.675222,79.996276,,India;Telangana;Mahabubabad
4331,Nennel,IN-TG,18.991463,79.512315,,India;Telangana;Mancherial
4325,Neradigonda,IN-TG,19.519916,78.565982,,India;Telangana;Adilabad
4665,Nereducherla,IN-TG,17.080643,79.754395,,India;Telangana;Suryapet
6308,Neredugommu,IN-TG,16.876525,79.193064,,India;Telangana;Nalgonda
4661,Nidmanoor,IN-TG,16.876525,79.193064,,India;Telangana;Nalgonda
680,Nirmal,IN-TG,19.113181,78.314942,,India;Telangana
6210,Nirmal Rural,IN-TG,19.113181,78.314942,,India;Telangana;Nirmal
4344,Nirmal U,IN-TG,19.113181,78.314942,,India;Telangana;Nirmal
516,Nizamabad,IN-TG,18.701604,78.211364,,India;Telangana
4368,Nizamabad North,IN-TG,18.701604,78.211364,,India;Telangana;Nizamabad
6233,Nizamabad Rural,IN-TG,18.701604,78.211364,,India;Telangana;Nizamabad
6385,Nizamabad South,IN-TG,18.701604,78.211364,,India;Telangana;Nizamabad
6271,Nizampet,IN-TG,17.953209,78.265038,,India;Telangana;Medak
7535,Nizampet (28),IN-TG,17.785340,77.874129,,India;Telangana;Sangareddy
4385,Nizamsagar,IN-TG,18.324814,78.061681,,India;Telangana;Kamareddy
4621,Nuthanakal,IN-TG,17.080643,79.754395,,India;Telangana;Suryapet
4473,Nyalkal,IN-TG,17.785340,77.874129,,India;Telangana;Sangareddy
4426,Odela,IN-TG,18.620155,79.453681,,India;Telangana;Peddapalli
6294,Padara,IN-TG,16.382246,78.595988,,India;Telangana;Nagarkurnool
6301,Palakeedu,IN-TG,17.080643,79.754395,,India;Telangana;Suryapet
4697,Palakurthy,IN-TG,17.727859,79.284325,,India;Telangana;Jangoan
6215,Palakurthy,IN-TG,18.620155,79.453681,,India;Telangana;Peddapalli
6250,Palimela,IN-TG,18.506030,79.924365,,India;Telangana;Jayashankar Bhupalapally
4737,Palvoncha,IN-TG,17.690454,80.716493,,India;Telangana;Bhadradri Kothagudem
7519,Palwancha,IN-TG,18.324814,78.061681,,India;Telangana;Kamareddy
4601,Pangal,IN-TG,16.287718,78.049507,,India;Telangana;Wanaparthy
4455,Papannapet,IN-TG,17.953209,78.265038,,India;Telangana;Medak
4540,Pargi,IN-TG,17.246310,77.750811,,India;Telangana;Vikarabad
4679,Parkal,IN-TG,18.046534,79.463730,,India;Telangana;Hanumakonda
4714,Parvathagiri,IN-TG,17.919204,79.737482,,India;Telangana;Warangal
4494,Patancheru,IN-TG,17.785340,77.874129,,India;Telangana;Sangareddy
4602,Pebbair,IN-TG,16.287718,78.049507,,India;Telangana;Wanaparthy
4658,Pedda Adesherlapally,IN-TG,16.876525,79.193064,,India;Telangana;Nalgonda
6245,Pedda Kodapgal,IN-TG,18.324814,78.061681,,India;Telangana;Kamareddy
4599,Peddakothapally,IN-TG,16.382246,78.595988,,India;Telangana;Nagarkurnool
4594,Peddamandadi,IN-TG,16.287718,78.049507,,India;Telangana;Wanaparthy
682,Peddapalli,IN-TG,18.620155,79.453681,,India;Telangana
4408,Peddapalli,IN-TG,18.620155,79.453681,,India;Telangana;Peddapalli
6256,Peddavangara,IN-TG,17.675222,79.996276,,India;Telangana;Mahabubabad
4659,Peddavoora,IN-TG,16.876525,79.193064,,India;Telangana;Nalgonda
4533,Peddemul,IN-TG,17.246310,77.750811,,India;Telangana;Vikarabad
4421,Pegadapalli,IN-TG,18.832238,78.877896,,India;Telangana;Jagitial
6206,Pembi,IN-TG,19.113181,78.314942,,India;Telangana;Nirmal
6313,Penchicalpet,IN-TG,19.357095,79.419802,,India;Telangana;Kumuram Bheem Asifabad
4643,Penpahad,IN-TG,17.080643,79.754395,,India;Telangana;Suryapet
6292,Pentlavelli,IN-TG,16.382246,78.595988,,India;Telangana;Nagarkurnool
4752,Penuballi,IN-TG,17.205947,80.365131,,India;Telangana;Khammam
4725,Pinapaka,IN-TG,17.690454,80.716493,,India;Telangana;Bhadradri Kothagudem
4384,Pitlam,IN-TG,18.324814,78.061681,,India;Telangana;Kamareddy
7534,Pothangal,IN-TG,18.701604,78.211364,,India;Telangana;Nizamabad
4541,Pudur,IN-TG,17.246310,77.750811,,India;Telangana;Vikarabad
4478,Pulkal,IN-TG,17.785340,77.874129,,India;Telangana;Sangareddy
4518,Qutballapur,IN-TG,17.544214,78.557696,,India;Telangana;Medchal Malkajgiri
4757,Raghunadhapalem,IN-TG,17.205947,80.365131,,India;Telangana;Khammam
4698,Ragunathpally,IN-TG,17.727859,79.284325,,India;Telangana;Jangoan
4395,Raikal,IN-TG,18.832238,78.877896,,India;Telangana;Jagitial
4472,Raikode,IN-TG,17.785340,77.874129,,India;Telangana;Sangareddy
6283,Raipole,IN-TG,18.021641,78.855083,,India;Telangana;Siddipet
6241,Rajampet,IN-TG,18.324814,78.061681,,India;Telangana;Kamareddy
683,Rajanna Sircilla,IN-TG,18.414096,78.763447,,India;Telangana
4615,Rajapeta,IN-TG,17.451240,78.978697,,India;Telangana;Yadadri Bhuvanagiri
6261,Rajapur,IN-TG,16.751490,78.013247,,India;Telangana;Mahabubnagar
4527,Rajendranagar,IN-TG,17.130963,78.412504,,India;Telangana;Ranga Reddy
6296,Rajoli,IN-TG,16.071697,77.780993,,India;Telangana;Jogulamba Gadwal
4423,Ramadugu,IN-TG,18.380033,79.245348,,India;Telangana;Karimnagar
6216,Ramagiri,IN-TG,18.620155,79.453681,,India;Telangana;Peddapalli
4399,Ramagundam,IN-TG,18.620155,79.453681,,India;Telangana;Peddapalli
4632,Ramannapet,IN-TG,17.451240,78.978697,,India;Telangana;Yadadri Bhuvanagiri
6243,Ramareddy,IN-TG,18.324814,78.061681,,India;Telangana;Kamareddy
4457,Ramayampet,IN-TG,17.953209,78.265038,,India;Telangana;Medak
4495,Ramchandrapuram,IN-TG,17.785340,77.874129,,India;Telangana;Sangareddy
518,Ranga Reddy,IN-TG,17.130963,78.412504,,India;Telangana
4703,Rayaparthy,IN-TG,17.919204,79.737482,,India;Telangana;Warangal
4327,Rebbena,IN-TG,19.357095,79.419802,,India;Telangana;Kumuram Bheem Asifabad
4471,Regode,IN-TG,17.953209,78.265038,,India;Telangana;Medak
4690,Regonda,IN-TG,18.506030,79.924365,,India;Telangana;Jayashankar Bhupalapally
4357,Renjal,IN-TG,18.701604,78.211364,,India;Telangana;Nizamabad
6286,Revally,IN-TG,16.287718,78.049507,,India;Telangana;Wanaparthy
6219,Rudrangi,IN-TG,18.414096,78.763447,,India;Telangana;Rajanna Sircilla
6240,Rudrur,IN-TG,18.701604,78.211364,,India;Telangana;Nizamabad
4381,Sadashivanagar,IN-TG,18.324814,78.061681,,India;Telangana;Kamareddy
4490,Sadasivpet,IN-TG,17.785340,77.874129,,India;Telangana;Sangareddy
4511,Saidabad,IN-TG,17.395112,78.470167,,India;Telangana;Hyderabad
7532,Saloora,IN-TG,18.701604,78.211364,,India;Telangana;Nizamabad
691,Sangareddy,IN-TG,17.785340,77.874129,,India;Telangana
4492,Sangareddy,IN-TG,17.785340,77.874129,,India;Telangana;Sangareddy
4705,Sangem,IN-TG,17.919204,79.737482,,India;Telangana;Warangal
4396,Sarangapur,IN-TG,18.832238,78.877896,,India;Telangana;Jagitial
4336,Sarangapur,IN-TG,19.113181,78.314942,,India;Telangana;Nirmal
4526,Saroornagar,IN-TG,17.130963,78.412504,,India;Telangana;Ranga Reddy
7515,Sathnala,IN-TG,19.519916,78.565982,,India;Telangana;Adilabad
4751,Sathupalli,IN-TG,17.205947,80.365131,,India;Telangana;Khammam
4498,Secunderabad,IN-TG,17.395112,78.470167,,India;Telangana;Hyderabad
7518,Seerole,IN-TG,17.675222,79.996276,,India;Telangana;Mahabubabad
4516,Serilingampally,IN-TG,17.130963,78.412504,,India;Telangana;Ranga Reddy
4542,Shabad,IN-TG,17.130963,78.412504,,India;Telangana;Ranga Reddy
4496,Shaikpet,IN-TG,17.395112,78.470167,,India;Telangana;Hyderabad
4624,Shaligouraram,IN-TG,16.876525,79.193064,,India;Telangana;Nalgonda
4520,Shamirpet,IN-TG,17.544214,78.557696,,India;Telangana;Medchal Malkajgiri
4543,Shamshabad,IN-TG,17.130963,78.412504,,India;Telangana;Ranga Reddy
4454,Shankarampet (A),IN-TG,17.953209,78.265038,,India;Telangana;Medak
4467,Shankarampet (R),IN-TG,17.953209,78.265038,,India;Telangana;Medak
4441,Shankarapatnam,IN-TG,18.380033,79.245348,,India;Telangana;Karimnagar
4515,Shankarpalle,IN-TG,17.130963,78.412504,,India;Telangana;Ranga Reddy
4691,Shayampet,IN-TG,18.046534,79.463730,,India;Telangana;Hanumakonda
4487,Shivampet,IN-TG,17.953209,78.265038,,India;Telangana;Medak
692,Siddipet,IN-TG,18.021641,78.855083,,India;Telangana
6281,Siddipet Rural,IN-TG,18.021641,78.855083,,India;Telangana;Siddipet
4459,Siddipet Urban,IN-TG,18.021641,78.855083,,India;Telangana;Siddipet
4744,Singareni,IN-TG,17.205947,80.365131,,India;Telangana;Khammam
4435,Sircilla,IN-TG,18.414096,78.763447,,India;Telangana;Rajanna Sircilla
6279,Sirgapoor,IN-TG,17.785340,77.874129,,India;Telangana;Sangareddy
4379,Sirikonda,IN-TG,18.701604,78.211364,,India;Telangana;Nizamabad
6224,Sirikonda,IN-TG,19.519916,78.565982,,India;Telangana;Adilabad
4315,Sirpur (T),IN-TG,19.357095,79.419802,,India;Telangana;Kumuram Bheem Asifabad
4326,Sirpur U,IN-TG,19.357095,79.419802,,India;Telangana;Kumuram Bheem Asifabad
6209,Soan,IN-TG,19.113181,78.314942,,India;Telangana;Nirmal
7516,Sonala,IN-TG,19.519916,78.565982,,India;Telangana;Adilabad
4407,Srirampur,IN-TG,18.620155,79.453681,,India;Telangana;Peddapalli
6288,Srirangapur,IN-TG,16.287718,78.049507,,India;Telangana;Wanaparthy
6265,Sujathanagar,IN-TG,17.690454,80.716493,,India;Telangana;Bhadradri Kothagudem
4425,Sulthanabad,IN-TG,18.620155,79.453681,,India;Telangana;Peddapalli
696,Suryapet,IN-TG,17.080643,79.754395,,India;Telangana
4638,Suryapet,IN-TG,17.080643,79.754395,,India;Telangana;Suryapet
4582,Tadoor,IN-TG,16.382246,78.595988,,India;Telangana;Nagarkurnool
4687,Tadvai,IN-TG,18.291487,80.337459,,India;Telangana;Mulugu
4389,Tadwai,IN-TG,18.324814,78.061681,,India;Telangana;Kamareddy
4309,Talamadugu,IN-TG,19.519916,78.565982,,India;Telangana;Adilabad
4305,Tamsi,IN-TG,19.519916,78.565982,,India;Telangana;Adilabad
4534,Tandur,IN-TG,17.246310,77.750811,,India;Telangana;Vikarabad
4332,Tandur,IN-TG,18.991463,79.512315,,India;Telangana;Mancherial
4340,Tanoor,IN-TG,19.113181,78.314942,,India;Telangana;Nirmal
4469,Tekmal,IN-TG,17.953209,78.265038,,India;Telangana;Medak
4739,Tekulapalli,IN-TG,17.690454,80.716493,,India;Telangana;Bhadradri Kothagudem
6248,Tekumatla,IN-TG,18.506030,79.924365,,India;Telangana;Jayashankar Bhupalapally
4581,Telkapally,IN-TG,16.382246,78.595988,,India;Telangana;Nagarkurnool
4562,Thalakondapally,IN-TG,17.130963,78.412504,,India;Telangana;Ranga Reddy
4762,Thallada,IN-TG,17.205947,80.365131,,India;Telangana;Khammam
6217,Thangallapalli,IN-TG,18.414096,78.763447,,India;Telangana;Rajanna Sircilla
6257,Tharigoppula,IN-TG,17.727859,79.284325,,India;Telangana;Jangoan
4575,Thimmajipet,IN-TG,16.382246,78.595988,,India;Telangana;Nagarkurnool
4438,Thimmapur LMD,IN-TG,18.380033,79.245348,,India;Telangana;Karimnagar
4645,Thipparthy,IN-TG,16.876525,79.193064,,India;Telangana;Nalgonda
4619,Thirumalagiri,IN-TG,17.080643,79.754395,,India;Telangana;Suryapet
4463,Thoguta,IN-TG,18.021641,78.855083,,India;Telangana;Siddipet
4715,Thorrur,IN-TG,17.675222,79.996276,,India;Telangana;Mahabubabad
4620,Thungaturthy,IN-TG,17.080643,79.754395,,India;Telangana;Suryapet
4614,Thurkapally,IN-TG,17.451240,78.978697,,India;Telangana;Yadadri Bhuvanagiri
6306,Tirumalagiri Sagar,IN-TG,16.876525,79.193064,,India;Telangana;Nalgonda
4754,Tirumalayapalem,IN-TG,17.205947,80.365131,,India;Telangana;Khammam
4499,Tirumalgiri,IN-TG,17.395112,78.470167,,India;Telangana;Hyderabad
4333,Tiryani,IN-TG,19.357095,79.419802,,India;Telangana;Kumuram Bheem Asifabad
4482,Toopran,IN-TG,17.953209,78.265038,,India;Telangana;Medak
4662,Tripuraram,IN-TG,16.876525,79.193064,,India;Telangana;Nalgonda
6299,Undavelly,IN-TG,16.071697,77.780993,,India;Telangana;Jogulamba Gadwal
4524,Uppal,IN-TG,17.544214,78.557696,,India;Telangana;Medchal Malkajgiri
4580,Uppununthala,IN-TG,16.382246,78.595988,,India;Telangana;Nagarkurnool
6295,Urkonda,IN-TG,16.382246,78.595988,,India;Telangana;Nagarkurnool
4571,Utkoor,IN-TG,16.638254,77.582727,,India;Telangana;Narayanpet
4321,Utnoor,IN-TG,19.519916,78.565982,,India;Telangana;Adilabad
4445,V.Saidapur,IN-TG,18.380033,79.245348,,India;Telangana;Karimnagar
4365,Vailpoor,IN-TG,18.701604,78.211364,,India;Telangana;Nizamabad
4627,Valigonda,IN-TG,17.451240,78.978697,,India;Telangana;Yadadri Bhuvanagiri
4577,Vangoor,IN-TG,16.382246,78.595988,,India;Telangana;Nagarkurnool
4376,Varni,IN-TG,18.701604,78.211364,,India;Telangana;Nizamabad
6291,Vatpally,IN-TG,17.785340,77.874129,,India;Telangana;Sangareddy
4439,Veenavanka,IN-TG,18.380033,79.245348,,India;Telangana;Karimnagar
6220,Veernapalli,IN-TG,18.414096,78.763447,,India;Telangana;Rajanna Sircilla
6252,Velair,IN-TG,18.046534,79.463730,,India;Telangana;Hanumakonda
4565,Veldanda,IN-TG,16.382246,78.595988,,India;Telangana;Nagarkurnool
4398,Velgatur,IN-TG,18.832238,78.877896,,India;Telangana;Jagitial
4330,Vemanpally,IN-TG,18.991463,79.512315,,India;Telangana;Mancherial
4768,Vemsoor,IN-TG,17.205947,80.365131,,India;Telangana;Khammam
4644,Vemulapally,IN-TG,16.876525,79.193064,,India;Telangana;Nalgonda
4430,Vemulawada,IN-TG,18.414096,78.763447,,India;Telangana;Rajanna Sircilla
6218,Vemulawada Rural,IN-TG,18.414096,78.763447,,India;Telangana;Rajanna Sircilla
4684,Venkatapur,IN-TG,18.291487,80.337459,,India;Telangana;Mulugu
4724,Venkatapuram,IN-TG,18.291487,80.337459,,India;Telangana;Mulugu
698,Vikarabad,IN-TG,17.246310,77.750811,,India;Telangana
4530,Vikarabad,IN-TG,17.246310,77.750811,,India;Telangana;Vikarabad
4610,Waddepally,IN-TG,16.071697,77.780993,,India;Telangana;Jogulamba Gadwal
4723,Wajedu,IN-TG,18.291487,80.337459,,India;Telangana;Mulugu
693,Wanaparthy,IN-TG,16.287718,78.049507,,India;Telangana
4595,Wanaparthy,IN-TG,16.287718,78.049507,,India;Telangana;Wanaparthy
4314,Wankidi,IN-TG,19.357095,79.419802,,India;Telangana;Kumuram Bheem Asifabad
522,Warangal,IN-TG,17.919204,79.737482,,India;Telangana
4706,Warangal,IN-TG,17.919204,79.737482,,India;Telangana;Warangal
4704,Wardhannapet,IN-TG,17.919204,79.737482,,India;Telangana;Warangal
4485,Wargal,IN-TG,18.021641,78.855083,,India;Telangana;Siddipet
4608,Weepangandla,IN-TG,16.287718,78.049507,,India;Telangana;Wanaparthy
4764,Wyra,IN-TG,17.205947,80.365131,,India;Telangana;Khammam
4548,Yacharam,IN-TG,17.130963,78.412504,,India;Telangana;Ranga Reddy
697,Yadadri Bhuvanagiri,IN-TG,17.451240,78.978697,,India;Telangana
4616,Yadagirigutta,IN-TG,17.451240,78.978697,,India;Telangana;Yadadri Bhuvanagiri
4369,Yedapally,IN-TG,18.701604,78.211364,,India;Telangana;Nizamabad
7533,Yedula,IN-TG,16.287718,78.049507,,India;Telangana;Wanaparthy
4536,Yelal,IN-TG,17.246310,77.750811,,India;Telangana;Vikarabad
4481,Yeldurthy,IN-TG,17.953209,78.265038,,India;Telangana;Medak
4740,Yellandu,IN-TG,17.690454,80.716493,,India;Telangana;Bhadradri Kothagudem
4432,Yellareddipet,IN-TG,18.414096,78.763447,,India;Telangana;Rajanna Sircilla
4386,Yellareddy,IN-TG,18.324814,78.061681,,India;Telangana;Kamareddy
6239,Yergatla,IN-TG,18.701604,78.211364,,India;Telangana;Nizamabad
7517,Yerravalli,IN-TG,16.071697,77.780993,,India;Telangana;Jogulamba Gadwal
4767,Yerrupalem,IN-TG,17.205947,80.365131,,India;Telangana;Khammam
4696,Zaffergadh,IN-TG,17.727859,79.284325,,India;Telangana;Jangoan
4474,Zahirabad,IN-TG,17.785340,77.874129,,India;Telangana;Sangareddy
5884,Agastheeswaram,IN-TN,8.308118,77.359590,,India;Tamil Nadu;Kanniyakumari
5704,Alandur,IN-TN,13.100428,80.234893,,India;Tamil Nadu;Chennai
5824,Alangudi,IN-TN,10.360782,78.879400,,India;Tamil Nadu;Pudukkottai
5875,Alangulam,IN-TN,9.092518,77.459924,,India;Tamil Nadu;Tenkasi
5951,Alathur,IN-TN,11.275076,78.891647,,India;Tamil Nadu;Perambalur
5878,Ambasamudram,IN-TN,8.575007,77.590408,,India;Tamil Nadu;Tirunelveli
5700,Ambattur,IN-TN,13.100428,80.234893,,India;Tamil Nadu;Chennai
5719,Ambur,IN-TN,12.593927,78.655115,,India;Tamil Nadu;Tirupathur
7161,Aminjikarai,IN-TN,13.100428,80.234893,,India;Tamil Nadu;Chennai
5964,Anaicut,IN-TN,12.914206,78.965876,,India;Tamil Nadu;Vellore
6643,Anaimalai,IN-TN,10.878062,76.975747,,India;Tamil Nadu;Coimbatore
6662,Anchetty,IN-TN,12.490160,78.032355,,India;Tamil Nadu;Krishnagiri
5983,Andimadam,IN-TN,11.162551,79.242972,,India;Tamil Nadu;Ariyalur
5846,Andipatti,IN-TN,9.891794,77.438407,,India;Tamil Nadu;Theni
5955,Annur,IN-TN,10.878062,76.975747,,India;Tamil Nadu;Coimbatore
5969,Anthiyur,IN-TN,11.479549,77.380254,,India;Tamil Nadu;Erode
5715,Arakonam,IN-TN,12.949902,79.461686,,India;Tamil Nadu;Ranipet
5721,Arani,IN-TN,12.432635,79.166497,,India;Tamil Nadu;Tiruvannamalai
5826,Aranthangi,IN-TN,10.360782,78.879400,,India;Tamil Nadu;Pudukkottai
5768,Aravakurichi,IN-TN,10.844322,78.134624,,India;Tamil Nadu;Karur
5716,Arcot,IN-TN,12.949902,79.461686,,India;Tamil Nadu;Ranipet
610,Ariyalur,IN-TN,11.162551,79.242972,,India;Tamil Nadu
5787,Ariyalur,IN-TN,11.162551,79.242972,,India;Tamil Nadu;Ariyalur
5853,Aruppukkottai,IN-TN,9.492324,77.905719,,India;Tamil Nadu;Virudhunagar
5994,Athoor,IN-TN,10.391669,77.819666,,India;Tamil Nadu;Dindigul
5743,Attur,IN-TN,11.690215,78.137146,,India;Tamil Nadu;Salem
6621,Avadi,IN-TN,13.244045,79.932765,,India;Tamil Nadu;Thiruvallur
5903,Avinashi,IN-TN,10.838977,77.407267,,India;Tamil Nadu;Tiruppur
5828,Avudayarkoil,IN-TN,10.360782,78.879400,,India;Tamil Nadu;Pudukkottai
7163,Ayanavaram,IN-TN,13.100428,80.234893,,India;Tamil Nadu;Chennai
6613,Bargur,IN-TN,12.490160,78.032355,,India;Tamil Nadu;Krishnagiri
5750,Bhavani,IN-TN,11.479549,77.380254,,India;Tamil Nadu;Erode
6645,Bhuvanagiri,IN-TN,11.535937,79.450508,,India;Tamil Nadu;Cuddalore
5842,Bodinayakanur,IN-TN,9.891794,77.438407,,India;Tamil Nadu;Theni
5966,Budalur,IN-TN,10.670696,79.241463,,India;Tamil Nadu;Thanjavur
730,Chengalpattu,IN-TN,12.582979,79.999171,,India;Tamil Nadu
5706,Chengalpattu,IN-TN,12.582979,79.999171,,India;Tamil Nadu;Chengalpattu
5725,Chengam,IN-TN,12.432635,79.166497,,India;Tamil Nadu;Tiruvannamalai
568,Chennai,IN-TN,13.100428,80.234893,Madras,India;Tamil Nadu
6648,Cheranmahadevi,IN-TN,8.575007,77.590408,,India;Tamil Nadu;Tirunelveli
6617,Chetpet,IN-TN,12.432635,79.166497,,India;Tamil Nadu;Tiruvannamalai
5722,Cheyyar,IN-TN,12.432635,79.166497,,India;Tamil Nadu;Tiruvannamalai
5711,Cheyyur,IN-TN,12.582979,79.999171,,India;Tamil Nadu;Chengalpattu
5791,Chidambaram,IN-TN,11.535937,79.450508,,India;Tamil Nadu;Cuddalore
5977,Chinnasalem,IN-TN,11.803600,79.034514,,India;Tamil Nadu;Kallakurichi
569,Coimbatore,IN-TN,10.878062,76.975747,,India;Tamil Nadu
5897,Coimbatore North,IN-TN,10.878062,76.975747,,India;Tamil Nadu;Coimbatore
5898,Coimbatore South,IN-TN,10.878062,76.975747,,India;Tamil Nadu;Coimbatore
5758,Coonoor,IN-TN,11.453320,76.626115,,India;Tamil Nadu;The Nilgiris
570,Cuddalore,IN-TN,11.535937,79.450508,,India;Tamil Nadu
5789,Cuddalore,IN-TN,11.535937,79.450508,,India;Tamil Nadu;Cuddalore
5892,Denkanikottai,IN-TN,12.490160,78.032355,,India;Tamil Nadu;Krishnagiri
5831,Devakottai,IN-TN,9.916501,78.596076,,India;Tamil Nadu;Sivaganga
5902,Dharapuram,IN-TN,10.838977,77.407267,,India;Tamil Nadu;Tiruppur
571,Dharmapuri,IN-TN,12.100517,78.193248,,India;Tamil Nadu
5888,Dharmapuri,IN-TN,12.100517,78.193248,,India;Tamil Nadu;Dharmapuri
572,Dindigul,IN-TN,10.391669,77.819666,,India;Tamil Nadu
5980,Dindiguleast,IN-TN,10.391669,77.819666,,India;Tamil Nadu;Dindigul
5979,Dindigulwest,IN-TN,10.391669,77.819666,,India;Tamil Nadu;Dindigul
5738,Edappadi,IN-TN,11.690215,78.137146,,India;Tamil Nadu;Salem
7164,Egmore,IN-TN,13.100428,80.234893,,India;Tamil Nadu;Chennai
6633,Eral,IN-TN,8.901449,77.997628,,India;Tamil Nadu;Thoothukkudi
573,Erode,IN-TN,11.479549,77.380254,,India;Tamil Nadu
5753,Erode,IN-TN,11.479549,77.380254,,India;Tamil Nadu;Erode
5863,Ettayapuram,IN-TN,8.901449,77.997628,,India;Tamil Nadu;Thoothukkudi
5820,Gandarvakkottai,IN-TN,10.360782,78.879400,,India;Tamil Nadu;Pudukkottai
5744,Gangavalli,IN-TN,11.690215,78.137146,,India;Tamil Nadu;Salem
5728,Gingee,IN-TN,12.139718,79.540604,,India;Tamil Nadu;Viluppuram
5751,Gobichettipalayam,IN-TN,11.479549,77.380254,,India;Tamil Nadu;Erode
5755,Gudalur,IN-TN,11.453320,76.626115,,India;Tamil Nadu;The Nilgiris
5712,Gudiyatham,IN-TN,12.914206,78.965876,,India;Tamil Nadu;Vellore
7169,Guindy,IN-TN,13.100428,80.234893,,India;Tamil Nadu;Chennai
6700,Gujiliamparai,IN-TN,10.391669,77.819666,,India;Tamil Nadu;Dindigul
5693,Gummidipoondi,IN-TN,13.244045,79.932765,,India;Tamil Nadu;Thiruvallur
5886,Harur,IN-TN,12.100517,78.193248,,India;Tamil Nadu;Dharmapuri
5890,Hosur,IN-TN,12.490160,78.032355,,India;Tamil Nadu;Krishnagiri
5834,Ilayangudi,IN-TN,9.916501,78.596076,,India;Tamil Nadu;Sivaganga
5818,Iluppur,IN-TN,10.360782,78.879400,,India;Tamil Nadu;Pudukkottai
6631,Jamunamarathoor,IN-TN,12.432635,79.166497,,India;Tamil Nadu;Tiruvannamalai
7052,K V Kuppam,IN-TN,12.914206,78.965876,,India;Tamil Nadu;Vellore
5859,Kadaladi,IN-TN,9.437609,78.685761,,India;Tamil Nadu;Ramanathapuram
5772,Kadavur,IN-TN,10.844322,78.134624,,India;Tamil Nadu;Karur
6619,Kadayampatti,IN-TN,11.690215,78.137146,,India;Tamil Nadu;Salem
6639,Kadayanallur,IN-TN,9.092518,77.459924,,India;Tamil Nadu;Tenkasi
6644,Kalaiyarkoil,IN-TN,9.916501,78.596076,,India;Tamil Nadu;Sivaganga
5959,Kalasapakkam,IN-TN,12.432635,79.166497,,India;Tamil Nadu;Tiruvannamalai
7059,Kalavai,IN-TN,12.949902,79.461686,,India;Tamil Nadu;Ranipet
5882,Kalkulam,IN-TN,8.308118,77.359590,,India;Tamil Nadu;Kanniyakumari
5734,Kallakkurichi,IN-TN,11.803600,79.034514,,India;Tamil Nadu;Kallakurichi
729,Kallakurichi,IN-TN,11.803600,79.034514,,India;Tamil Nadu
6615,Kalligudi,IN-TN,9.922720,78.005214,,India;Tamil Nadu;Madurai
7055,Kalvarayan Hills,IN-TN,11.803600,79.034514,,India;Tamil Nadu;Kallakurichi
5858,Kamuthi,IN-TN,9.437609,78.685761,,India;Tamil Nadu;Ramanathapuram
574,Kancheepuram,IN-TN,12.832664,79.849732,,India;Tamil Nadu
5707,Kancheepuram,IN-TN,12.832664,79.849732,,India;Tamil Nadu;Kancheepuram
6651,Kandachipuram,IN-TN,12.139718,79.540604,,India;Tamil Nadu;Viluppuram
5901,Kangeyam,IN-TN,10.838977,77.407267,,India;Tamil Nadu;Tiruppur
575,Kanniyakumari,IN-TN,8.308118,77.359590,,India;Tamil Nadu
5830,Karaikkudi,IN-TN,9.916501,78.596076,,India;Tamil Nadu;Sivaganga
5825,Karambakudi,IN-TN,10.360782,78.879400,,India;Tamil Nadu;Pudukkottai
5851,Kariapatti,IN-TN,9.492324,77.905719,,India;Tamil Nadu;Virudhunagar
6622,Karimangalam,IN-TN,12.100517,78.193248,,India;Tamil Nadu;Dharmapuri
576,Karur,IN-TN,10.844322,78.134624,,India;Tamil Nadu
5769,Karur,IN-TN,10.844322,78.134624,,India;Tamil Nadu;Karur
5713,Katpadi,IN-TN,12.914206,78.965876,,India;Tamil Nadu;Vellore
5792,Kattumannarkoil,IN-TN,11.535937,79.450508,,India;Tamil Nadu;Cuddalore
6628,Kayathar,IN-TN,8.901449,77.997628,,India;Tamil Nadu;Thoothukkudi
6654,Kilakarai,IN-TN,9.437609,78.685761,,India;Tamil Nadu;Ramanathapuram
6673,Killiyoor,IN-TN,8.308118,77.359590,,India;Tamil Nadu;Kanniyakumari
6630,Kilpennathur,IN-TN,12.432635,79.166497,,India;Tamil Nadu;Tiruvannamalai
5800,Kilvelur,IN-TN,10.841301,79.737891,,India;Tamil Nadu;Nagapattinam
5956,Kinathukadavu,IN-TN,10.878062,76.975747,,India;Tamil Nadu;Coimbatore
5766,Kodaikanal,IN-TN,10.391669,77.819666,,India;Tamil Nadu;Dindigul
6637,Kodumudi,IN-TN,11.479549,77.380254,,India;Tamil Nadu;Erode
7514,Kolathur,IN-TN,13.100428,80.234893,,India;Tamil Nadu;Chennai
6625,Kolli Hills,IN-TN,11.318778,78.135667,,India;Tamil Nadu;Namakkal
6627,Koothanallur,IN-TN,10.679399,79.533581,,India;Tamil Nadu;Thiruvarur
5757,Kotagiri,IN-TN,11.453320,76.626115,,India;Tamil Nadu;The Nilgiris
5862,Kovilpatti,IN-TN,8.901449,77.997628,,India;Tamil Nadu;Thoothukkudi
577,Krishnagiri,IN-TN,12.490160,78.032355,,India;Tamil Nadu
5891,Krishnagiri,IN-TN,12.490160,78.032355,,India;Tamil Nadu;Krishnagiri
5770,Krishnarayapuram,IN-TN,10.844322,78.134624,,India;Tamil Nadu;Karur
5804,Kudavasal,IN-TN,10.679399,79.533581,,India;Tamil Nadu;Thiruvarur
5819,Kulathur,IN-TN,10.360782,78.879400,,India;Tamil Nadu;Pudukkottai
5771,Kulithalai,IN-TN,10.844322,78.134624,,India;Tamil Nadu;Karur
6634,Kumarapalayam,IN-TN,11.318778,78.135667,,India;Tamil Nadu;Namakkal
5811,Kumbakonam,IN-TN,10.670696,79.241463,,India;Tamil Nadu;Thanjavur
5759,Kundah,IN-TN,11.453320,76.626115,,India;Tamil Nadu;The Nilgiris
7057,Kundrathur,IN-TN,12.832664,79.849732,,India;Tamil Nadu;Kancheepuram
5976,Kunnam,IN-TN,11.275076,78.891647,,India;Tamil Nadu;Perambalur
5790,Kurinjipadi,IN-TN,11.535937,79.450508,,India;Tamil Nadu;Cuddalore
5797,Kuthalam,IN-TN,11.015873,78.407996,,India;Tamil Nadu;Mayiladuthurai
5777,Lalgudi,IN-TN,10.891184,78.570397,,India;Tamil Nadu;Tiruchirappalli
5907,Madathukulam,IN-TN,10.838977,77.407267,,India;Tamil Nadu;Tiruppur
5986,Madukkari,IN-TN,10.878062,76.975747,,India;Tamil Nadu;Coimbatore
578,Madurai,IN-TN,9.922720,78.005214,,India;Tamil Nadu
5960,Madurai East,IN-TN,9.922720,78.005214,,India;Tamil Nadu;Madurai
5836,Madurai North,IN-TN,9.922720,78.005214,,India;Tamil Nadu;Madurai
5841,Madurai South,IN-TN,9.922720,78.005214,,India;Tamil Nadu;Madurai
5961,Madurai West,IN-TN,9.922720,78.005214,,India;Tamil Nadu;Madurai
5710,Maduranthakam,IN-TN,12.582979,79.999171,,India;Tamil Nadu;Chengalpattu
5981,Maduravoyal,IN-TN,13.100428,80.234893,,India;Tamil Nadu;Chennai
7165,Mambalam,IN-TN,13.100428,80.234893,,India;Tamil Nadu;Chennai
5776,Manachanallur,IN-TN,10.891184,78.570397,,India;Tamil Nadu;Tiruchirappalli
5833,Manamadurai,IN-TN,9.916501,78.596076,,India;Tamil Nadu;Sivaganga
5827,Manamelkudi,IN-TN,10.360782,78.879400,,India;Tamil Nadu;Pudukkottai
5781,Manapparai,IN-TN,10.891184,78.570397,,India;Tamil Nadu;Tiruchirappalli
5985,Manmangalam,IN-TN,10.844322,78.134624,,India;Tamil Nadu;Karur
5808,Mannargudi,IN-TN,10.679399,79.533581,,India;Tamil Nadu;Thiruvarur
6647,Manur,IN-TN,8.575007,77.590408,,India;Tamil Nadu;Tirunelveli
6650,Marakanam,IN-TN,12.139718,79.540604,,India;Tamil Nadu;Viluppuram
5954,Marungapuri,IN-TN,10.891184,78.570397,,India;Tamil Nadu;Tiruchirappalli
5701,Mathavaram,IN-TN,13.100428,80.234893,,India;Tamil Nadu;Chennai
735,Mayiladuthurai,IN-TN,11.015873,78.407996,,India;Tamil Nadu
5796,Mayiladuthurai,IN-TN,11.015873,78.407996,,India;Tamil Nadu;Mayiladuthurai
6652,Melmalaiyanur,IN-TN,12.139718,79.540604,,India;Tamil Nadu;Viluppuram
5835,Melur,IN-TN,9.922720,78.005214,,India;Tamil Nadu;Madurai
5895,Mettupalayam,IN-TN,10.878062,76.975747,,India;Tamil Nadu;Coimbatore
5736,Mettur,IN-TN,11.690215,78.137146,,India;Tamil Nadu;Salem
6636,Modakkurichi,IN-TN,11.479549,77.380254,,India;Tamil Nadu;Erode
6635,Mohanur,IN-TN,11.318778,78.135667,,India;Tamil Nadu;Namakkal
5857,Mudukulathur,IN-TN,9.437609,78.685761,,India;Tamil Nadu;Ramanathapuram
5774,Musiri,IN-TN,10.891184,78.570397,,India;Tamil Nadu;Tiruchirappalli
7408,Muthupettai,IN-TN,10.679399,79.533581,,India;Tamil Nadu;Thiruvarur
7170,Mylapore,IN-TN,13.100428,80.234893,,India;Tamil Nadu;Chennai
579,Nagapattinam,IN-TN,10.841301,79.737891,,India;Tamil Nadu
5799,Nagapattinam,IN-TN,10.841301,79.737891,,India;Tamil Nadu;Nagapattinam
6623,Nallampalli,IN-TN,12.100517,78.193248,,India;Tamil Nadu;Dharmapuri
580,Namakkal,IN-TN,11.318778,78.135667,,India;Tamil Nadu
5747,Namakkal,IN-TN,11.318778,78.135667,,India;Tamil Nadu;Namakkal
6638,Nambiyur,IN-TN,11.479549,77.380254,,India;Tamil Nadu;Erode
5879,Nanguneri,IN-TN,8.575007,77.590408,,India;Tamil Nadu;Tirunelveli
5805,Nannilam,IN-TN,10.679399,79.533581,,India;Tamil Nadu;Thiruvarur
5763,Natham,IN-TN,10.391669,77.819666,,India;Tamil Nadu;Dindigul
5963,Natrampalli,IN-TN,12.593927,78.655115,,India;Tamil Nadu;Tirupathur
5807,Needamangalam,IN-TN,10.679399,79.533581,,India;Tamil Nadu;Thiruvarur
6664,Nemili,IN-TN,12.949902,79.461686,,India;Tamil Nadu;Ranipet
5767,Nilakkottai,IN-TN,10.391669,77.819666,,India;Tamil Nadu;Dindigul
5761,Oddanchatram,IN-TN,10.391669,77.819666,,India;Tamil Nadu;Dindigul
5737,Omalur,IN-TN,11.690215,78.137146,,India;Tamil Nadu;Salem
5815,Orathanadu,IN-TN,10.670696,79.241463,,India;Tamil Nadu;Thanjavur
5865,Ottapidaram,IN-TN,8.901449,77.997628,,India;Tamil Nadu;Thoothukkudi
5885,Palakkodu,IN-TN,12.100517,78.193248,,India;Tamil Nadu;Dharmapuri
5760,Palani,IN-TN,10.391669,77.819666,,India;Tamil Nadu;Dindigul
5877,Palayamkottai,IN-TN,8.575007,77.590408,,India;Tamil Nadu;Tirunelveli
5905,Palladam,IN-TN,10.838977,77.407267,,India;Tamil Nadu;Tiruppur
6629,Pallavaram,IN-TN,12.582979,79.999171,,India;Tamil Nadu;Chengalpattu
5697,Pallipattu,IN-TN,13.244045,79.932765,,India;Tamil Nadu;Thiruvallur
5788,Panruti,IN-TN,11.535937,79.450508,,India;Tamil Nadu;Cuddalore
5754,Panthalur,IN-TN,11.453320,76.626115,,India;Tamil Nadu;The Nilgiris
5812,Papanasam,IN-TN,10.670696,79.241463,,India;Tamil Nadu;Thanjavur
5887,Pappireddipatti,IN-TN,12.100517,78.193248,,India;Tamil Nadu;Dharmapuri
5856,Paramakudi,IN-TN,9.437609,78.685761,,India;Tamil Nadu;Ramanathapuram
5748,Paramathi-Velur,IN-TN,11.318778,78.135667,,India;Tamil Nadu;Namakkal
5816,Pattukkottai,IN-TN,10.670696,79.241463,,India;Tamil Nadu;Thanjavur
5889,Pennagaram,IN-TN,12.100517,78.193248,,India;Tamil Nadu;Dharmapuri
5839,Peraiyur,IN-TN,9.922720,78.005214,,India;Tamil Nadu;Madurai
581,Perambalur,IN-TN,11.275076,78.891647,,India;Tamil Nadu
5973,Perambalur,IN-TN,11.275076,78.891647,,India;Tamil Nadu;Perambalur
7166,Perambur,IN-TN,13.100428,80.234893,,India;Tamil Nadu;Chennai
5817,Peravurani,IN-TN,10.670696,79.241463,,India;Tamil Nadu;Thanjavur
5843,Periyakulam,IN-TN,9.891794,77.438407,,India;Tamil Nadu;Theni
6663,Pernambut,IN-TN,12.914206,78.965876,,India;Tamil Nadu;Vellore
5752,Perundurai,IN-TN,11.479549,77.380254,,India;Tamil Nadu;Erode
5957,Perur,IN-TN,10.878062,76.975747,,India;Tamil Nadu;Coimbatore
6618,Pethanaickanpalayam,IN-TN,11.690215,78.137146,,India;Tamil Nadu;Salem
5893,Pochampalli,IN-TN,12.490160,78.032355,,India;Tamil Nadu;Krishnagiri
5899,Pollachi,IN-TN,10.878062,76.975747,,India;Tamil Nadu;Coimbatore
5724,Polur,IN-TN,12.432635,79.166497,,India;Tamil Nadu;Tiruvannamalai
5823,Ponnamaravathi,IN-TN,10.360782,78.879400,,India;Tamil Nadu;Pudukkottai
5694,Ponneri,IN-TN,13.244045,79.932765,,India;Tamil Nadu;Thiruvallur
5699,Poonamallee,IN-TN,13.244045,79.932765,,India;Tamil Nadu;Thiruvallur
582,Pudukkottai,IN-TN,10.360782,78.879400,,India;Tamil Nadu
5821,Pudukkottai,IN-TN,10.360782,78.879400,,India;Tamil Nadu;Pudukkottai
6676,Pugalur,IN-TN,10.844322,78.134624,,India;Tamil Nadu;Karur
7167,Purasawalkam,IN-TN,13.100428,80.234893,,India;Tamil Nadu;Chennai
6674,R K Pet,IN-TN,13.244045,79.932765,,India;Tamil Nadu;Thiruvallur
5880,Radhapuram,IN-TN,8.575007,77.590408,,India;Tamil Nadu;Tirunelveli
5847,Rajapalayam,IN-TN,9.492324,77.905719,,India;Tamil Nadu;Virudhunagar
6653,Rajasingamangalam,IN-TN,9.437609,78.685761,,India;Tamil Nadu;Ramanathapuram
583,Ramanathapuram,IN-TN,9.437609,78.685761,,India;Tamil Nadu
5860,Ramanathapuram,IN-TN,9.437609,78.685761,,India;Tamil Nadu;Ramanathapuram
5861,Rameswaram,IN-TN,9.437609,78.685761,,India;Tamil Nadu;Ramanathapuram
731,Ranipet,IN-TN,12.949902,79.461686,,India;Tamil Nadu
5746,Rasipuram,IN-TN,11.318778,78.135667,,India;Tamil Nadu;Namakkal
584,Salem,IN-TN,11.690215,78.137146,,India;Tamil Nadu
5740,Salem,IN-TN,11.690215,78.137146,,India;Tamil Nadu;Salem
5970,Salem South,IN-TN,11.690215,78.137146,,India;Tamil Nadu;Salem
5971,Salem West,IN-TN,11.690215,78.137146,,India;Tamil Nadu;Salem
5871,Sankarankoil,IN-TN,9.092518,77.459924,,India;Tamil Nadu;Tenkasi
5733,Sankarapuram,IN-TN,11.803600,79.034514,,India;Tamil Nadu;Kallakurichi
5739,Sankari,IN-TN,11.690215,78.137146,,India;Tamil Nadu;Salem
5869,Sathankulam,IN-TN,8.901449,77.997628,,India;Tamil Nadu;Thoothukkudi
5749,Sathyamangalam,IN-TN,11.479549,77.380254,,India;Tamil Nadu;Erode
5854,Sattur,IN-TN,9.492324,77.905719,,India;Tamil Nadu;Virudhunagar
6632,Sendamangalam,IN-TN,11.318778,78.135667,,India;Tamil Nadu;Namakkal
5785,Sendurai,IN-TN,11.162551,79.242972,,India;Tamil Nadu;Ariyalur
5874,Shenkottai,IN-TN,9.092518,77.459924,,India;Tamil Nadu;Tenkasi
5705,Sholinganallur,IN-TN,13.100428,80.234893,,India;Tamil Nadu;Chennai
7060,Sholinghur,IN-TN,12.949902,79.461686,,India;Tamil Nadu;Ranipet
6641,Shoolagiri,IN-TN,12.490160,78.032355,,India;Tamil Nadu;Krishnagiri
5995,Singampunari,IN-TN,9.916501,78.596076,,India;Tamil Nadu;Sivaganga
5795,Sirkali,IN-TN,11.015873,78.407996,,India;Tamil Nadu;Mayiladuthurai
585,Sivaganga,IN-TN,9.916501,78.596076,,India;Tamil Nadu
5832,Sivaganga,IN-TN,9.916501,78.596076,,India;Tamil Nadu;Sivaganga
5870,Sivagiri,IN-TN,9.092518,77.459924,,India;Tamil Nadu;Tenkasi
5849,Sivakasi,IN-TN,9.492324,77.905719,,India;Tamil Nadu;Virudhunagar
6646,Srimushnam,IN-TN,11.535937,79.450508,,India;Tamil Nadu;Cuddalore
5702,Sriperumbudur,IN-TN,12.832664,79.849732,,India;Tamil Nadu;Kancheepuram
5778,Srirangam,IN-TN,10.891184,78.570397,,India;Tamil Nadu;Tiruchirappalli
5867,Srivaikuntam,IN-TN,8.901449,77.997628,,India;Tamil Nadu;Thoothukkudi
5848,Srivilliputhur,IN-TN,9.492324,77.905719,,India;Tamil Nadu;Virudhunagar
5896,Sulur,IN-TN,10.878062,76.975747,,India;Tamil Nadu;Coimbatore
5703,Tambaram,IN-TN,12.582979,79.999171,,India;Tamil Nadu;Chengalpattu
733,Tenkasi,IN-TN,9.092518,77.459924,,India;Tamil Nadu
5873,Tenkasi,IN-TN,9.092518,77.459924,,India;Tamil Nadu;Tenkasi
7120,Thalaivasal,IN-TN,11.690215,78.137146,,India;Tamil Nadu;Salem
6539,Thalavadi,IN-TN,11.479549,77.380254,,India;Tamil Nadu;Erode
5726,Thandrampet,IN-TN,12.432635,79.166497,,India;Tamil Nadu;Tiruvannamalai
586,Thanjavur,IN-TN,10.670696,79.241463,Tanjore,India;Tamil Nadu
5814,Thanjavur,IN-TN,10.670696,79.241463,Tanjore,India;Tamil Nadu;Thanjavur
5798,Tharangambadi,IN-TN,11.015873,78.407996,,India;Tamil Nadu;Mayiladuthurai
587,The Nilgiris,IN-TN,11.453320,76.626115,Ootacamund,India;Tamil Nadu
588,Theni,IN-TN,9.891794,77.438407,,India;Tamil Nadu
5844,Theni,IN-TN,9.891794,77.438407,,India;Tamil Nadu;Theni
5801,Thirukkuvalai,IN-TN,10.841301,79.737891,,India;Tamil Nadu;Nagapattinam
5840,Thirumangalam,IN-TN,9.922720,78.005214,,India;Tamil Nadu;Madurai
5822,Thirumayam,IN-TN,10.360782,78.879400,,India;Tamil Nadu;Pudukkottai
5962,Thirupparankundram,IN-TN,9.922720,78.005214,,India;Tamil Nadu;Madurai
5829,Thiruppathur,IN-TN,9.916501,78.596076,,India;Tamil Nadu;Sivaganga
5965,Thiruppuvanam,IN-TN,9.916501,78.596076,,India;Tamil Nadu;Sivaganga
5809,Thiruthuraipoondi,IN-TN,10.679399,79.533581,,India;Tamil Nadu;Thiruvarur
5813,Thiruvaiyaru,IN-TN,10.670696,79.241463,,India;Tamil Nadu;Thanjavur
589,Thiruvallur,IN-TN,13.244045,79.932765,,India;Tamil Nadu
5698,Thiruvallur,IN-TN,13.244045,79.932765,,India;Tamil Nadu;Thiruvallur
590,Thiruvarur,IN-TN,10.679399,79.533581,,India;Tamil Nadu
5806,Thiruvarur,IN-TN,10.679399,79.533581,,India;Tamil Nadu;Thiruvarur
6672,Thiruvattar,IN-TN,8.308118,77.359590,,India;Tamil Nadu;Kanniyakumari
7053,Thiruvennainallur,IN-TN,12.139718,79.540604,,India;Tamil Nadu;Viluppuram
5780,Thiruverumbur,IN-TN,10.891184,78.570397,,India;Tamil Nadu;Tiruchirappalli
5810,Thiruvidaimarudur,IN-TN,10.670696,79.241463,,India;Tamil Nadu;Thanjavur
7406,Thiruvonam,IN-TN,10.670696,79.241463,,India;Tamil Nadu;Thanjavur
594,Thoothukkudi,IN-TN,8.901449,77.997628,Tuticorin,India;Tamil Nadu
5866,Thoothukkudi,IN-TN,8.901449,77.997628,Tuticorin,India;Tamil Nadu;Thoothukkudi
5773,Thottiyam,IN-TN,10.891184,78.570397,,India;Tamil Nadu;Tiruchirappalli
5883,Thovala,IN-TN,8.308118,77.359590,,India;Tamil Nadu;Kanniyakumari
5775,Thuraiyur,IN-TN,10.891184,78.570397,,India;Tamil Nadu;Tiruchirappalli
5729,Tindivanam,IN-TN,12.139718,79.540604,,India;Tamil Nadu;Viluppuram
5868,Tiruchendur,IN-TN,8.901449,77.997628,,India;Tamil Nadu;Thoothukkudi
5745,Tiruchengode,IN-TN,11.318778,78.135667,,India;Tamil Nadu;Namakkal
591,Tiruchirappalli,IN-TN,10.891184,78.570397,Trichy,India;Tamil Nadu
6620,Tiruchirappalli East,IN-TN,10.891184,78.570397,,India;Tamil Nadu;Tiruchirappalli
5779,Tiruchirappalli West,IN-TN,10.891184,78.570397,,India;Tamil Nadu;Tiruchirappalli
5852,Tiruchuli,IN-TN,9.492324,77.905719,,India;Tamil Nadu;Virudhunagar
5709,Tirukalukundram,IN-TN,12.582979,79.999171,,India;Tamil Nadu;Chengalpattu
5732,Tirukkoyilur,IN-TN,11.803600,79.034514,,India;Tamil Nadu;Kallakurichi
592,Tirunelveli,IN-TN,8.575007,77.590408,,India;Tamil Nadu
5876,Tirunelveli,IN-TN,8.575007,77.590408,,India;Tamil Nadu;Tirunelveli
732,Tirupathur,IN-TN,12.593927,78.655115,,India;Tamil Nadu
5720,Tirupathur,IN-TN,12.593927,78.655115,,India;Tamil Nadu;Tirupathur
5958,Tiruporur,IN-TN,12.582979,79.999171,,India;Tamil Nadu;Chengalpattu
634,Tiruppur,IN-TN,10.838977,77.407267,,India;Tamil Nadu
5967,Tiruppurnorth,IN-TN,10.838977,77.407267,,India;Tamil Nadu;Tiruppur
5968,Tiruppursouth,IN-TN,10.838977,77.407267,,India;Tamil Nadu;Tiruppur
5696,Tiruttani,IN-TN,13.244045,79.932765,,India;Tamil Nadu;Thiruvallur
5855,Tiruvadanai,IN-TN,9.437609,78.685761,,India;Tamil Nadu;Ramanathapuram
593,Tiruvannamalai,IN-TN,12.432635,79.166497,,India;Tamil Nadu
5727,Tiruvannamalai,IN-TN,12.432635,79.166497,,India;Tamil Nadu;Tiruvannamalai
6642,Tiruvengadam,IN-TN,9.092518,77.459924,,India;Tamil Nadu;Tenkasi
5982,Tiruvottiyur,IN-TN,13.100428,80.234893,,India;Tamil Nadu;Chennai
6649,Tisayanvilai,IN-TN,8.575007,77.590408,,India;Tamil Nadu;Tirunelveli
5794,Tittakudi,IN-TN,11.535937,79.450508,,India;Tamil Nadu;Cuddalore
7168,Tondiarpet,IN-TN,13.100428,80.234893,,India;Tamil Nadu;Chennai
5786,Udayarpalayam,IN-TN,11.162551,79.242972,,India;Tamil Nadu;Ariyalur
5756,Udhagamandalam,IN-TN,11.453320,76.626115,,India;Tamil Nadu;The Nilgiris
5906,Udumalaipettai,IN-TN,10.838977,77.407267,,India;Tamil Nadu;Tiruppur
5735,Ulundurpettai,IN-TN,11.803600,79.034514,,India;Tamil Nadu;Kallakurichi
5838,Usilampatti,IN-TN,9.922720,78.005214,,India;Tamil Nadu;Madurai
5845,Uthamapalayam,IN-TN,9.891794,77.438407,,India;Tamil Nadu;Theni
5894,Uthangarai,IN-TN,12.490160,78.032355,,India;Tamil Nadu;Krishnagiri
5708,Uthiramerur,IN-TN,12.832664,79.849732,,India;Tamil Nadu;Kancheepuram
5695,Uthukkottai,IN-TN,13.244045,79.932765,,India;Tamil Nadu;Thiruvallur
6616,Uthukuli,IN-TN,10.838977,77.407267,,India;Tamil Nadu;Tiruppur
5837,Vadipatti,IN-TN,9.922720,78.005214,,India;Tamil Nadu;Madurai
5803,Valangaiman,IN-TN,10.679399,79.533581,,India;Tamil Nadu;Thiruvarur
5900,Valparai,IN-TN,10.878062,76.975747,,India;Tamil Nadu;Coimbatore
7405,Vanapuram,IN-TN,11.803600,79.034514,,India;Tamil Nadu;Kallakurichi
7058,Vandalur,IN-TN,12.582979,79.999171,,India;Tamil Nadu;Chengalpattu
5723,Vandavasi,IN-TN,12.432635,79.166497,,India;Tamil Nadu;Tiruvannamalai
5718,Vaniyambadi,IN-TN,12.593927,78.655115,,India;Tamil Nadu;Tirupathur
5730,Vanur,IN-TN,12.139718,79.540604,,India;Tamil Nadu;Viluppuram
5742,Vazhapadi,IN-TN,11.690215,78.137146,,India;Tamil Nadu;Salem
5802,Vedaranyam,IN-TN,10.841301,79.737891,,India;Tamil Nadu;Nagapattinam
5762,Vedasandur,IN-TN,10.391669,77.819666,,India;Tamil Nadu;Dindigul
5872,Veerakeralamputhur,IN-TN,9.092518,77.459924,,India;Tamil Nadu;Tenkasi
7171,Velachery,IN-TN,13.100428,80.234893,,India;Tamil Nadu;Chennai
595,Vellore,IN-TN,12.914206,78.965876,,India;Tamil Nadu
5717,Vellore,IN-TN,12.914206,78.965876,,India;Tamil Nadu;Vellore
6624,Vembakkam,IN-TN,12.432635,79.166497,,India;Tamil Nadu;Tiruvannamalai
6640,Vembakottai,IN-TN,9.492324,77.905719,,India;Tamil Nadu;Virudhunagar
5974,Veppanthattai,IN-TN,11.275076,78.891647,,India;Tamil Nadu;Perambalur
5953,Veppur,IN-TN,11.535937,79.450508,,India;Tamil Nadu;Cuddalore
5978,Vikravandi,IN-TN,12.139718,79.540604,,India;Tamil Nadu;Viluppuram
5864,Vilathikulam,IN-TN,8.901449,77.997628,,India;Tamil Nadu;Thoothukkudi
5881,Vilavancode,IN-TN,8.308118,77.359590,,India;Tamil Nadu;Kanniyakumari
596,Viluppuram,IN-TN,12.139718,79.540604,,India;Tamil Nadu
5731,Viluppuram,IN-TN,12.139718,79.540604,,India;Tamil Nadu;Viluppuram
6614,Viralimalai,IN-TN,10.360782,78.879400,,India;Tamil Nadu;Pudukkottai
5793,Virudhachalam,IN-TN,11.535937,79.450508,,India;Tamil Nadu;Cuddalore
597,Virudhunagar,IN-TN,9.492324,77.905719,,India;Tamil Nadu
5850,Virudhunagar,IN-TN,9.492324,77.905719,,India;Tamil Nadu;Virudhunagar
6626,Walajabad,IN-TN,12.832664,79.849732,,India;Tamil Nadu;Kancheepuram
5714,Wallajah,IN-TN,12.949902,79.461686,,India;Tamil Nadu;Ranipet
6675,Watrap,IN-TN,9.492324,77.905719,,India;Tamil Nadu;Virudhunagar
5741,Yercaud,IN-TN,11.690215,78.137146,,India;Tamil Nadu;Salem
6695,Amarpur,IN-TR,23.511621,91.627811,,India;Tripura;Gomati
6697,Ambassa,IN-TR,23.837087,91.924036,,India;Tripura;Dhalai
6687,Belonia,IN-TR,23.200333,91.577175,,India;Tripura;South Tripura
6699,Bishalgarh,IN-TR,23.585052,91.331523,,India;Tripura;Sepahijala
269,Dhalai,IN-TR,23.837087,91.924036,,India;Tripura
6691,Dharmanagar,IN-TR,24.097014,92.210814,,India;Tripura;North Tripura
654,Gomati,IN-TR,23.511621,91.627811,,India;Tripura
6686,Gonda Twisa,IN-TR,23.837087,91.924036,,India;Tripura;Dhalai
6677,Jampuijala,IN-TR,23.585052,91.331523,,India;Tripura;Sepahijala
6679,Jirania,IN-TR,23.886599,91.399302,,India;Tripura;West Tripura
6682,Kailashahar,IN-TR,24.204434,92.041151,,India;Tripura;Unakoti
6681,Kamalpur,IN-TR,23.837087,91.924036,,India;Tripura;Dhalai
6685,Kanchanpur,IN-TR,24.097014,92.210814,,India;Tripura;North Tripura
6690,Karbook,IN-TR,23.511621,91.627811,,India;Tripura;Gomati
652,Khowai,IN-TR,23.943724,91.660954,,India;Tripura
6684,Khowai,IN-TR,23.943724,91.660954,,India;Tripura;Khowai
6694,Kumarghat,IN-TR,24.204434,92.041151,,India;Tripura;Unakoti
6692,Longtharai Valley,IN-TR,23.837087,91.924036,,India;Tripura;Dhalai
6689,Mohanpur,IN-TR,23.886599,91.399302,,India;Tripura;West Tripura
270,North Tripura,IN-TR,24.097014,92.210814,,India;Tripura
6678,Panisagar,IN-TR,24.097014,92.210814,,India;Tripura;North Tripura
6688,Sabroom,IN-TR,23.200333,91.577175,,India;Tripura;South Tripura
6696,Sadar,IN-TR,23.886599,91.399302,,India;Tripura;West Tripura
6683,Santirbazar,IN-TR,23.200333,91.577175,,India;Tripura;South Tripura
653,Sepahijala,IN-TR,23.585052,91.331523,,India;Tripura
6680,Sonamura,IN-TR,23.585052,91.331523,,India;Tripura;Sepahijala
271,South Tripura,IN-TR,23.200333,91.577175,,India;Tripura
6698,Teliamura,IN-TR,23.943724,91.660954,,India;Tripura;Khowai
6693,Udaipur,IN-TR,23.511621,91.627811,,India;Tripura;Gomati
655,Unakoti,IN-TR,24.204434,92.041151,,India;Tripura
272,West Tripura,IN-TR,23.886599,91.399302,,India;Tripura
118,Agra,IN-UP,27.036251,78.076398,,India;Uttar Pradesh
766,Agra,IN-UP,27.036251,78.076398,,India;Uttar Pradesh;Agra
6877,Ajitmal,IN-UP,26.658178,79.479116,,India;Uttar Pradesh;Auraiya
845,Akbarpur,IN-UP,26.439637,79.852934,,India;Uttar Pradesh;Kanpur Dehat
910,Akbarpur,IN-UP,26.418558,82.666105,,India;Uttar Pradesh;Ambedkar Nagar
1007,Aliganj,IN-UP,27.515541,78.717419,,India;Uttar Pradesh;Etah
119,Aligarh,IN-UP,27.926465,78.065301,,India;Uttar Pradesh
890,Allahabad,IN-UP,25.304012,81.960159,,India;Uttar Pradesh;Prayagraj
908,Allapur,IN-UP,26.418558,82.666105,,India;Uttar Pradesh;Ambedkar Nagar
6867,Amariya,IN-UP,28.530755,79.994583,,India;Uttar Pradesh;Pilibhit
121,Ambedkar Nagar,IN-UP,26.418558,82.666105,,India;Uttar Pradesh
640,Amethi,IN-UP,26.323815,81.668704,,India;Uttar Pradesh
914,Amethi,IN-UP,26.323815,81.668704,,India;Uttar Pradesh;Amethi
831,Amritpur,IN-UP,27.431334,79.458667,,India;Uttar Pradesh;Farrukhabad
154,Amroha,IN-UP,28.835642,78.368246,,India;Uttar Pradesh
730,Amroha,IN-UP,28.835642,78.368246,,India;Uttar Pradesh;Amroha
748,Anupshahr,IN-UP,28.362548,78.014505,,India;Uttar Pradesh;Bulandshahr
786,Aonla,IN-UP,28.457976,79.431403,,India;Uttar Pradesh;Bareilly
873,Atarra,IN-UP,25.470939,80.557396,,India;Uttar Pradesh;Banda
754,Atrauli,IN-UP,27.926465,78.065301,,India;Uttar Pradesh;Aligarh
999,Aurai,IN-UP,25.347933,82.464128,,India;Uttar Pradesh;Bhadohi
122,Auraiya,IN-UP,26.658178,79.479116,,India;Uttar Pradesh
842,Auraiya,IN-UP,26.658178,79.479116,,India;Uttar Pradesh;Auraiya
140,Ayodhya,IN-UP,26.657554,81.997104,Faizabad,India;Uttar Pradesh
123,Azamgarh,IN-UP,26.045498,83.067296,,India;Uttar Pradesh
966,Azamgarh,IN-UP,26.045498,83.067296,,India;Uttar Pradesh;Azamgarh
872,Baberu,IN-UP,25.470939,80.557396,,India;Uttar Pradesh;Banda
982,Badlapur,IN-UP,25.746298,82.574976,,India;Uttar Pradesh;Jaunpur
124,Baghpat,IN-UP,29.056937,77.308508,,India;Uttar Pradesh
736,Baghpat,IN-UP,29.056937,77.308508,,India;Uttar Pradesh;Baghpat
770,Bah,IN-UP,27.036251,78.076398,,India;Uttar Pradesh;Agra
784,Baheri,IN-UP,28.457976,79.431403,,India;Uttar Pradesh;Bareilly
125,Bahraich,IN-UP,27.698230,81.492806,,India;Uttar Pradesh
921,Bahraich,IN-UP,27.698230,81.492806,,India;Uttar Pradesh;Bahraich
980,Bairia,IN-UP,25.876254,84.102614,,India;Uttar Pradesh;Ballia
820,Bakshi Ka Talab,IN-UP,26.841979,80.905490,,India;Uttar Pradesh;Lucknow
6868,Baldirai,IN-UP,26.261948,82.193868,,India;Uttar Pradesh;Sultanpur
126,Ballia,IN-UP,25.876254,84.102614,,India;Uttar Pradesh
978,Ballia,IN-UP,25.876254,84.102614,,India;Uttar Pradesh;Ballia
127,Balrampur,IN-UP,27.483685,82.375229,,India;Uttar Pradesh
925,Balrampur,IN-UP,27.483685,82.375229,,India;Uttar Pradesh;Balrampur
128,Banda,IN-UP,25.470939,80.557396,,India;Uttar Pradesh
871,Banda,IN-UP,25.470939,80.557396,,India;Uttar Pradesh;Banda
6160,Bangarmau,IN-UP,26.609367,80.560562,,India;Uttar Pradesh;Unnao
979,Bansdih,IN-UP,25.876254,84.102614,,India;Uttar Pradesh;Ballia
952,Bansgaon,IN-UP,26.656068,83.359032,,India;Uttar Pradesh;Gorakhpur
934,Bansi,IN-UP,27.270196,82.873251,,India;Uttar Pradesh;Siddharthnagar
891,Bara,IN-UP,25.304012,81.960159,,India;Uttar Pradesh;Prayagraj
129,Bara Banki,IN-UP,26.939037,81.332417,,India;Uttar Pradesh
735,Baraut,IN-UP,29.056937,77.308508,,India;Uttar Pradesh;Baghpat
130,Bareilly,IN-UP,28.457976,79.431403,,India;Uttar Pradesh
787,Bareilly,IN-UP,28.457976,79.431403,,India;Uttar Pradesh;Bareilly
961,Barhaj,IN-UP,26.425350,83.834585,,India;Uttar Pradesh;Deoria
131,Basti,IN-UP,26.820038,82.625709,,India;Uttar Pradesh
939,Basti,IN-UP,26.820038,82.625709,,India;Uttar Pradesh;Basti
701,Behat,IN-UP,29.951033,77.546779,,India;Uttar Pradesh;Saharanpur
975,Belthara Road,IN-UP,25.876254,84.102614,,India;Uttar Pradesh;Ballia
179,Bhadohi,IN-UP,25.347933,82.464128,,India;Uttar Pradesh
997,Bhadohi,IN-UP,25.347933,82.464128,,India;Uttar Pradesh;Bhadohi
937,Bhanpur,IN-UP,26.820038,82.625709,,India;Uttar Pradesh;Basti
839,Bharthana,IN-UP,26.764067,79.094854,,India;Uttar Pradesh;Etawah
963,Bhatpar Rani,IN-UP,26.425350,83.834585,,India;Uttar Pradesh;Deoria
923,Bhinga,IN-UP,27.718462,81.903444,,India;Uttar Pradesh;Shrawasti
911,Bhiti,IN-UP,26.418558,82.666105,,India;Uttar Pradesh;Ambedkar Nagar
777,Bhogaon,IN-UP,27.182445,79.052108,,India;Uttar Pradesh;Mainpuri
846,Bhognipur,IN-UP,26.439637,79.852934,,India;Uttar Pradesh;Kanpur Dehat
841,Bidhuna,IN-UP,26.658178,79.479116,,India;Uttar Pradesh;Auraiya
818,Bighapur,IN-UP,26.609367,80.560562,,India;Uttar Pradesh;Unnao
132,Bijnor,IN-UP,29.386207,78.388853,,India;Uttar Pradesh
713,Bijnor,IN-UP,29.386207,78.388853,,India;Uttar Pradesh;Bijnor
906,Bikapur,IN-UP,26.657554,81.997104,,India;Uttar Pradesh;Ayodhya
720,Bilari,IN-UP,28.885592,78.802924,,India;Uttar Pradesh;Moradabad
725,Bilaspur,IN-UP,28.809845,79.115097,,India;Uttar Pradesh;Rampur
812,Bilgram,IN-UP,27.330336,80.161580,,India;Uttar Pradesh;Hardoi
848,Bilhaur,IN-UP,26.391080,80.208199,,India;Uttar Pradesh;Kanpur Nagar
780,Bilsi,IN-UP,28.077854,79.041570,,India;Uttar Pradesh;Budaun
877,Bindki,IN-UP,25.874894,80.807709,,India;Uttar Pradesh;Fatehpur
791,Bisalpur,IN-UP,28.530755,79.994583,,India;Uttar Pradesh;Pilibhit
779,Bisauli,IN-UP,28.077854,79.041570,,India;Uttar Pradesh;Budaun
806,Biswan,IN-UP,27.517096,80.852222,,India;Uttar Pradesh;Sitapur
133,Budaun,IN-UP,28.077854,79.041570,,India;Uttar Pradesh
782,Budaun,IN-UP,28.077854,79.041570,,India;Uttar Pradesh;Budaun
709,Budhana,IN-UP,29.415637,77.725288,,India;Uttar Pradesh;Muzaffarnagar
134,Bulandshahr,IN-UP,28.362548,78.014505,,India;Uttar Pradesh
746,Bulandshahr,IN-UP,28.362548,78.014505,,India;Uttar Pradesh;Bulandshahr
964,Burhanpur,IN-UP,26.045498,83.067296,,India;Uttar Pradesh;Azamgarh
948,Campierganj,IN-UP,26.656068,83.359032,,India;Uttar Pradesh;Gorakhpur
887,Chail,IN-UP,25.498460,81.415008,,India;Uttar Pradesh;Kaushambi
840,Chakarnagar,IN-UP,26.764067,79.094854,,India;Uttar Pradesh;Etawah
994,Chakia,IN-UP,25.141544,83.258105,,India;Uttar Pradesh;Chandauli
135,Chandauli,IN-UP,25.141544,83.258105,,India;Uttar Pradesh
993,Chandauli,IN-UP,25.141544,83.258105,,India;Uttar Pradesh;Chandauli
722,Chandausi,IN-UP,28.451892,78.558077,,India;Uttar Pradesh;Sambhal
716,Chandpur,IN-UP,29.386207,78.388853,,India;Uttar Pradesh;Bijnor
869,Charkhari,IN-UP,25.362800,79.726003,,India;Uttar Pradesh;Mahoba
951,Chauri Chaura,IN-UP,26.656068,83.359032,,India;Uttar Pradesh;Gorakhpur
761,Chhata,IN-UP,27.597491,77.625895,,India;Uttar Pradesh;Mathura
833,Chhibramau,IN-UP,27.013601,79.688690,,India;Uttar Pradesh;Kannauj
136,Chitrakoot,IN-UP,25.206227,81.077462,,India;Uttar Pradesh
1003,Chunar,IN-UP,24.986648,82.607360,,India;Uttar Pradesh;Mirzapur
929,Colonelganj,IN-UP,27.083387,82.025294,,India;Uttar Pradesh;Gonda
742,Dadri,IN-UP,28.394059,77.555973,,India;Uttar Pradesh;Gautam Buddha Nagar
827,Dalmau,IN-UP,26.203741,81.190943,,India;Uttar Pradesh;Rae Bareli
783,Dataganj,IN-UP,28.077854,79.041570,,India;Uttar Pradesh;Budaun
749,Debai,IN-UP,28.362548,78.014505,,India;Uttar Pradesh;Bulandshahr
704,Deoband,IN-UP,29.951033,77.546779,,India;Uttar Pradesh;Saharanpur
137,Deoria,IN-UP,26.425350,83.834585,,India;Uttar Pradesh
959,Deoria,IN-UP,26.425350,83.834585,,India;Uttar Pradesh;Deoria
844,Derapur,IN-UP,26.439637,79.852934,,India;Uttar Pradesh;Kanpur Dehat
715,Dhampur,IN-UP,29.386207,78.388853,,India;Uttar Pradesh;Bijnor
729,Dhanaura,IN-UP,28.835642,78.368246,,India;Uttar Pradesh;Amroha
6032,Dhaulana,IN-UP,28.722383,77.893127,,India;Uttar Pradesh;Hapur
802,Dhaurahara,IN-UP,28.120956,80.666926,,India;Uttar Pradesh;Kheri
936,Domariyaganj,IN-UP,27.270196,82.873251,,India;Uttar Pradesh;Siddharthnagar
1006,Dudhi,IN-UP,24.407995,83.051909,,India;Uttar Pradesh;Sonbhadra
138,Etah,IN-UP,27.515541,78.717419,,India;Uttar Pradesh
1008,Etah,IN-UP,27.515541,78.717419,,India;Uttar Pradesh;Etah
139,Etawah,IN-UP,26.764067,79.094854,,India;Uttar Pradesh
838,Etawah,IN-UP,26.764067,79.094854,,India;Uttar Pradesh;Etawah
765,Etmadpur,IN-UP,27.036251,78.076398,,India;Uttar Pradesh;Agra
905,Faizabad,IN-UP,26.657554,81.997104,,India;Uttar Pradesh;Ayodhya
789,Faridpur,IN-UP,28.457976,79.431403,,India;Uttar Pradesh;Bareilly
141,Farrukhabad,IN-UP,27.431334,79.458667,,India;Uttar Pradesh
832,Farrukhabad,IN-UP,27.431334,79.458667,,India;Uttar Pradesh;Farrukhabad
769,Fatehabad,IN-UP,27.036251,78.076398,,India;Uttar Pradesh;Agra
142,Fatehpur,IN-UP,25.874894,80.807709,,India;Uttar Pradesh
896,Fatehpur,IN-UP,26.939037,81.332417,,India;Uttar Pradesh;Bara Banki
878,Fatehpur,IN-UP,25.874894,80.807709,,India;Uttar Pradesh;Fatehpur
143,Firozabad,IN-UP,27.187236,78.526428,,India;Uttar Pradesh
772,Firozabad,IN-UP,27.187236,78.526428,,India;Uttar Pradesh;Firozabad
753,Gabhana,IN-UP,27.926465,78.065301,,India;Uttar Pradesh;Aligarh
857,Garautha,IN-UP,25.508105,78.950857,,India;Uttar Pradesh;Jhansi
741,Garhmukteshwar,IN-UP,28.722383,77.893127,,India;Uttar Pradesh;Hapur
913,Gauriganj,IN-UP,26.323815,81.668704,,India;Uttar Pradesh;Amethi
144,Gautam Buddha Nagar,IN-UP,28.394059,77.555973,,India;Uttar Pradesh
743,Gautam Buddha Nagar,IN-UP,28.394059,77.555973,,India;Uttar Pradesh;Gautam Buddha Nagar
943,Ghanghata,IN-UP,26.775547,83.027224,,India;Uttar Pradesh;Sant Kabir Nagar
850,Ghatampur,IN-UP,26.391080,80.208199,,India;Uttar Pradesh;Kanpur Nagar
145,Ghaziabad,IN-UP,28.767749,77.476015,,India;Uttar Pradesh
739,Ghaziabad,IN-UP,28.767749,77.476015,,India;Uttar Pradesh;Ghaziabad
146,Ghazipur,IN-UP,25.623962,83.555544,,India;Uttar Pradesh
989,Ghazipur,IN-UP,25.623962,83.555544,,India;Uttar Pradesh;Ghazipur
6873,Ghiror,IN-UP,27.182445,79.052108,,India;Uttar Pradesh;Mainpuri
1004,Ghorawal,IN-UP,24.407995,83.051909,,India;Uttar Pradesh;Sonbhadra
971,Ghosi,IN-UP,26.047456,83.561786,,India;Uttar Pradesh;Mau
954,Gola,IN-UP,26.656068,83.359032,,India;Uttar Pradesh;Gorakhpur
799,Gola Gokaran Nath,IN-UP,28.120956,80.666926,,India;Uttar Pradesh;Kheri
147,Gonda,IN-UP,27.083387,82.025294,,India;Uttar Pradesh
928,Gonda,IN-UP,27.083387,82.025294,,India;Uttar Pradesh;Gonda
148,Gorakhpur,IN-UP,26.656068,83.359032,,India;Uttar Pradesh
950,Gorakhpur,IN-UP,26.656068,83.359032,,India;Uttar Pradesh;Gorakhpur
6832,Govardhan,IN-UP,27.597491,77.625895,,India;Uttar Pradesh;Mathura
778,Gunnaur,IN-UP,28.451892,78.558077,,India;Uttar Pradesh;Sambhal
998,Gyanpur,IN-UP,25.347933,82.464128,,India;Uttar Pradesh;Bhadohi
901,Haidergarh,IN-UP,26.939037,81.332417,,India;Uttar Pradesh;Bara Banki
149,Hamirpur,IN-UP,25.751017,79.865350,,India;Uttar Pradesh
864,Hamirpur,IN-UP,25.751017,79.865350,,India;Uttar Pradesh;Hamirpur
893,Handia,IN-UP,25.304012,81.960159,,India;Uttar Pradesh;Prayagraj
661,Hapur,IN-UP,28.722383,77.893127,,India;Uttar Pradesh
740,Hapur,IN-UP,28.722383,77.893127,,India;Uttar Pradesh;Hapur
150,Hardoi,IN-UP,27.330336,80.161580,,India;Uttar Pradesh
811,Hardoi,IN-UP,27.330336,80.161580,,India;Uttar Pradesh;Hardoi
938,Harraiya,IN-UP,26.820038,82.625709,,India;Uttar Pradesh;Basti
815,Hasanganj,IN-UP,26.609367,80.560562,,India;Uttar Pradesh;Unnao
731,Hasanpur,IN-UP,28.835642,78.368246,,India;Uttar Pradesh;Amroha
956,Hata,IN-UP,26.862754,83.933846,,India;Uttar Pradesh;Kushinagar
163,Hathras,IN-UP,27.581716,78.164440,,India;Uttar Pradesh
759,Hathras,IN-UP,27.581716,78.164440,,India;Uttar Pradesh;Hathras
756,Iglas,IN-UP,27.926465,78.065301,,India;Uttar Pradesh;Aligarh
924,Ikauna,IN-UP,27.718462,81.903444,,India;Uttar Pradesh;Shrawasti
935,Itwa,IN-UP,27.270196,82.873251,,India;Uttar Pradesh;Siddharthnagar
916,Jaisinghpur,IN-UP,26.261948,82.193868,,India;Uttar Pradesh;Sultanpur
987,Jakhania,IN-UP,25.623962,83.555544,,India;Uttar Pradesh;Ghazipur
796,Jalalabad,IN-UP,27.950761,79.822072,,India;Uttar Pradesh;Shahjahanpur
909,Jalalpur,IN-UP,26.418558,82.666105,,India;Uttar Pradesh;Ambedkar Nagar
151,Jalaun,IN-UP,26.091193,79.385801,,India;Uttar Pradesh
852,Jalaun,IN-UP,26.091193,79.385801,,India;Uttar Pradesh;Jalaun
1009,Jalesar,IN-UP,27.515541,78.717419,,India;Uttar Pradesh;Etah
6164,Jamunaha,IN-UP,27.718462,81.903444,,India;Uttar Pradesh;Shrawasti
711,Jansath,IN-UP,29.415637,77.725288,,India;Uttar Pradesh;Muzaffarnagar
773,Jasrana,IN-UP,27.187236,78.526428,,India;Uttar Pradesh;Firozabad
836,Jaswantnagar,IN-UP,26.764067,79.094854,,India;Uttar Pradesh;Etawah
152,Jaunpur,IN-UP,25.746298,82.574976,,India;Uttar Pradesh
984,Jaunpur,IN-UP,25.746298,82.574976,,India;Uttar Pradesh;Jaunpur
744,Jewar,IN-UP,28.394059,77.555973,,India;Uttar Pradesh;Gautam Buddha Nagar
153,Jhansi,IN-UP,25.508105,78.950857,,India;Uttar Pradesh
860,Jhansi,IN-UP,25.508105,78.950857,,India;Uttar Pradesh;Jhansi
918,Kadipur,IN-UP,26.261948,82.193868,,India;Uttar Pradesh;Sultanpur
830,Kaimganj,IN-UP,27.431334,79.458667,,India;Uttar Pradesh;Farrukhabad
706,Kairana,IN-UP,29.500323,77.282363,,India;Uttar Pradesh;Shamli
922,Kaiserganj,IN-UP,27.698230,81.492806,,India;Uttar Pradesh;Bahraich
6882,Kalan,IN-UP,27.950761,79.822072,,India;Uttar Pradesh;Shahjahanpur
6866,Kalinagar,IN-UP,28.530755,79.994583,,India;Uttar Pradesh;Pilibhit
853,Kalpi,IN-UP,26.091193,79.385801,,India;Uttar Pradesh;Jalaun
155,Kannauj,IN-UP,27.013601,79.688690,,India;Uttar Pradesh
834,Kannauj,IN-UP,27.013601,79.688690,,India;Uttar Pradesh;Kannauj
849,Kanpur,IN-UP,26.391080,80.208199,,India;Uttar Pradesh;Kanpur Nagar
156,Kanpur Dehat,IN-UP,26.439637,79.852934,,India;Uttar Pradesh
157,Kanpur Nagar,IN-UP,26.391080,80.208199,Cawnpore;Kanpur,India;Uttar Pradesh
718,Kanth,IN-UP,28.885592,78.802924,,India;Uttar Pradesh;Moradabad
6879,Kaptanganj,IN-UP,26.862754,83.933846,,India;Uttar Pradesh;Kushinagar
892,Karchhana,IN-UP,25.304012,81.960159,,India;Uttar Pradesh;Prayagraj
776,Karhal,IN-UP,27.182445,79.052108,,India;Uttar Pradesh;Mainpuri
875,Karwi,IN-UP,25.206227,81.077462,,India;Uttar Pradesh;Chitrakoot
633,Kasganj,IN-UP,27.773327,78.846070,,India;Uttar Pradesh
1010,Kasganj,IN-UP,27.773327,78.846070,,India;Uttar Pradesh;Kasganj
6834,Kasimabad,IN-UP,25.623962,83.555544,,India;Uttar Pradesh;Ghazipur
957,Kasya,IN-UP,26.862754,83.933846,,India;Uttar Pradesh;Kushinagar
158,Kaushambi,IN-UP,25.498460,81.415008,,India;Uttar Pradesh
986,Kerakat,IN-UP,25.746298,82.574976,,India;Uttar Pradesh;Jaunpur
6878,Khadda,IN-UP,26.862754,83.933846,,India;Uttar Pradesh;Kushinagar
879,Khaga,IN-UP,25.874894,80.807709,,India;Uttar Pradesh;Fatehpur
752,Khair,IN-UP,27.926465,78.065301,,India;Uttar Pradesh;Aligarh
953,Khajni,IN-UP,26.656068,83.359032,,India;Uttar Pradesh;Gorakhpur
942,Khalilabad,IN-UP,26.775547,83.027224,,India;Uttar Pradesh;Sant Kabir Nagar
710,Khatauli,IN-UP,29.415637,77.725288,,India;Uttar Pradesh;Muzaffarnagar
737,Khekada,IN-UP,29.056937,77.308508,,India;Uttar Pradesh;Baghpat
768,Kheragarh,IN-UP,27.036251,78.076398,,India;Uttar Pradesh;Agra
159,Kheri,IN-UP,28.120956,80.666926,,India;Uttar Pradesh
751,Khurja,IN-UP,28.362548,78.014505,,India;Uttar Pradesh;Bulandshahr
767,Kiraoli,IN-UP,27.036251,78.076398,,India;Uttar Pradesh;Agra
6872,Kishni,IN-UP,27.182445,79.052108,,India;Uttar Pradesh;Mainpuri
755,Koil,IN-UP,27.926465,78.065301,,India;Uttar Pradesh;Aligarh
855,Konch,IN-UP,26.091193,79.385801,,India;Uttar Pradesh;Jalaun
895,Koraon,IN-UP,25.304012,81.960159,,India;Uttar Pradesh;Prayagraj
868,Kulpahar,IN-UP,25.362800,79.726003,,India;Uttar Pradesh;Mahoba
881,Kunda,IN-UP,25.872737,81.829069,,India;Uttar Pradesh;Pratapgarh
6874,Kurawali,IN-UP,27.182445,79.052108,,India;Uttar Pradesh;Mainpuri
160,Kushinagar,IN-UP,26.862754,83.933846,,India;Uttar Pradesh
805,Laharpur,IN-UP,27.517096,80.852222,,India;Uttar Pradesh;Sitapur
801,Lakhimpur,IN-UP,28.120956,80.666926,,India;Uttar Pradesh;Kheri
880,Lalganj,IN-UP,25.872737,81.829069,,India;Uttar Pradesh;Pratapgarh
969,Lalganj,IN-UP,26.045498,83.067296,,India;Uttar Pradesh;Azamgarh
1001,Lalganj,IN-UP,24.986648,82.607360,,India;Uttar Pradesh;Mirzapur
826,Lalganj,IN-UP,26.203741,81.190943,,India;Uttar Pradesh;Rae Bareli
161,Lalitpur,IN-UP,24.653500,78.561958,,India;Uttar Pradesh
862,Lalitpur,IN-UP,24.653500,78.561958,,India;Uttar Pradesh;Lalitpur
917,Lambhua,IN-UP,26.261948,82.193868,,India;Uttar Pradesh;Sultanpur
6089,Loni,IN-UP,28.767749,77.476015,,India;Uttar Pradesh;Ghaziabad
162,Lucknow,IN-UP,26.841979,80.905490,,India;Uttar Pradesh
983,Machhlishahr,IN-UP,25.746298,82.574976,,India;Uttar Pradesh;Jaunpur
851,Madhogarh,IN-UP,26.091193,79.385801,,India;Uttar Pradesh;Jalaun
972,Madhuban,IN-UP,26.047456,83.561786,,India;Uttar Pradesh;Mau
823,Maharajganj,IN-UP,26.203741,81.190943,,India;Uttar Pradesh;Rae Bareli
947,Maharajganj,IN-UP,27.200551,83.530436,,India;Uttar Pradesh;Mahrajganj
920,Mahasi,IN-UP,27.698230,81.492806,,India;Uttar Pradesh;Bahraich
763,Mahavan,IN-UP,27.597491,77.625895,,India;Uttar Pradesh;Mathura
807,Mahmudabad,IN-UP,27.517096,80.852222,,India;Uttar Pradesh;Sitapur
165,Mahoba,IN-UP,25.362800,79.726003,,India;Uttar Pradesh
870,Mahoba,IN-UP,25.362800,79.726003,,India;Uttar Pradesh;Mahoba
6880,Maholi,IN-UP,27.517096,80.852222,,India;Uttar Pradesh;Sitapur
164,Mahrajganj,IN-UP,27.200551,83.530436,,India;Uttar Pradesh
863,Mahroni,IN-UP,24.653500,78.561958,,India;Uttar Pradesh;Lalitpur
166,Mainpuri,IN-UP,27.182445,79.052108,,India;Uttar Pradesh
775,Mainpuri,IN-UP,27.182445,79.052108,,India;Uttar Pradesh;Mainpuri
6871,Maitha,IN-UP,26.439637,79.852934,,India;Uttar Pradesh;Kanpur Dehat
819,Malihabad,IN-UP,26.841979,80.905490,,India;Uttar Pradesh;Lucknow
5930,Manikpur,IN-UP,25.206227,81.077462,,India;Uttar Pradesh;Chitrakoot
886,Manjhanpur,IN-UP,25.498460,81.415008,,India;Uttar Pradesh;Kaushambi
931,Mankapur,IN-UP,27.083387,82.025294,,India;Uttar Pradesh;Gonda
985,Mariahu,IN-UP,25.746298,82.574976,,India;Uttar Pradesh;Jaunpur
1002,Marihan,IN-UP,24.986648,82.607360,,India;Uttar Pradesh;Mirzapur
6165,Martinganjon,IN-UP,26.045498,83.067296,,India;Uttar Pradesh;Azamgarh
762,Mat,IN-UP,27.597491,77.625895,,India;Uttar Pradesh;Mathura
167,Mathura,IN-UP,27.597491,77.625895,,India;Uttar Pradesh
764,Mathura,IN-UP,27.597491,77.625895,,India;Uttar Pradesh;Mathura
168,Mau,IN-UP,26.047456,83.561786,,India;Uttar Pradesh
876,Mau,IN-UP,25.206227,81.077462,,India;Uttar Pradesh;Chitrakoot
867,Maudaha,IN-UP,25.751017,79.865350,,India;Uttar Pradesh;Hamirpur
973,Maunath Bhanjan,IN-UP,26.047456,83.561786,,India;Uttar Pradesh;Mau
859,Mauranipur,IN-UP,25.508105,78.950857,,India;Uttar Pradesh;Jhansi
733,Mawana,IN-UP,29.036373,77.782697,,India;Uttar Pradesh;Meerut
6369,Mdawara,IN-UP,24.653500,78.561958,,India;Uttar Pradesh;Lalitpur
785,Meerganj,IN-UP,28.457976,79.431403,,India;Uttar Pradesh;Bareilly
169,Meerut,IN-UP,29.036373,77.782697,,India;Uttar Pradesh
734,Meerut,IN-UP,29.036373,77.782697,,India;Uttar Pradesh;Meerut
941,Mehdawal,IN-UP,26.775547,83.027224,,India;Uttar Pradesh;Sant Kabir Nagar
970,Mehnagar,IN-UP,26.045498,83.067296,,India;Uttar Pradesh;Azamgarh
894,Meja,IN-UP,25.304012,81.960159,,India;Uttar Pradesh;Prayagraj
6862,Mihinpurwa Motipur,IN-UP,27.698230,81.492806,,India;Uttar Pradesh;Bahraich
728,Milak,IN-UP,28.809845,79.115097,,India;Uttar Pradesh;Rampur
903,Milkipur,IN-UP,26.657554,81.997104,,India;Uttar Pradesh;Ayodhya
170,Mirzapur,IN-UP,24.986648,82.607360,,India;Uttar Pradesh
1000,Mirzapur,IN-UP,24.986648,82.607360,,India;Uttar Pradesh;Mirzapur
803,Misrikh,IN-UP,27.517096,80.852222,,India;Uttar Pradesh;Sitapur
6875,Mitauli,IN-UP,28.120956,80.666926,,India;Uttar Pradesh;Kheri
738,Modinagar,IN-UP,28.767749,77.476015,,India;Uttar Pradesh;Ghaziabad
990,Mohammadabad,IN-UP,25.623962,83.555544,,India;Uttar Pradesh;Ghazipur
800,Mohammdi,IN-UP,28.120956,80.666926,,India;Uttar Pradesh;Kheri
822,Mohanlalganj,IN-UP,26.841979,80.905490,,India;Uttar Pradesh;Lucknow
171,Moradabad,IN-UP,28.885592,78.802924,,India;Uttar Pradesh
719,Moradabad,IN-UP,28.885592,78.802924,,India;Uttar Pradesh;Moradabad
856,Moth,IN-UP,25.508105,78.950857,,India;Uttar Pradesh;Jhansi
974,Muhammadabad Gohna,IN-UP,26.047456,83.561786,,India;Uttar Pradesh;Mau
912,Musafirkhana,IN-UP,26.323815,81.668704,,India;Uttar Pradesh;Amethi
172,Muzaffarnagar,IN-UP,29.415637,77.725288,,India;Uttar Pradesh
708,Muzaffarnagar,IN-UP,29.415637,77.725288,,India;Uttar Pradesh;Muzaffarnagar
714,Nagina,IN-UP,29.386207,78.388853,,India;Uttar Pradesh;Bijnor
712,Najibabad,IN-UP,29.386207,78.388853,,India;Uttar Pradesh;Bijnor
703,Nakur,IN-UP,29.951033,77.546779,,India;Uttar Pradesh;Saharanpur
919,Nanpara,IN-UP,27.698230,81.492806,,India;Uttar Pradesh;Bahraich
874,Naraini,IN-UP,25.470939,80.557396,,India;Uttar Pradesh;Banda
6163,Narwal,IN-UP,26.391080,80.208199,,India;Uttar Pradesh;Kanpur Nagar
933,Naugarh,IN-UP,27.270196,82.873251,,India;Uttar Pradesh;Siddharthnagar
6870,Naugarh,IN-UP,25.141544,83.258105,,India;Uttar Pradesh;Chandauli
6831,Naugawan Sadat,IN-UP,28.835642,78.368246,,India;Uttar Pradesh;Amroha
944,Nautanwa,IN-UP,27.200551,83.530436,,India;Uttar Pradesh;Mahrajganj
898,Nawabganj,IN-UP,26.939037,81.332417,,India;Uttar Pradesh;Bara Banki
788,Nawabganj,IN-UP,28.457976,79.431403,,India;Uttar Pradesh;Bareilly
945,Nichlaul,IN-UP,27.200551,83.530436,,India;Uttar Pradesh;Mahrajganj
797,Nighasan,IN-UP,28.120956,80.666926,,India;Uttar Pradesh;Kheri
967,Nizamabad,IN-UP,26.045498,83.067296,,India;Uttar Pradesh;Azamgarh
7127,Obra,IN-UP,24.407995,83.051909,,India;Uttar Pradesh;Sonbhadra
854,Orai,IN-UP,26.091193,79.385801,,India;Uttar Pradesh;Jalaun
955,Padrauna,IN-UP,26.862754,83.933846,,India;Uttar Pradesh;Kushinagar
6157,Pailani,IN-UP,25.470939,80.557396,,India;Uttar Pradesh;Banda
6881,Pali,IN-UP,24.653500,78.561958,,India;Uttar Pradesh;Lalitpur
798,Palia,IN-UP,28.120956,80.666926,,India;Uttar Pradesh;Kheri
6869,Pandit Deendayal Upadhyay Nagar,IN-UP,25.141544,83.258105,,India;Uttar Pradesh;Chandauli
1012,Patiyali,IN-UP,27.773327,78.846070,,India;Uttar Pradesh;Kasganj
883,Patti,IN-UP,25.872737,81.829069,,India;Uttar Pradesh;Pratapgarh
6861,Payagpur,IN-UP,27.698230,81.492806,,India;Uttar Pradesh;Bahraich
946,Pharenda,IN-UP,27.200551,83.530436,,India;Uttar Pradesh;Mahrajganj
889,Phulpur,IN-UP,25.304012,81.960159,,India;Uttar Pradesh;Prayagraj
968,Phulpur,IN-UP,26.045498,83.067296,,India;Uttar Pradesh;Azamgarh
173,Pilibhit,IN-UP,28.530755,79.994583,,India;Uttar Pradesh
790,Pilibhit,IN-UP,28.530755,79.994583,,India;Uttar Pradesh;Pilibhit
995,Pindra,IN-UP,25.388275,82.913960,,India;Uttar Pradesh;Varanasi
793,Powayan,IN-UP,27.950761,79.822072,,India;Uttar Pradesh;Shahjahanpur
174,Pratapgarh,IN-UP,25.872737,81.829069,,India;Uttar Pradesh
882,Pratapgarh,IN-UP,25.872737,81.829069,,India;Uttar Pradesh;Pratapgarh
120,Prayagraj,IN-UP,25.304012,81.960159,Allahabad,India;Uttar Pradesh
792,Puranpur,IN-UP,28.530755,79.994583,,India;Uttar Pradesh;Pilibhit
817,Purwa,IN-UP,26.609367,80.560562,,India;Uttar Pradesh;Unnao
175,Rae Bareli,IN-UP,26.203741,81.190943,,India;Uttar Pradesh
825,Rae Bareli,IN-UP,26.203741,81.190943,,India;Uttar Pradesh;Rae Bareli
6156,Rajapur,IN-UP,25.206227,81.077462,,India;Uttar Pradesh;Chitrakoot
6093,Rajatalab,IN-UP,25.388275,82.913960,,India;Uttar Pradesh;Varanasi
897,Ramnagar,IN-UP,26.939037,81.332417,,India;Uttar Pradesh;Bara Banki
176,Rampur,IN-UP,28.809845,79.115097,,India;Uttar Pradesh
726,Rampur,IN-UP,28.809845,79.115097,,India;Uttar Pradesh;Rampur
705,Rampur Maniharan,IN-UP,29.951033,77.546779,,India;Uttar Pradesh;Saharanpur
900,Ramsanehighat,IN-UP,26.939037,81.332417,,India;Uttar Pradesh;Bara Banki
884,Raniganj,IN-UP,25.872737,81.829069,,India;Uttar Pradesh;Pratapgarh
977,Rasra,IN-UP,25.876254,84.102614,,India;Uttar Pradesh;Ballia
843,Rasulabad,IN-UP,26.439637,79.852934,,India;Uttar Pradesh;Kanpur Dehat
865,Rath,IN-UP,25.751017,79.865350,,India;Uttar Pradesh;Hamirpur
1005,Robertsganj,IN-UP,24.407995,83.051909,,India;Uttar Pradesh;Sonbhadra
902,Rudauli,IN-UP,26.657554,81.997104,,India;Uttar Pradesh;Ayodhya
940,Rudhauli,IN-UP,26.820038,82.625709,,India;Uttar Pradesh;Basti
960,Rudrapur,IN-UP,26.425350,83.834585,,India;Uttar Pradesh;Deoria
760,Sadabad,IN-UP,27.581716,78.164440,,India;Uttar Pradesh;Hathras
821,Sadar,IN-UP,26.841979,80.905490,,India;Uttar Pradesh;Lucknow
814,Safipur,IN-UP,26.609367,80.560562,,India;Uttar Pradesh;Unnao
965,Sagri,IN-UP,26.045498,83.067296,,India;Uttar Pradesh;Azamgarh
177,Saharanpur,IN-UP,29.951033,77.546779,,India;Uttar Pradesh
702,Saharanpur,IN-UP,29.951033,77.546779,,India;Uttar Pradesh;Saharanpur
781,Sahaswan,IN-UP,28.077854,79.041570,,India;Uttar Pradesh;Budaun
1011,Sahawar,IN-UP,27.773327,78.846070,,India;Uttar Pradesh;Kasganj
949,Sahjanwa,IN-UP,26.656068,83.359032,,India;Uttar Pradesh;Gorakhpur
988,Saidpur,IN-UP,25.623962,83.555544,,India;Uttar Pradesh;Ghazipur
837,Saifai,IN-UP,26.764067,79.094854,,India;Uttar Pradesh;Etawah
992,Sakaldiha,IN-UP,25.141544,83.258105,,India;Uttar Pradesh;Chandauli
962,Salempur,IN-UP,26.425350,83.834585,,India;Uttar Pradesh;Deoria
829,Salon,IN-UP,26.203741,81.190943,,India;Uttar Pradesh;Rae Bareli
659,Sambhal,IN-UP,28.451892,78.558077,,India;Uttar Pradesh
721,Sambhal,IN-UP,28.451892,78.558077,,India;Uttar Pradesh;Sambhal
813,Sandila,IN-UP,27.330336,80.161580,,India;Uttar Pradesh;Hardoi
178,Sant Kabir Nagar,IN-UP,26.775547,83.027224,,India;Uttar Pradesh
732,Sardhana,IN-UP,29.036373,77.782697,,India;Uttar Pradesh;Meerut
866,Sarila,IN-UP,25.751017,79.865350,,India;Uttar Pradesh;Hamirpur
6094,Sarojani Nagar,IN-UP,26.841979,80.905490,,India;Uttar Pradesh;Lucknow
757,Sasni,IN-UP,27.581716,78.164440,,India;Uttar Pradesh;Hathras
810,Sawayajpur,IN-UP,27.330336,80.161580,,India;Uttar Pradesh;Hardoi
6835,Sewarai,IN-UP,25.623962,83.555544,,India;Uttar Pradesh;Ghazipur
727,Shahabad,IN-UP,28.809845,79.115097,,India;Uttar Pradesh;Rampur
809,Shahabad,IN-UP,27.330336,80.161580,,India;Uttar Pradesh;Hardoi
981,Shahganj,IN-UP,25.746298,82.574976,,India;Uttar Pradesh;Jaunpur
180,Shahjahanpur,IN-UP,27.950761,79.822072,,India;Uttar Pradesh
795,Shahjahanpur,IN-UP,27.950761,79.822072,,India;Uttar Pradesh;Shahjahanpur
660,Shamli,IN-UP,29.500323,77.282363,,India;Uttar Pradesh
707,Shamli,IN-UP,29.500323,77.282363,,India;Uttar Pradesh;Shamli
750,Shikarpur,IN-UP,28.362548,78.014505,,India;Uttar Pradesh;Bulandshahr
774,Shikohabad,IN-UP,27.187236,78.526428,,India;Uttar Pradesh;Firozabad
932,Shohratgarh,IN-UP,27.270196,82.873251,,India;Uttar Pradesh;Siddharthnagar
181,Shrawasti,IN-UP,27.718462,81.903444,,India;Uttar Pradesh
747,Siana,IN-UP,28.362548,78.014505,,India;Uttar Pradesh;Bulandshahr
182,Siddharthnagar,IN-UP,27.270196,82.873251,,India;Uttar Pradesh
808,Sidhauli,IN-UP,27.517096,80.852222,,India;Uttar Pradesh;Sitapur
976,Sikanderpur,IN-UP,25.876254,84.102614,,India;Uttar Pradesh;Ballia
847,Sikandra,IN-UP,26.439637,79.852934,,India;Uttar Pradesh;Kanpur Dehat
758,Sikandra Rao,IN-UP,27.581716,78.164440,,India;Uttar Pradesh;Hathras
745,Sikandrabad,IN-UP,28.362548,78.014505,,India;Uttar Pradesh;Bulandshahr
885,Sirathu,IN-UP,25.498460,81.415008,,India;Uttar Pradesh;Kaushambi
899,Sirauli Gauspur,IN-UP,26.939037,81.332417,,India;Uttar Pradesh;Bara Banki
6161,Sirsaganj,IN-UP,27.187236,78.526428,,India;Uttar Pradesh;Firozabad
183,Sitapur,IN-UP,27.517096,80.852222,,India;Uttar Pradesh
804,Sitapur,IN-UP,27.517096,80.852222,,India;Uttar Pradesh;Sitapur
904,Sohawal,IN-UP,26.657554,81.997104,,India;Uttar Pradesh;Ayodhya
184,Sonbhadra,IN-UP,24.407995,83.051909,,India;Uttar Pradesh
888,Soraon,IN-UP,25.304012,81.960159,,India;Uttar Pradesh;Prayagraj
723,Suar,IN-UP,28.809845,79.115097,,India;Uttar Pradesh;Rampur
185,Sultanpur,IN-UP,26.261948,82.193868,,India;Uttar Pradesh
915,Sultanpur,IN-UP,26.261948,82.193868,,India;Uttar Pradesh;Sultanpur
858,Tahrauli,IN-UP,25.508105,78.950857,,India;Uttar Pradesh;Jhansi
6158,Takha,IN-UP,26.764067,79.094854,,India;Uttar Pradesh;Etawah
861,Talbehat,IN-UP,24.653500,78.561958,,India;Uttar Pradesh;Lalitpur
958,Tamkuhi Raj,IN-UP,26.862754,83.933846,,India;Uttar Pradesh;Kushinagar
724,Tanda,IN-UP,28.809845,79.115097,,India;Uttar Pradesh;Rampur
907,Tanda,IN-UP,26.418558,82.666105,,India;Uttar Pradesh;Ambedkar Nagar
930,Tarabganj,IN-UP,27.083387,82.025294,,India;Uttar Pradesh;Gonda
717,Thakurdwara,IN-UP,28.885592,78.802924,,India;Uttar Pradesh;Moradabad
794,Tilhar,IN-UP,27.950761,79.822072,,India;Uttar Pradesh;Shahjahanpur
824,Tiloi,IN-UP,26.323815,81.668704,,India;Uttar Pradesh;Amethi
835,Tirwa,IN-UP,27.013601,79.688690,,India;Uttar Pradesh;Kannauj
926,Tulsipur,IN-UP,27.483685,82.375229,,India;Uttar Pradesh;Balrampur
771,Tundla,IN-UP,27.187236,78.526428,,India;Uttar Pradesh;Firozabad
6159,Un,IN-UP,29.500323,77.282363,,India;Uttar Pradesh;Shamli
828,Unchahar,IN-UP,26.203741,81.190943,,India;Uttar Pradesh;Rae Bareli
186,Unnao,IN-UP,26.609367,80.560562,,India;Uttar Pradesh
816,Unnao,IN-UP,26.609367,80.560562,,India;Uttar Pradesh;Unnao
927,Utraula,IN-UP,27.483685,82.375229,,India;Uttar Pradesh;Balrampur
187,Varanasi,IN-UP,25.388275,82.913960,Banaras;Benares,India;Uttar Pradesh
996,Varanasi Sadar,IN-UP,25.388275,82.913960,,India;Uttar Pradesh;Varanasi
991,Zamania,IN-UP,25.623962,83.555544,,India;Uttar Pradesh;Ghazipur
6345,Adibadri,IN-UT,30.495149,79.577047,,India;Uttarakhand;Chamoli
45,Almora,IN-UT,29.690751,79.504039,,India;Uttarakhand
330,Almora,IN-UT,29.690751,79.504039,,India;Uttarakhand;Almora
46,Bageshwar,IN-UT,29.996405,79.858939,,India;Uttarakhand
323,Bageshwar,IN-UT,29.996405,79.858939,,India;Uttarakhand;Bageshwar
6341,Bagwalipokhar,IN-UT,29.690751,79.504039,,India;Uttarakhand;Almora
348,Bajpur,IN-UT,29.041948,79.470845,,India;Uttarakhand;Udham Singh Nagar
6374,Balganga,IN-UT,30.436550,78.535529,,India;Uttarakhand;Tehri Garhwal
6356,Bangapani,IN-UT,30.113997,80.345565,,India;Uttarakhand;Pithoragarh
6377,Barakot,IN-UT,29.281123,80.069053,,India;Uttarakhand;Champawat
6405,Barnigad,IN-UT,30.971870,78.607019,,India;Uttarakhand;Uttarkashi
6334,Basukedar,IN-UT,30.506914,79.052455,,India;Uttarakhand;Rudraprayag
318,Berinag,IN-UT,30.113997,80.345565,,India;Uttarakhand;Pithoragarh
339,Betalghat,IN-UT,29.317293,79.463201,,India;Uttarakhand;Nainital
6022,Bhagwanpur,IN-UT,29.881397,77.996044,,India;Uttarakhand;Haridwar
333,Bhanoli,IN-UT,29.690751,79.504039,,India;Uttarakhand;Almora
283,Bhatwari,IN-UT,30.971870,78.607019,,India;Uttarakhand;Uttarkashi
325,Bhikiasain,IN-UT,29.690751,79.504039,,India;Uttarakhand;Almora
6354,Bironkhal,IN-UT,29.879961,78.763766,,India;Uttarakhand;Pauri Garhwal
6036,Chakisain,IN-UT,29.879961,78.763766,,India;Uttarakhand;Pauri Garhwal
300,Chakrata,IN-UT,30.472166,77.967550,,India;Uttarakhand;Dehradun
47,Chamoli,IN-UT,30.495149,79.577047,,India;Uttarakhand
285,Chamoli,IN-UT,30.495149,79.577047,,India;Uttarakhand;Chamoli
48,Champawat,IN-UT,29.281123,80.069053,,India;Uttarakhand
334,Champawat,IN-UT,29.281123,80.069053,,India;Uttarakhand;Champawat
312,Chaubatta Khal,IN-UT,29.879961,78.763766,,India;Uttarakhand;Pauri Garhwal
326,Chaukhutiya,IN-UT,29.690751,79.504039,,India;Uttarakhand;Almora
282,Chinyali Saur,IN-UT,30.971870,78.607019,,India;Uttarakhand;Uttarkashi
49,Dehradun,IN-UT,30.472166,77.967550,,India;Uttarakhand
304,Dehradun,IN-UT,30.472166,77.967550,,India;Uttarakhand;Dehradun
6424,Devalthal,IN-UT,30.113997,80.345565,,India;Uttarakhand;Pithoragarh
294,Devprayag,IN-UT,30.436550,78.535529,,India;Uttarakhand;Tehri Garhwal
6347,Dewal,IN-UT,30.495149,79.577047,,India;Uttarakhand;Chamoli
298,Dhanaulti,IN-UT,30.436550,78.535529,,India;Uttarakhand;Tehri Garhwal
316,Dharchula,IN-UT,30.113997,80.345565,,India;Uttarakhand;Pithoragarh
341,Dhari,IN-UT,29.317293,79.463201,,India;Uttarakhand;Nainital
6338,Dhaulchhina,IN-UT,29.690751,79.504039,,India;Uttarakhand;Almora
6365,Dhauntari,IN-UT,30.971870,78.607019,,India;Uttarakhand;Uttarkashi
309,Dhoomakot,IN-UT,29.879961,78.763766,,India;Uttarakhand;Pauri Garhwal
6342,Dhyari,IN-UT,29.690751,79.504039,,India;Uttarakhand;Almora
317,Didihat,IN-UT,30.113997,80.345565,,India;Uttarakhand;Pithoragarh
6335,Doiwala,IN-UT,30.472166,77.967550,,India;Uttarakhand;Dehradun
6331,Dugnakuri,IN-UT,29.996405,79.858939,,India;Uttarakhand;Bageshwar
281,Dunda,IN-UT,30.971870,78.607019,,India;Uttarakhand;Uttarkashi
329,Dwarahat,IN-UT,29.690751,79.504039,,India;Uttarakhand;Almora
350,Gadarpur,IN-UT,29.041948,79.470845,,India;Uttarakhand;Udham Singh Nagar
289,Gairsain,IN-UT,30.495149,79.577047,,India;Uttarakhand;Chamoli
6372,Gaja,IN-UT,30.436550,78.535529,,India;Uttarakhand;Tehri Garhwal
6336,Ganai Gangoli,IN-UT,30.113997,80.345565,,India;Uttarakhand;Pithoragarh
319,Gangolihat,IN-UT,30.113997,80.345565,,India;Uttarakhand;Pithoragarh
324,Garud,IN-UT,29.996405,79.858939,,India;Uttarakhand;Bageshwar
6343,Ghaat,IN-UT,30.495149,79.577047,,India;Uttarakhand;Chamoli
293,Ghansali,IN-UT,30.436550,78.535529,,India;Uttarakhand;Tehri Garhwal
342,Haldwani,IN-UT,29.317293,79.463201,,India;Uttarakhand;Nainital
354,Hardwar,IN-UT,29.881397,77.996044,,India;Uttarakhand;Haridwar
50,Haridwar,IN-UT,29.881397,77.996044,,India;Uttarakhand
332,Jainti,IN-UT,29.690751,79.504039,,India;Uttarakhand;Almora
296,Jakhani Dhar,IN-UT,30.436550,78.535529,,India;Uttarakhand;Tehri Garhwal
6373,Jakhanikhal,IN-UT,29.879961,78.763766,,India;Uttarakhand;Pauri Garhwal
292,Jakholi*,IN-UT,30.506914,79.052455,,India;Uttarakhand;Rudraprayag
6340,Jalali,IN-UT,29.690751,79.504039,,India;Uttarakhand;Almora
347,Jaspur,IN-UT,29.041948,79.470845,,India;Uttarakhand;Udham Singh Nagar
6346,Jilasu,IN-UT,30.495149,79.577047,,India;Uttarakhand;Chamoli
284,Joshimath,IN-UT,30.495149,79.577047,,India;Uttarakhand;Chamoli
6366,Joshiyara,IN-UT,30.971870,78.607019,,India;Uttarakhand;Uttarkashi
6332,Kafligair,IN-UT,29.996405,79.858939,,India;Uttarakhand;Bageshwar
344,Kaladhungi,IN-UT,29.317293,79.463201,,India;Uttarakhand;Nainital
302,Kalsi,IN-UT,30.472166,77.967550,,India;Uttarakhand;Dehradun
6425,Kanalichhina,IN-UT,30.113997,80.345565,,India;Uttarakhand;Pithoragarh
322,Kanda,IN-UT,29.996405,79.858939,,India;Uttarakhand;Bageshwar
6360,Kandisaur,IN-UT,30.436550,78.535529,,India;Uttarakhand;Tehri Garhwal
321,Kapkot,IN-UT,29.996405,79.858939,,India;Uttarakhand;Bageshwar
287,Karnaprayag,IN-UT,30.495149,79.577047,,India;Uttarakhand;Chamoli
346,Kashipur,IN-UT,29.041948,79.470845,,India;Uttarakhand;Udham Singh Nagar
352,Khatima,IN-UT,29.041948,79.470845,,India;Uttarakhand;Udham Singh Nagar
349,Kichha,IN-UT,29.041948,79.470845,,India;Uttarakhand;Udham Singh Nagar
6361,Kirtinagar,IN-UT,30.436550,78.535529,,India;Uttarakhand;Tehri Garhwal
338,Kosya Kutauli,IN-UT,29.317293,79.463201,,India;Uttarakhand;Nainital
313,Kotdwara,IN-UT,29.879961,78.763766,,India;Uttarakhand;Pauri Garhwal
355,Laksar,IN-UT,29.881397,77.996044,,India;Uttarakhand;Haridwar
6351,Laldhang,IN-UT,29.881397,77.996044,,India;Uttarakhand;Haridwar
345,Lalkuan,IN-UT,29.317293,79.463201,,India;Uttarakhand;Nainital
6368,Lamgada,IN-UT,29.690751,79.504039,,India;Uttarakhand;Almora
310,Lansdowne,IN-UT,29.879961,78.763766,,India;Uttarakhand;Pauri Garhwal
336,Lohaghat,IN-UT,29.281123,80.069053,,India;Uttarakhand;Champawat
6339,Machhor,IN-UT,29.690751,79.504039,,India;Uttarakhand;Almora
6362,Madannegi,IN-UT,30.436550,78.535529,,India;Uttarakhand;Tehri Garhwal
6348,Manch,IN-UT,29.281123,80.069053,,India;Uttarakhand;Champawat
279,Mori,IN-UT,30.971870,78.607019,,India;Uttarakhand;Uttarkashi
315,Munsiari,IN-UT,30.113997,80.345565,,India;Uttarakhand;Pithoragarh
7393,Mussoorie,IN-UT,30.472166,77.967550,,India;Uttarakhand;Dehradun
6337,Nainbag,IN-UT,30.436550,78.535529,,India;Uttarakhand;Tehri Garhwal
51,Nainital,IN-UT,29.317293,79.463201,,India;Uttarakhand
340,Nainital,IN-UT,29.317293,79.463201,,India;Uttarakhand;Nainital
6364,Nanakmatta,IN-UT,29.041948,79.470845,,India;Uttarakhand;Udham Singh Nagar
6344,Nandprayag,IN-UT,30.495149,79.577047,,India;Uttarakhand;Chamoli
6333,Narayanbagar,IN-UT,30.495149,79.577047,,India;Uttarakhand;Chamoli
299,Narendra Nagar,IN-UT,30.436550,78.535529,,India;Uttarakhand;Tehri Garhwal
6352,Narsan,IN-UT,29.881397,77.996044,,India;Uttarakhand;Haridwar
6350,Okhalkanda,IN-UT,29.317293,79.463201,,India;Uttarakhand;Nainital
6358,Pankhu,IN-UT,30.113997,80.345565,,India;Uttarakhand;Pithoragarh
335,Pati,IN-UT,29.281123,80.069053,,India;Uttarakhand;Champawat
307,Pauri,IN-UT,29.879961,78.763766,,India;Uttarakhand;Pauri Garhwal
52,Pauri Garhwal,IN-UT,29.879961,78.763766,,India;Uttarakhand
6363,Pawkidevi,IN-UT,30.436550,78.535529,,India;Uttarakhand;Tehri Garhwal
53,Pithoragarh,IN-UT,30.113997,80.345565,,India;Uttarakhand
320,Pithoragarh,IN-UT,30.113997,80.345565,,India;Uttarakhand;Pithoragarh
286,Pokhari,IN-UT,30.495149,79.577047,,India;Uttarakhand;Chamoli
337,Poornagiri,IN-UT,29.281123,80.069053,,India;Uttarakhand;Champawat
295,Pratapnagar,IN-UT,30.436550,78.535529,,India;Uttarakhand;Tehri Garhwal
6349,Pulla Gumdesh,IN-UT,29.281123,80.069053,,India;Uttarakhand;Champawat
278,Puraula,IN-UT,30.971870,78.607019,,India;Uttarakhand;Uttarkashi
280,Rajgarhi,IN-UT,30.971870,78.607019,,India;Uttarakhand;Uttarkashi
6353,Ramgarh,IN-UT,29.317293,79.463201,,India;Uttarakhand;Nainital
343,Ramnagar,IN-UT,29.317293,79.463201,,India;Uttarakhand;Nainital
328,Ranikhet,IN-UT,29.690751,79.504039,,India;Uttarakhand;Almora
6355,Rikhanikhal,IN-UT,29.879961,78.763766,,India;Uttarakhand;Pauri Garhwal
305,Rishikesh,IN-UT,30.472166,77.967550,,India;Uttarakhand;Dehradun
353,Roorkee,IN-UT,29.881397,77.996044,,India;Uttarakhand;Haridwar
54,Rudraprayag,IN-UT,30.506914,79.052455,,India;Uttarakhand
291,Rudraprayag,IN-UT,30.506914,79.052455,,India;Uttarakhand;Rudraprayag
6030,Rudrapur,IN-UT,29.041948,79.470845,,India;Uttarakhand;Udham Singh Nagar
6404,Sankari,IN-UT,30.971870,78.607019,,India;Uttarakhand;Uttarkashi
311,Satpuli,IN-UT,29.879961,78.763766,,India;Uttarakhand;Pauri Garhwal
6367,Shama,IN-UT,29.996405,79.858939,,India;Uttarakhand;Bageshwar
351,Sitarganj,IN-UT,29.041948,79.470845,,India;Uttarakhand;Udham Singh Nagar
331,Someshwar,IN-UT,29.690751,79.504039,,India;Uttarakhand;Almora
306,Srinagar,IN-UT,29.879961,78.763766,,India;Uttarakhand;Pauri Garhwal
327,Sult,IN-UT,29.690751,79.504039,,India;Uttarakhand;Almora
6330,Syalde,IN-UT,29.690751,79.504039,,India;Uttarakhand;Almora
297,Tehri,IN-UT,30.436550,78.535529,,India;Uttarakhand;Tehri Garhwal
55,Tehri Garhwal,IN-UT,30.436550,78.535529,,India;Uttarakhand
6357,Tejam,IN-UT,30.113997,80.345565,,India;Uttarakhand;Pithoragarh
308,Thailisain,IN-UT,29.879961,78.763766,,India;Uttarakhand;Pauri Garhwal
6359,Thal,IN-UT,30.113997,80.345565,,India;Uttarakhand;Pithoragarh
288,Tharali,IN-UT,30.495149,79.577047,,India;Uttarakhand;Chamoli
301,Tyuni,IN-UT,30.472166,77.967550,,India;Uttarakhand;Dehradun
56,Udham Singh Nagar,IN-UT,29.041948,79.470845,,India;Uttarakhand
290,Ukhimath,IN-UT,30.506914,79.052455,,India;Uttarakhand;Rudraprayag
57,Uttarkashi,IN-UT,30.971870,78.607019,,India;Uttarakhand
303,Vikas Nagar,IN-UT,30.472166,77.967550,,India;Uttarakhand;Dehradun
314,Yamkeshwar,IN-UT,29.879961,78.763766,,India;Uttarakhand;Pauri Garhwal
664,Alipurduar,IN-WB,26.632685,89.463034,,India;West Bengal
2173,Alipurduar - I,IN-WB,26.632685,89.463034,,India;West Bengal;Alipurduar
2174,Alipurduar - II,IN-WB,26.632685,89.463034,,India;West Bengal;Alipurduar
2322,Amdanga,IN-WB,22.727142,88.730133,,India;West Bengal;North 24 Parganas
2400,Amta - I,IN-WB,22.521490,88.063397,,India;West Bengal;Howrah
2399,Amta - II,IN-WB,22.521490,88.063397,,India;West Bengal;Howrah
2272,Andal,IN-WB,23.636453,87.199152,,India;West Bengal;Paschim Bardhaman
2340,Arambag,IN-WB,22.884920,88.076193,,India;West Bengal;Hooghly
2389,Arsha,IN-WB,23.276707,86.421546,,India;West Bengal;Purulia
2277,Ausgram - I,IN-WB,23.356167,87.963711,,India;West Bengal;Purba Bardhaman
2276,Ausgram - II,IN-WB,23.356167,87.963711,,India;West Bengal;Purba Bardhaman
2328,Baduria,IN-WB,22.727142,88.730133,,India;West Bengal;North 24 Parganas
2316,Bagda,IN-WB,22.727142,88.730133,,India;West Bengal;North 24 Parganas
2392,Bagmundi,IN-WB,23.276707,86.421546,,India;West Bengal;Purulia
2408,Bagnan - I,IN-WB,22.521490,88.063397,,India;West Bengal;Howrah
2409,Bagnan - II,IN-WB,22.521490,88.063397,,India;West Bengal;Howrah
2345,Balagarh,IN-WB,22.884920,88.076193,,India;West Bengal;Hooghly
2393,Balarampur,IN-WB,23.276707,86.421546,,India;West Bengal;Purulia
2403,Bally Jagachha,IN-WB,22.521490,88.063397,,India;West Bengal;Howrah
2204,Balurghat,IN-WB,25.367223,88.575495,,India;West Bengal;Dakshin Dinajpur
2215,Bamangola,IN-WB,25.136916,88.090580,,India;West Bengal;Malda
7118,Banarhat,IN-WB,26.682626,88.763845,,India;West Bengal;Jalpaiguri
305,Bankura,IN-WB,23.139199,87.136273,,India;West Bengal
2361,Bankura - I,IN-WB,23.139199,87.136273,,India;West Bengal;Bankura
2362,Bankura - II,IN-WB,23.139199,87.136273,,India;West Bengal;Bankura
2206,Bansihari,IN-WB,25.367223,88.575495,,India;West Bengal;Dakshin Dinajpur
2269,Barabani,IN-WB,23.636453,87.199152,,India;West Bengal;Paschim Bardhaman
2394,Barabazar,IN-WB,23.276707,86.421546,,India;West Bengal;Purulia
2325,Barasat - I,IN-WB,22.727142,88.730133,,India;West Bengal;North 24 Parganas
2326,Barasat - II,IN-WB,22.727142,88.730133,,India;West Bengal;North 24 Parganas
2363,Barjora,IN-WB,23.139199,87.136273,,India;West Bengal;Bankura
2323,Barrackpur - I,IN-WB,22.727142,88.730133,,India;West Bengal;North 24 Parganas
2324,Barrackpur - II,IN-WB,22.727142,88.730133,,India;West Bengal;North 24 Parganas
2422,Baruipur,IN-WB,22.057938,88.552900,,India;West Bengal;South 24 Parganas
2434,Basanti,IN-WB,22.057938,88.552900,,India;West Bengal;South 24 Parganas
2329,Basirhat - I,IN-WB,22.727142,88.730133,,India;West Bengal;North 24 Parganas
2330,Basirhat - II,IN-WB,22.727142,88.730133,,India;West Bengal;North 24 Parganas
2244,Beldanga - I,IN-WB,24.162777,88.230649,,India;West Bengal;Murshidabad
2245,Beldanga - II,IN-WB,24.162777,88.230649,,India;West Bengal;Murshidabad
2241,Berhampore,IN-WB,24.162777,88.230649,,India;West Bengal;Murshidabad
2231,Bhagawangola - I,IN-WB,24.162777,88.230649,,India;West Bengal;Murshidabad
2232,Bhagawangola - II,IN-WB,24.162777,88.230649,,India;West Bengal;Murshidabad
2480,Bhagawanpur - I,IN-WB,22.031560,87.772887,,India;West Bengal;Purba Medinipur
2479,Bhagawanpur - II,IN-WB,22.031560,87.772887,,India;West Bengal;Purba Medinipur
2418,Bhangar - I,IN-WB,22.057938,88.552900,,India;West Bengal;South 24 Parganas
2419,Bhangar - II,IN-WB,22.057938,88.552900,,India;West Bengal;South 24 Parganas
2247,Bharatpur - I,IN-WB,24.162777,88.230649,,India;West Bengal;Murshidabad
2246,Bharatpur - II,IN-WB,24.162777,88.230649,,India;West Bengal;Murshidabad
2286,Bhatar,IN-WB,23.356167,87.963711,,India;West Bengal;Purba Bardhaman
2442,Binpur - I,IN-WB,22.363242,86.955347,,India;West Bengal;Jhargram
2441,Binpur - II,IN-WB,22.363242,86.955347,,India;West Bengal;Jhargram
307,Birbhum,IN-WB,23.954375,87.663303,,India;West Bengal
2415,Bishnupur - I,IN-WB,22.057938,88.552900,,India;West Bengal;South 24 Parganas
2416,Bishnupur - II,IN-WB,22.057938,88.552900,,India;West Bengal;South 24 Parganas
2264,Bolpur Sriniketan,IN-WB,23.954375,87.663303,,India;West Bengal;Birbhum
2317,Bongaon,IN-WB,22.727142,88.730133,,India;West Bengal;North 24 Parganas
2413,Budge Budge - I,IN-WB,22.057938,88.552900,,India;West Bengal;South 24 Parganas
2414,Budge Budge - II,IN-WB,22.057938,88.552900,,India;West Bengal;South 24 Parganas
2397,Bundwan,IN-WB,23.276707,86.421546,,India;West Bengal;Purulia
2289,Burdwan - I,IN-WB,23.356167,87.963711,,India;West Bengal;Purba Bardhaman
2290,Burdwan - II,IN-WB,23.356167,87.963711,,India;West Bengal;Purba Bardhaman
2248,Burwan,IN-WB,24.162777,88.230649,,India;West Bengal;Murshidabad
2420,Canning - I,IN-WB,22.057938,88.552900,,India;West Bengal;South 24 Parganas
2421,Canning - II,IN-WB,22.057938,88.552900,,India;West Bengal;South 24 Parganas
2314,Chakdah,IN-WB,23.479814,88.516695,,India;West Bengal;Nadia
2210,Chanchal - I,IN-WB,25.136916,88.090580,,India;West Bengal;Malda
2211,Chanchal - II,IN-WB,25.136916,88.090580,,India;West Bengal;Malda
2481,Chandipur,IN-WB,22.031560,87.772887,,India;West Bengal;Purba Medinipur
2351,Chanditala - I,IN-WB,22.884920,88.076193,,India;West Bengal;Hooghly
2352,Chanditala - II,IN-WB,22.884920,88.076193,,India;West Bengal;Hooghly
2446,Chandrakona - I,IN-WB,22.439193,87.417304,,India;West Bengal;Paschim Medinipur
2447,Chandrakona - II,IN-WB,22.439193,87.417304,,India;West Bengal;Paschim Medinipur
2305,Chapra,IN-WB,23.479814,88.516695,,India;West Bengal;Nadia
2359,Chhatna,IN-WB,23.139199,87.136273,,India;West Bengal;Bankura
2346,Chinsurah - Magra,IN-WB,22.884920,88.076193,,India;West Bengal;Hooghly
2191,Chopra,IN-WB,25.845938,88.106307,,India;West Bengal;Uttar Dinajpur
2488,Contai - I,IN-WB,22.031560,87.772887,,India;West Bengal;Purba Medinipur
2490,Contai - III,IN-WB,22.031560,87.772887,,India;West Bengal;Purba Medinipur
308,Cooch Behar,IN-WB,26.292614,89.347816,,India;West Bengal
2183,Cooch Behar - I,IN-WB,26.292614,89.347816,,India;West Bengal;Cooch Behar
2184,Cooch Behar - II,IN-WB,26.292614,89.347816,,India;West Bengal;Cooch Behar
310,Dakshin Dinajpur,IN-WB,25.367223,88.575495,,India;West Bengal
2467,Dantan - I,IN-WB,22.439193,87.417304,,India;West Bengal;Paschim Medinipur
2468,Dantan - II,IN-WB,22.439193,87.417304,,India;West Bengal;Paschim Medinipur
309,Darjeeling,IN-WB,26.850567,88.262039,,India;West Bengal
2154,Darjeeling Pulbazar,IN-WB,26.850567,88.262039,,India;West Bengal;Darjeeling
2449,Daspur - I,IN-WB,22.439193,87.417304,,India;West Bengal;Paschim Medinipur
2450,Daspur - II,IN-WB,22.439193,87.417304,,India;West Bengal;Paschim Medinipur
2462,Debra,IN-WB,22.439193,87.417304,,India;West Bengal;Paschim Medinipur
2327,Deganga,IN-WB,22.727142,88.730133,,India;West Bengal;North 24 Parganas
2489,Deshopran,IN-WB,22.031560,87.772887,,India;West Bengal;Purba Medinipur
2343,Dhaniakhali,IN-WB,22.884920,88.076193,,India;West Bengal;Hooghly
2176,Dhupguri,IN-WB,26.682626,88.763845,,India;West Bengal;Jalpaiguri
2426,Diamond Harbour - I,IN-WB,22.057938,88.552900,,India;West Bengal;South 24 Parganas
2427,Diamond Harbour - II,IN-WB,22.057938,88.552900,,India;West Bengal;South 24 Parganas
2187,Dinhata - I,IN-WB,26.292614,89.347816,,India;West Bengal;Cooch Behar
2188,Dinhata - II,IN-WB,26.292614,89.347816,,India;West Bengal;Cooch Behar
2402,Domjur,IN-WB,22.521490,88.063397,,India;West Bengal;Howrah
2235,Domkal,IN-WB,24.162777,88.230649,,India;West Bengal;Murshidabad
2266,Dubrajpur,IN-WB,23.954375,87.663303,,India;West Bengal;Birbhum
2274,Durgapur Faridpur,IN-WB,23.636453,87.199152,,India;West Bengal;Paschim Bardhaman
2491,Egra - I,IN-WB,22.031560,87.772887,,India;West Bengal;Purba Medinipur
2492,Egra - II,IN-WB,22.031560,87.772887,,India;West Bengal;Purba Medinipur
2218,English Bazar,IN-WB,25.136916,88.090580,,India;West Bengal;Malda
2175,Falakata,IN-WB,26.632685,89.463034,,India;West Bengal;Alipurduar
2425,Falta,IN-WB,22.057938,88.552900,,India;West Bengal;South 24 Parganas
2223,Farakka,IN-WB,24.162777,88.230649,,India;West Bengal;Murshidabad
2318,Gaighata,IN-WB,22.727142,88.730133,,India;West Bengal;North 24 Parganas
2287,Galsi - I,IN-WB,23.356167,87.963711,,India;West Bengal;Purba Bardhaman
2288,Galsi - II,IN-WB,23.356167,87.963711,,India;West Bengal;Purba Bardhaman
2358,Gangajalghati,IN-WB,23.139199,87.136273,,India;West Bengal;Bankura
2201,Gangarampur,IN-WB,25.367223,88.575495,,India;West Bengal;Dakshin Dinajpur
2444,Garbeta - I,IN-WB,22.439193,87.417304,,India;West Bengal;Paschim Medinipur
2443,Garbeta - II,IN-WB,22.439193,87.417304,,India;West Bengal;Paschim Medinipur
2445,Garbeta - III,IN-WB,22.439193,87.417304,,India;West Bengal;Paschim Medinipur
2214,Gazole,IN-WB,25.136916,88.090580,,India;West Bengal;Malda
2448,Ghatal,IN-WB,22.439193,87.417304,,India;West Bengal;Paschim Medinipur
2193,Goalpokher - I,IN-WB,25.845938,88.106307,,India;West Bengal;Uttar Dinajpur
2194,Goalpokher - II,IN-WB,25.845938,88.106307,,India;West Bengal;Uttar Dinajpur
2338,Goghat - I,IN-WB,22.884920,88.076193,,India;West Bengal;Hooghly
2339,Goghat - II,IN-WB,22.884920,88.076193,,India;West Bengal;Hooghly
2457,Gopiballavpur - I,IN-WB,22.363242,86.955347,,India;West Bengal;Jhargram
2456,Gopiballavpur - II,IN-WB,22.363242,86.955347,,India;West Bengal;Jhargram
2158,Gorubathan,IN-WB,27.034545,88.630890,,India;West Bengal;Kalimpong
2435,Gosaba,IN-WB,22.057938,88.552900,,India;West Bengal;South 24 Parganas
2216,Habibpur,IN-WB,25.136916,88.090580,,India;West Bengal;Malda
2320,Habra - I,IN-WB,22.727142,88.730133,,India;West Bengal;North 24 Parganas
2321,Habra - II,IN-WB,22.727142,88.730133,,India;West Bengal;North 24 Parganas
2483,Haldia,IN-WB,22.031560,87.772887,,India;West Bengal;Purba Medinipur
2179,Haldibari,IN-WB,26.292614,89.347816,,India;West Bengal;Cooch Behar
2310,Hanskhali,IN-WB,23.479814,88.516695,,India;West Bengal;Nadia
2242,Hariharpara,IN-WB,24.162777,88.230649,,India;West Bengal;Murshidabad
2315,Haringhata,IN-WB,23.479814,88.516695,,India;West Bengal;Nadia
2348,Haripal,IN-WB,22.884920,88.076193,,India;West Bengal;Hooghly
2207,Harirampur,IN-WB,25.367223,88.575495,,India;West Bengal;Dakshin Dinajpur
2208,Harischandrapur - I,IN-WB,25.136916,88.090580,,India;West Bengal;Malda
2209,Harischandrapur - II,IN-WB,25.136916,88.090580,,India;West Bengal;Malda
2331,Haroa,IN-WB,22.727142,88.730133,,India;West Bengal;North 24 Parganas
2336,Hasnabad,IN-WB,22.727142,88.730133,,India;West Bengal;North 24 Parganas
2197,Hemtabad,IN-WB,25.845938,88.106307,,India;West Bengal;Uttar Dinajpur
2203,Hilli,IN-WB,25.367223,88.575495,,India;West Bengal;Dakshin Dinajpur
2337,Hingalganj,IN-WB,22.727142,88.730133,,India;West Bengal;North 24 Parganas
2374,Hirbandh,IN-WB,23.139199,87.136273,,India;West Bengal;Bankura
312,Hooghly,IN-WB,22.884920,88.076193,,India;West Bengal
313,Howrah,IN-WB,22.521490,88.063397,,India;West Bengal
2386,Hura,IN-WB,23.276707,86.421546,,India;West Bengal;Purulia
2265,Illambazar,IN-WB,23.954375,87.663303,,India;West Bengal;Birbhum
2360,Indpur,IN-WB,23.139199,87.136273,,India;West Bengal;Bankura
2366,Indus,IN-WB,23.139199,87.136273,,India;West Bengal;Bankura
2192,Islampur,IN-WB,25.845938,88.106307,,India;West Bengal;Uttar Dinajpur
2199,Itahar,IN-WB,25.845938,88.106307,,India;West Bengal;Uttar Dinajpur
2401,Jagatballavpur,IN-WB,22.521490,88.063397,,India;West Bengal;Howrah
2378,Jaipur,IN-WB,23.276707,86.421546,,India;West Bengal;Purulia
2234,Jalangi,IN-WB,24.162777,88.230649,,India;West Bengal;Murshidabad
314,Jalpaiguri,IN-WB,26.682626,88.763845,,India;West Bengal
2178,Jalpaiguri,IN-WB,26.682626,88.763845,,India;West Bengal;Jalpaiguri
2295,Jamalpur,IN-WB,23.356167,87.963711,,India;West Bengal;Purba Bardhaman
2455,Jamboni,IN-WB,22.363242,86.955347,,India;West Bengal;Jhargram
2270,Jamuria,IN-WB,23.636453,87.199152,,India;West Bengal;Paschim Bardhaman
2353,Jangipara,IN-WB,22.884920,88.076193,,India;West Bengal;Hooghly
2431,Jaynagar - I,IN-WB,22.057938,88.552900,,India;West Bengal;South 24 Parganas
2432,Jaynagar - II,IN-WB,22.057938,88.552900,,India;West Bengal;South 24 Parganas
2368,Jaypur,IN-WB,23.139199,87.136273,,India;West Bengal;Bankura
2390,Jhalda - I,IN-WB,23.276707,86.421546,,India;West Bengal;Purulia
2391,Jhalda - II,IN-WB,23.276707,86.421546,,India;West Bengal;Purulia
703,Jhargram,IN-WB,22.363242,86.955347,,India;West Bengal
2454,Jhargram,IN-WB,22.363242,86.955347,,India;West Bengal;Jhargram
2159,Jorebunglow Sukiapokhri,IN-WB,26.850567,88.262039,,India;West Bengal;Darjeeling
2437,Kakdwip,IN-WB,22.057938,88.552900,,India;West Bengal;South 24 Parganas
2171,Kalchini,IN-WB,26.632685,89.463034,,India;West Bengal;Alipurduar
2220,Kaliachak - I,IN-WB,25.136916,88.090580,,India;West Bengal;Malda
2221,Kaliachak - II,IN-WB,25.136916,88.090580,,India;West Bengal;Malda
2222,Kaliachak - III,IN-WB,25.136916,88.090580,,India;West Bengal;Malda
2198,Kaliaganj,IN-WB,25.845938,88.106307,,India;West Bengal;Uttar Dinajpur
2303,Kaliganj,IN-WB,23.479814,88.516695,,India;West Bengal;Nadia
702,Kalimpong,IN-WB,27.034545,88.630890,,India;West Bengal
2156,Kalimpong -I,IN-WB,27.034545,88.630890,,India;West Bengal;Kalimpong
2293,Kalna - I,IN-WB,23.356167,87.963711,,India;West Bengal;Purba Bardhaman
2294,Kalna - II,IN-WB,23.356167,87.963711,,India;West Bengal;Purba Bardhaman
6966,Kalyani,IN-WB,23.479814,88.516695,,India;West Bengal;Nadia
2240,Kandi,IN-WB,24.162777,88.230649,,India;West Bengal;Murshidabad
2275,Kanksa,IN-WB,23.636453,87.199152,,India;West Bengal;Paschim Bardhaman
2195,Karandighi,IN-WB,25.845938,88.106307,,India;West Bengal;Uttar Dinajpur
2299,Karimpur - I,IN-WB,23.479814,88.516695,,India;West Bengal;Nadia
2300,Karimpur - II,IN-WB,23.479814,88.516695,,India;West Bengal;Nadia
2385,Kashipur,IN-WB,23.276707,86.421546,,India;West Bengal;Purulia
2281,Katwa - I,IN-WB,23.356167,87.963711,,India;West Bengal;Purba Bardhaman
2282,Katwa - II,IN-WB,23.356167,87.963711,,India;West Bengal;Purba Bardhaman
2466,Keshiary,IN-WB,22.439193,87.417304,,India;West Bengal;Paschim Medinipur
2451,Keshpur,IN-WB,22.439193,87.417304,,India;West Bengal;Paschim Medinipur
2279,Ketugram - I,IN-WB,23.356167,87.963711,,India;West Bengal;Purba Bardhaman
2280,Ketugram - II,IN-WB,23.356167,87.963711,,India;West Bengal;Purba Bardhaman
2354,Khanakul - I,IN-WB,22.884920,88.076193,,India;West Bengal;Hooghly
2355,Khanakul - II,IN-WB,22.884920,88.076193,,India;West Bengal;Hooghly
2297,Khandaghosh,IN-WB,23.356167,87.963711,,India;West Bengal;Purba Bardhaman
2460,Kharagpur - I,IN-WB,22.439193,87.417304,,India;West Bengal;Paschim Medinipur
2461,Kharagpur - II,IN-WB,22.439193,87.417304,,India;West Bengal;Paschim Medinipur
2239,Khargram,IN-WB,24.162777,88.230649,,India;West Bengal;Murshidabad
2165,Kharibari,IN-WB,26.850567,88.262039,,India;West Bengal;Darjeeling
2373,Khatra,IN-WB,23.139199,87.136273,,India;West Bengal;Bankura
2486,Khejuri - I,IN-WB,22.031560,87.772887,,India;West Bengal;Purba Medinipur
2487,Khejuri - II,IN-WB,22.031560,87.772887,,India;West Bengal;Purba Medinipur
2267,Khoyrasol,IN-WB,23.954375,87.663303,,India;West Bengal;Birbhum
2471,Kolaghat,IN-WB,22.031560,87.772887,,India;West Bengal;Purba Medinipur
315,Kolkata,IN-WB,22.526744,88.356008,Calcutta,India;West Bengal
2367,Kotulpur,IN-WB,23.139199,87.136273,,India;West Bengal;Bankura
7119,Kranti,IN-WB,26.682626,88.763845,,India;West Bengal;Jalpaiguri
2309,Krishnaganj,IN-WB,23.479814,88.516695,,India;West Bengal;Nadia
2308,Krishnagar - I,IN-WB,23.479814,88.516695,,India;West Bengal;Nadia
2306,Krishnagar - II,IN-WB,23.479814,88.516695,,India;West Bengal;Nadia
2428,Kulpi,IN-WB,22.057938,88.552900,,India;West Bengal;South 24 Parganas
2433,Kultali,IN-WB,22.057938,88.552900,,India;West Bengal;South 24 Parganas
2202,Kumarganj,IN-WB,25.367223,88.575495,,India;West Bengal;Dakshin Dinajpur
2172,Kumargram,IN-WB,26.632685,89.463034,,India;West Bengal;Alipurduar
2161,Kurseong,IN-WB,26.850567,88.262039,,India;West Bengal;Darjeeling
2200,Kushmundi,IN-WB,25.367223,88.575495,,India;West Bengal;Dakshin Dinajpur
2262,Labpur,IN-WB,23.954375,87.663303,,India;West Bengal;Birbhum
2229,Lalgola,IN-WB,24.162777,88.230649,,India;West Bengal;Murshidabad
2157,Lava,IN-WB,27.034545,88.630890,,India;West Bengal;Kalimpong
7050,Lavaold,IN-WB,27.034545,88.630890,,India;West Bengal;Kalimpong
2170,Madarihat,IN-WB,26.632685,89.463034,,India;West Bengal;Alipurduar
2424,Magrahat - I,IN-WB,22.057938,88.552900,,India;West Bengal;South 24 Parganas
2423,Magrahat - II,IN-WB,22.057938,88.552900,,India;West Bengal;South 24 Parganas
2475,Mahisadal,IN-WB,22.031560,87.772887,,India;West Bengal;Purba Medinipur
2167,Mal,IN-WB,26.682626,88.763845,,India;West Bengal;Jalpaiguri
316,Malda,IN-WB,25.136916,88.090580,,India;West Bengal
2217,Maldah (Old),IN-WB,25.136916,88.090580,,India;West Bengal;Malda
2395,Manbazar - I,IN-WB,23.276707,86.421546,,India;West Bengal;Purulia
2396,Manbazar - II,IN-WB,23.276707,86.421546,,India;West Bengal;Purulia
2429,Mandirbazar,IN-WB,22.057938,88.552900,,India;West Bengal;South 24 Parganas
2278,Mangolkote,IN-WB,23.356167,87.963711,,India;West Bengal;Purba Bardhaman
2219,Manikchak,IN-WB,25.136916,88.090580,,India;West Bengal;Malda
2285,Manteswar,IN-WB,23.356167,87.963711,,India;West Bengal;Purba Bardhaman
2181,Mathabhanga - I,IN-WB,26.292614,89.347816,,India;West Bengal;Cooch Behar
2182,Mathabhanga-II,IN-WB,26.292614,89.347816,,India;West Bengal;Cooch Behar
2430,Mathurapur - I,IN-WB,22.057938,88.552900,,India;West Bengal;South 24 Parganas
2436,Mathurapur - II,IN-WB,22.057938,88.552900,,India;West Bengal;South 24 Parganas
2168,Matiali,IN-WB,26.682626,88.763845,,India;West Bengal;Jalpaiguri
2162,Matigara,IN-WB,26.850567,88.262039,,India;West Bengal;Darjeeling
2177,Maynaguri,IN-WB,26.682626,88.763845,,India;West Bengal;Jalpaiguri
2255,Mayureswar - I,IN-WB,23.954375,87.663303,,India;West Bengal;Birbhum
2256,Mayureswar - II,IN-WB,23.954375,87.663303,,India;West Bengal;Birbhum
2357,Mejhia,IN-WB,23.139199,87.136273,,India;West Bengal;Bankura
2180,Mekliganj,IN-WB,26.292614,89.347816,,India;West Bengal;Cooch Behar
2291,Memari - I,IN-WB,23.356167,87.963711,,India;West Bengal;Purba Bardhaman
2292,Memari - II,IN-WB,23.356167,87.963711,,India;West Bengal;Purba Bardhaman
2453,Midnapore,IN-WB,22.439193,87.417304,,India;West Bengal;Paschim Medinipur
2333,Minakhan,IN-WB,22.727142,88.730133,,India;West Bengal;North 24 Parganas
2160,Mirik,IN-WB,26.850567,88.262039,,India;West Bengal;Darjeeling
2257,Mohammad Bazar,IN-WB,23.954375,87.663303,,India;West Bengal;Birbhum
2469,Mohanpur,IN-WB,22.439193,87.417304,,India;West Bengal;Paschim Medinipur
2476,Moyna,IN-WB,22.031560,87.772887,,India;West Bengal;Purba Medinipur
2249,Murarai - I,IN-WB,23.954375,87.663303,,India;West Bengal;Birbhum
2250,Murarai - II,IN-WB,23.954375,87.663303,,India;West Bengal;Birbhum
319,Murshidabad,IN-WB,24.162777,88.230649,,India;West Bengal
2237,Murshidabad Jiaganj,IN-WB,24.162777,88.230649,,India;West Bengal;Murshidabad
2307,Nabadwip,IN-WB,23.479814,88.516695,,India;West Bengal;Nadia
2238,Nabagram,IN-WB,24.162777,88.230649,,India;West Bengal;Murshidabad
320,Nadia,IN-WB,23.479814,88.516695,,India;West Bengal
2169,Nagrakata,IN-WB,26.682626,88.763845,,India;West Bengal;Jalpaiguri
2304,Nakashipara,IN-WB,23.479814,88.516695,,India;West Bengal;Nadia
2251,Nalhati - I,IN-WB,23.954375,87.663303,,India;West Bengal;Birbhum
2252,Nalhati - II,IN-WB,23.954375,87.663303,,India;West Bengal;Birbhum
2439,Namkhana,IN-WB,22.057938,88.552900,,India;West Bengal;South 24 Parganas
2474,Nanda Kumar,IN-WB,22.031560,87.772887,,India;West Bengal;Purba Medinipur
2484,Nandigram - I,IN-WB,22.031560,87.772887,,India;West Bengal;Purba Medinipur
2485,Nandigram - II,IN-WB,22.031560,87.772887,,India;West Bengal;Purba Medinipur
2263,Nanoor,IN-WB,23.954375,87.663303,,India;West Bengal;Birbhum
2465,Narayangarh,IN-WB,22.439193,87.417304,,India;West Bengal;Paschim Medinipur
2243,Nawda,IN-WB,24.162777,88.230649,,India;West Bengal;Murshidabad
2163,Naxalbari,IN-WB,26.850567,88.262039,,India;West Bengal;Darjeeling
2458,Nayagram,IN-WB,22.363242,86.955347,,India;West Bengal;Jhargram
2383,Neturia,IN-WB,23.276707,86.421546,,India;West Bengal;Purulia
303,North 24 Parganas,IN-WB,22.727142,88.730133,,India;West Bengal
2370,Onda,IN-WB,23.139199,87.136273,,India;West Bengal;Bankura
2405,Panchla,IN-WB,22.521490,88.063397,,India;West Bengal;Howrah
2273,Pandabeswar,IN-WB,23.636453,87.199152,,India;West Bengal;Paschim Bardhaman
2344,Pandua,IN-WB,22.884920,88.076193,,India;West Bengal;Hooghly
2470,Panskura,IN-WB,22.031560,87.772887,,India;West Bengal;Purba Medinipur
2380,Para,IN-WB,23.276707,86.421546,,India;West Bengal;Purulia
704,Paschim Bardhaman,IN-WB,23.636453,87.199152,,India;West Bengal
318,Paschim Medinipur,IN-WB,22.439193,87.417304,,India;West Bengal
2440,Patharpratima,IN-WB,22.057938,88.552900,,India;West Bengal;South 24 Parganas
2365,Patrasayer,IN-WB,23.139199,87.136273,,India;West Bengal;Bankura
7051,Pedong,IN-WB,27.034545,88.630890,,India;West Bengal;Kalimpong
2164,Phansidewa,IN-WB,26.850567,88.262039,,India;West Bengal;Darjeeling
2463,Pingla,IN-WB,22.439193,87.417304,,India;West Bengal;Paschim Medinipur
2347,Polba - Dadpur,IN-WB,22.884920,88.076193,,India;West Bengal;Hooghly
2477,Potashpur - I,IN-WB,22.031560,87.772887,,India;West Bengal;Purba Medinipur
2478,Potashpur - II,IN-WB,22.031560,87.772887,,India;West Bengal;Purba Medinipur
2388,Puncha,IN-WB,23.276707,86.421546,,India;West Bengal;Purulia
306,Purba Bardhaman,IN-WB,23.356167,87.963711,,India;West Bengal
317,Purba Medinipur,IN-WB,22.031560,87.772887,,India;West Bengal
2283,Purbasthali - I,IN-WB,23.356167,87.963711,,India;West Bengal;Purba Bardhaman
2284,Purbasthali - II,IN-WB,23.356167,87.963711,,India;West Bengal;Purba Bardhaman
2341,Pursura,IN-WB,22.884920,88.076193,,India;West Bengal;Hooghly
321,Purulia,IN-WB,23.276707,86.421546,,India;West Bengal
2387,Purulia - I,IN-WB,23.276707,86.421546,,India;West Bengal;Purulia
2379,Purulia - II,IN-WB,23.276707,86.421546,,India;West Bengal;Purulia
2227,Raghunathganj - I,IN-WB,24.162777,88.230649,,India;West Bengal;Murshidabad
2228,Raghunathganj - II,IN-WB,24.162777,88.230649,,India;West Bengal;Murshidabad
2382,Raghunathpur - I,IN-WB,23.276707,86.421546,,India;West Bengal;Purulia
2381,Raghunathpur - II,IN-WB,23.276707,86.421546,,India;West Bengal;Purulia
2196,Raiganj,IN-WB,25.845938,88.106307,,India;West Bengal;Uttar Dinajpur
2296,Raina - I,IN-WB,23.356167,87.963711,,India;West Bengal;Purba Bardhaman
2298,Raina - II,IN-WB,23.356167,87.963711,,India;West Bengal;Purba Bardhaman
2376,Raipur,IN-WB,23.139199,87.136273,,India;West Bengal;Bankura
2332,Rajarhat,IN-WB,22.727142,88.730133,,India;West Bengal;North 24 Parganas
2166,Rajganj,IN-WB,26.682626,88.763845,,India;West Bengal;Jalpaiguri
2258,Rajnagar,IN-WB,23.954375,87.663303,,India;West Bengal;Birbhum
2493,Ramnagar - I,IN-WB,22.031560,87.772887,,India;West Bengal;Purba Medinipur
2494,Ramnagar - II,IN-WB,22.031560,87.772887,,India;West Bengal;Purba Medinipur
2253,Rampurhat - I,IN-WB,23.954375,87.663303,,India;West Bengal;Birbhum
2254,Rampurhat - II,IN-WB,23.954375,87.663303,,India;West Bengal;Birbhum
2312,Ranaghat - I,IN-WB,23.479814,88.516695,,India;West Bengal;Nadia
2313,Ranaghat - II,IN-WB,23.479814,88.516695,,India;West Bengal;Nadia
2155,Rangli Rangliot,IN-WB,26.850567,88.262039,,India;West Bengal;Darjeeling
2375,Ranibandh,IN-WB,23.139199,87.136273,,India;West Bengal;Bankura
2271,Raniganj,IN-WB,23.636453,87.199152,,India;West Bengal;Paschim Bardhaman
2236,Raninagar - I,IN-WB,24.162777,88.230649,,India;West Bengal;Murshidabad
2233,Raninagar - II,IN-WB,24.162777,88.230649,,India;West Bengal;Murshidabad
2212,Ratua - I,IN-WB,25.136916,88.090580,,India;West Bengal;Malda
2213,Ratua - II,IN-WB,25.136916,88.090580,,India;West Bengal;Malda
2464,Sabang,IN-WB,22.439193,87.417304,,India;West Bengal;Paschim Medinipur
2438,Sagar,IN-WB,22.057938,88.552900,,India;West Bengal;South 24 Parganas
2230,Sagardighi,IN-WB,24.162777,88.230649,,India;West Bengal;Murshidabad
2473,Sahid Matangini,IN-WB,22.031560,87.772887,,India;West Bengal;Purba Medinipur
2261,Sainthia,IN-WB,23.954375,87.663303,,India;West Bengal;Birbhum
2268,Salanpur,IN-WB,23.636453,87.199152,,India;West Bengal;Paschim Bardhaman
2452,Salbani,IN-WB,22.439193,87.417304,,India;West Bengal;Paschim Medinipur
2356,Saltora,IN-WB,23.139199,87.136273,,India;West Bengal;Bankura
2224,Samserganj,IN-WB,24.162777,88.230649,,India;West Bengal;Murshidabad
2334,Sandeshkhali - I,IN-WB,22.727142,88.730133,,India;West Bengal;North 24 Parganas
2335,Sandeshkhali - II,IN-WB,22.727142,88.730133,,India;West Bengal;North 24 Parganas
2404,Sankrail,IN-WB,22.521490,88.063397,,India;West Bengal;Howrah
2459,Sankrail,IN-WB,22.363242,86.955347,,India;West Bengal;Jhargram
2311,Santipur,IN-WB,23.479814,88.516695,,India;West Bengal;Nadia
2384,Santuri,IN-WB,23.276707,86.421546,,India;West Bengal;Purulia
2377,Sarenga,IN-WB,23.139199,87.136273,,India;West Bengal;Bankura
2350,Serampur Uttarpara,IN-WB,22.884920,88.076193,,India;West Bengal;Hooghly
2410,Shyampur - I,IN-WB,22.521490,88.063397,,India;West Bengal;Howrah
2411,Shyampur - II,IN-WB,22.521490,88.063397,,India;West Bengal;Howrah
2372,Simlapal,IN-WB,23.139199,87.136273,,India;West Bengal;Bankura
2349,Singur,IN-WB,22.884920,88.076193,,India;West Bengal;Hooghly
2189,Sitai,IN-WB,26.292614,89.347816,,India;West Bengal;Cooch Behar
2190,Sitalkuchi,IN-WB,26.292614,89.347816,,India;West Bengal;Cooch Behar
2364,Sonamukhi,IN-WB,23.139199,87.136273,,India;West Bengal;Bankura
2417,Sonarpur,IN-WB,22.057938,88.552900,,India;West Bengal;South 24 Parganas
304,South 24 Parganas,IN-WB,22.057938,88.552900,,India;West Bengal
2259,Suri - I,IN-WB,23.954375,87.663303,,India;West Bengal;Birbhum
2260,Suri - II,IN-WB,23.954375,87.663303,,India;West Bengal;Birbhum
2482,Sutahata,IN-WB,22.031560,87.772887,,India;West Bengal;Purba Medinipur
2225,Suti - I,IN-WB,24.162777,88.230649,,India;West Bengal;Murshidabad
2226,Suti - II,IN-WB,24.162777,88.230649,,India;West Bengal;Murshidabad
2319,Swarupnagar,IN-WB,22.727142,88.730133,,India;West Bengal;North 24 Parganas
2371,Taldangra,IN-WB,23.139199,87.136273,,India;West Bengal;Bankura
2472,Tamluk,IN-WB,22.031560,87.772887,,India;West Bengal;Purba Medinipur
2205,Tapan,IN-WB,25.367223,88.575495,,India;West Bengal;Dakshin Dinajpur
2342,Tarakeswar,IN-WB,22.884920,88.076193,,India;West Bengal;Hooghly
2301,Tehatta - I,IN-WB,23.479814,88.516695,,India;West Bengal;Nadia
2302,Tehatta - II,IN-WB,23.479814,88.516695,,India;West Bengal;Nadia
2412,Thakurpukur Mahestola,IN-WB,22.057938,88.552900,,India;West Bengal;South 24 Parganas
2185,Tufanganj - I,IN-WB,26.292614,89.347816,,India;West Bengal;Cooch Behar
2186,Tufanganj - II,IN-WB,26.292614,89.347816,,India;West Bengal;Cooch Behar
2398,Udaynarayanpur,IN-WB,22.521490,88.063397,,India;West Bengal;Howrah
2407,Uluberia - I,IN-WB,22.521490,88.063397,,India;West Bengal;Howrah
2406,Uluberia - II,IN-WB,22.521490,88.063397,,India;West Bengal;Howrah
311,Uttar Dinajpur,IN-WB,25.845938,88.106307,,India;West Bengal
2369,Vishnupur,IN-WB,23.139199,87.136273,,India;West Bengal;Bankura
